ISO-10303-21;
HEADER;
/* Generated by software containing ST-Developer
 * from STEP Tools, Inc. (www.steptools.com) 
 */

FILE_DESCRIPTION(
/* description */ ('KiCad electronic assembly'),
/* implementation_level */ '2;1');

FILE_NAME(
/* name */ 'MacroPad-PCB.step',
/* time_stamp */ '2026-08-02T18:55:30-04:00',
/* author */ (''),
/* organization */ (''),
/* preprocessor_version */ 'ST-DEVELOPER v20.1',
/* originating_system */ 'Autodesk Translation Framework v15.8.0.0',
/* authorisation */ '');

FILE_SCHEMA (('AUTOMOTIVE_DESIGN { 1 0 10303 214 3 1 1 }'));
ENDSEC;

DATA;
#10=MECHANICAL_DESIGN_GEOMETRIC_PRESENTATION_REPRESENTATION('',(#21),#7121);
#11=ITEM_DEFINED_TRANSFORMATION($,$,#4356,#4685);
#12=ITEM_DEFINED_TRANSFORMATION($,$,#4355,#4686);
#13=(
REPRESENTATION_RELATIONSHIP($,$,#7136,#7135)
REPRESENTATION_RELATIONSHIP_WITH_TRANSFORMATION(#11)
SHAPE_REPRESENTATION_RELATIONSHIP()
);
#14=(
REPRESENTATION_RELATIONSHIP($,$,#7135,#7134)
REPRESENTATION_RELATIONSHIP_WITH_TRANSFORMATION(#12)
SHAPE_REPRESENTATION_RELATIONSHIP()
);
#15=CONTEXT_DEPENDENT_SHAPE_REPRESENTATION(#13,#7132);
#16=CONTEXT_DEPENDENT_SHAPE_REPRESENTATION(#14,#7133);
#17=NEXT_ASSEMBLY_USAGE_OCCURRENCE('top_case:1','top_case:1',
'top_case:1',#7139,#7140,'top_case:1');
#18=NEXT_ASSEMBLY_USAGE_OCCURRENCE('bottom_case:1','bottom_case:1',
'bottom_case:1',#7138,#7139,'bottom_case:1');
#19=SHAPE_REPRESENTATION_RELATIONSHIP('SRR','None',#7136,#20);
#20=ADVANCED_BREP_SHAPE_REPRESENTATION('',(#22),#7120);
#21=STYLED_ITEM('',(#7153),#22);
#22=MANIFOLD_SOLID_BREP('Body1',#4341);
#23=FACE_BOUND('',#623,.T.);
#24=FACE_BOUND('',#624,.T.);
#25=FACE_BOUND('',#625,.T.);
#26=FACE_BOUND('',#626,.T.);
#27=FACE_BOUND('',#627,.T.);
#28=FACE_BOUND('',#628,.T.);
#29=FACE_BOUND('',#629,.T.);
#30=FACE_BOUND('',#630,.T.);
#31=FACE_BOUND('',#631,.T.);
#32=FACE_BOUND('',#632,.T.);
#33=FACE_BOUND('',#633,.T.);
#34=FACE_BOUND('',#634,.T.);
#35=FACE_BOUND('',#635,.T.);
#36=FACE_BOUND('',#636,.T.);
#37=FACE_BOUND('',#637,.T.);
#38=FACE_BOUND('',#639,.T.);
#39=FACE_BOUND('',#640,.T.);
#40=FACE_BOUND('',#641,.T.);
#41=FACE_BOUND('',#642,.T.);
#42=FACE_BOUND('',#643,.T.);
#43=FACE_BOUND('',#644,.T.);
#44=FACE_BOUND('',#645,.T.);
#45=FACE_BOUND('',#646,.T.);
#46=FACE_BOUND('',#647,.T.);
#47=FACE_BOUND('',#648,.T.);
#48=FACE_BOUND('',#649,.T.);
#49=FACE_BOUND('',#650,.T.);
#50=FACE_BOUND('',#651,.T.);
#51=FACE_BOUND('',#652,.T.);
#52=FACE_BOUND('',#653,.T.);
#53=PLANE('',#4360);
#54=PLANE('',#4364);
#55=PLANE('',#4368);
#56=PLANE('',#4372);
#57=PLANE('',#4376);
#58=PLANE('',#4380);
#59=PLANE('',#4384);
#60=PLANE('',#4385);
#61=PLANE('',#4389);
#62=PLANE('',#4390);
#63=PLANE('',#4391);
#64=PLANE('',#4392);
#65=PLANE('',#4393);
#66=PLANE('',#4394);
#67=PLANE('',#4395);
#68=PLANE('',#4396);
#69=PLANE('',#4397);
#70=PLANE('',#4398);
#71=PLANE('',#4402);
#72=PLANE('',#4406);
#73=PLANE('',#4410);
#74=PLANE('',#4414);
#75=PLANE('',#4415);
#76=PLANE('',#4416);
#77=PLANE('',#4420);
#78=PLANE('',#4424);
#79=PLANE('',#4425);
#80=PLANE('',#4429);
#81=PLANE('',#4433);
#82=PLANE('',#4437);
#83=PLANE('',#4441);
#84=PLANE('',#4442);
#85=PLANE('',#4443);
#86=PLANE('',#4444);
#87=PLANE('',#4445);
#88=PLANE('',#4446);
#89=PLANE('',#4447);
#90=PLANE('',#4448);
#91=PLANE('',#4449);
#92=PLANE('',#4450);
#93=PLANE('',#4451);
#94=PLANE('',#4452);
#95=PLANE('',#4453);
#96=PLANE('',#4454);
#97=PLANE('',#4458);
#98=PLANE('',#4459);
#99=PLANE('',#4463);
#100=PLANE('',#4473);
#101=PLANE('',#4477);
#102=PLANE('',#4481);
#103=PLANE('',#4482);
#104=PLANE('',#4483);
#105=PLANE('',#4484);
#106=PLANE('',#4485);
#107=PLANE('',#4486);
#108=PLANE('',#4487);
#109=PLANE('',#4488);
#110=PLANE('',#4489);
#111=PLANE('',#4490);
#112=PLANE('',#4491);
#113=PLANE('',#4492);
#114=PLANE('',#4493);
#115=PLANE('',#4494);
#116=PLANE('',#4495);
#117=PLANE('',#4496);
#118=PLANE('',#4497);
#119=PLANE('',#4498);
#120=PLANE('',#4499);
#121=PLANE('',#4503);
#122=PLANE('',#4504);
#123=PLANE('',#4505);
#124=PLANE('',#4509);
#125=PLANE('',#4513);
#126=PLANE('',#4517);
#127=PLANE('',#4521);
#128=PLANE('',#4522);
#129=PLANE('',#4523);
#130=PLANE('',#4527);
#131=PLANE('',#4528);
#132=PLANE('',#4532);
#133=PLANE('',#4533);
#134=PLANE('',#4537);
#135=PLANE('',#4538);
#136=PLANE('',#4539);
#137=PLANE('',#4543);
#138=PLANE('',#4544);
#139=PLANE('',#4548);
#140=PLANE('',#4558);
#141=PLANE('',#4562);
#142=PLANE('',#4566);
#143=PLANE('',#4567);
#144=PLANE('',#4571);
#145=PLANE('',#4572);
#146=PLANE('',#4576);
#147=PLANE('',#4577);
#148=PLANE('',#4581);
#149=PLANE('',#4585);
#150=PLANE('',#4589);
#151=PLANE('',#4593);
#152=PLANE('',#4594);
#153=PLANE('',#4595);
#154=PLANE('',#4596);
#155=PLANE('',#4597);
#156=PLANE('',#4598);
#157=PLANE('',#4599);
#158=PLANE('',#4600);
#159=PLANE('',#4601);
#160=PLANE('',#4602);
#161=PLANE('',#4603);
#162=PLANE('',#4604);
#163=PLANE('',#4608);
#164=PLANE('',#4609);
#165=PLANE('',#4613);
#166=PLANE('',#4617);
#167=PLANE('',#4621);
#168=PLANE('',#4625);
#169=PLANE('',#4626);
#170=PLANE('',#4627);
#171=PLANE('',#4628);
#172=PLANE('',#4629);
#173=PLANE('',#4633);
#174=PLANE('',#4634);
#175=PLANE('',#4635);
#176=PLANE('',#4636);
#177=PLANE('',#4637);
#178=PLANE('',#4638);
#179=PLANE('',#4639);
#180=PLANE('',#4640);
#181=PLANE('',#4641);
#182=PLANE('',#4642);
#183=PLANE('',#4646);
#184=PLANE('',#4650);
#185=PLANE('',#4654);
#186=PLANE('',#4658);
#187=PLANE('',#4659);
#188=PLANE('',#4660);
#189=PLANE('',#4664);
#190=PLANE('',#4665);
#191=PLANE('',#4666);
#192=PLANE('',#4667);
#193=PLANE('',#4668);
#194=PLANE('',#4669);
#195=PLANE('',#4670);
#196=PLANE('',#4671);
#197=PLANE('',#4675);
#198=PLANE('',#4679);
#199=PLANE('',#4680);
#200=PLANE('',#4681);
#201=PLANE('',#4682);
#202=PLANE('',#4683);
#203=PLANE('',#4684);
#204=FACE_OUTER_BOUND('',#414,.T.);
#205=FACE_OUTER_BOUND('',#415,.T.);
#206=FACE_OUTER_BOUND('',#416,.T.);
#207=FACE_OUTER_BOUND('',#417,.T.);
#208=FACE_OUTER_BOUND('',#418,.T.);
#209=FACE_OUTER_BOUND('',#419,.T.);
#210=FACE_OUTER_BOUND('',#420,.T.);
#211=FACE_OUTER_BOUND('',#421,.T.);
#212=FACE_OUTER_BOUND('',#422,.T.);
#213=FACE_OUTER_BOUND('',#423,.T.);
#214=FACE_OUTER_BOUND('',#424,.T.);
#215=FACE_OUTER_BOUND('',#425,.T.);
#216=FACE_OUTER_BOUND('',#426,.T.);
#217=FACE_OUTER_BOUND('',#427,.T.);
#218=FACE_OUTER_BOUND('',#428,.T.);
#219=FACE_OUTER_BOUND('',#429,.T.);
#220=FACE_OUTER_BOUND('',#430,.T.);
#221=FACE_OUTER_BOUND('',#431,.T.);
#222=FACE_OUTER_BOUND('',#432,.T.);
#223=FACE_OUTER_BOUND('',#433,.T.);
#224=FACE_OUTER_BOUND('',#434,.T.);
#225=FACE_OUTER_BOUND('',#435,.T.);
#226=FACE_OUTER_BOUND('',#436,.T.);
#227=FACE_OUTER_BOUND('',#437,.T.);
#228=FACE_OUTER_BOUND('',#438,.T.);
#229=FACE_OUTER_BOUND('',#439,.T.);
#230=FACE_OUTER_BOUND('',#440,.T.);
#231=FACE_OUTER_BOUND('',#441,.T.);
#232=FACE_OUTER_BOUND('',#442,.T.);
#233=FACE_OUTER_BOUND('',#443,.T.);
#234=FACE_OUTER_BOUND('',#444,.T.);
#235=FACE_OUTER_BOUND('',#445,.T.);
#236=FACE_OUTER_BOUND('',#446,.T.);
#237=FACE_OUTER_BOUND('',#447,.T.);
#238=FACE_OUTER_BOUND('',#448,.T.);
#239=FACE_OUTER_BOUND('',#449,.T.);
#240=FACE_OUTER_BOUND('',#450,.T.);
#241=FACE_OUTER_BOUND('',#451,.T.);
#242=FACE_OUTER_BOUND('',#452,.T.);
#243=FACE_OUTER_BOUND('',#453,.T.);
#244=FACE_OUTER_BOUND('',#454,.T.);
#245=FACE_OUTER_BOUND('',#455,.T.);
#246=FACE_OUTER_BOUND('',#456,.T.);
#247=FACE_OUTER_BOUND('',#457,.T.);
#248=FACE_OUTER_BOUND('',#458,.T.);
#249=FACE_OUTER_BOUND('',#459,.T.);
#250=FACE_OUTER_BOUND('',#460,.T.);
#251=FACE_OUTER_BOUND('',#461,.T.);
#252=FACE_OUTER_BOUND('',#462,.T.);
#253=FACE_OUTER_BOUND('',#463,.T.);
#254=FACE_OUTER_BOUND('',#464,.T.);
#255=FACE_OUTER_BOUND('',#465,.T.);
#256=FACE_OUTER_BOUND('',#466,.T.);
#257=FACE_OUTER_BOUND('',#467,.T.);
#258=FACE_OUTER_BOUND('',#468,.T.);
#259=FACE_OUTER_BOUND('',#469,.T.);
#260=FACE_OUTER_BOUND('',#470,.T.);
#261=FACE_OUTER_BOUND('',#471,.T.);
#262=FACE_OUTER_BOUND('',#472,.T.);
#263=FACE_OUTER_BOUND('',#473,.T.);
#264=FACE_OUTER_BOUND('',#474,.T.);
#265=FACE_OUTER_BOUND('',#475,.T.);
#266=FACE_OUTER_BOUND('',#476,.T.);
#267=FACE_OUTER_BOUND('',#477,.T.);
#268=FACE_OUTER_BOUND('',#478,.T.);
#269=FACE_OUTER_BOUND('',#479,.T.);
#270=FACE_OUTER_BOUND('',#480,.T.);
#271=FACE_OUTER_BOUND('',#481,.T.);
#272=FACE_OUTER_BOUND('',#482,.T.);
#273=FACE_OUTER_BOUND('',#483,.T.);
#274=FACE_OUTER_BOUND('',#484,.T.);
#275=FACE_OUTER_BOUND('',#485,.T.);
#276=FACE_OUTER_BOUND('',#486,.T.);
#277=FACE_OUTER_BOUND('',#487,.T.);
#278=FACE_OUTER_BOUND('',#488,.T.);
#279=FACE_OUTER_BOUND('',#489,.T.);
#280=FACE_OUTER_BOUND('',#490,.T.);
#281=FACE_OUTER_BOUND('',#491,.T.);
#282=FACE_OUTER_BOUND('',#492,.T.);
#283=FACE_OUTER_BOUND('',#493,.T.);
#284=FACE_OUTER_BOUND('',#494,.T.);
#285=FACE_OUTER_BOUND('',#495,.T.);
#286=FACE_OUTER_BOUND('',#496,.T.);
#287=FACE_OUTER_BOUND('',#497,.T.);
#288=FACE_OUTER_BOUND('',#498,.T.);
#289=FACE_OUTER_BOUND('',#499,.T.);
#290=FACE_OUTER_BOUND('',#500,.T.);
#291=FACE_OUTER_BOUND('',#501,.T.);
#292=FACE_OUTER_BOUND('',#502,.T.);
#293=FACE_OUTER_BOUND('',#503,.T.);
#294=FACE_OUTER_BOUND('',#504,.T.);
#295=FACE_OUTER_BOUND('',#505,.T.);
#296=FACE_OUTER_BOUND('',#506,.T.);
#297=FACE_OUTER_BOUND('',#507,.T.);
#298=FACE_OUTER_BOUND('',#508,.T.);
#299=FACE_OUTER_BOUND('',#509,.T.);
#300=FACE_OUTER_BOUND('',#510,.T.);
#301=FACE_OUTER_BOUND('',#511,.T.);
#302=FACE_OUTER_BOUND('',#512,.T.);
#303=FACE_OUTER_BOUND('',#513,.T.);
#304=FACE_OUTER_BOUND('',#514,.T.);
#305=FACE_OUTER_BOUND('',#515,.T.);
#306=FACE_OUTER_BOUND('',#516,.T.);
#307=FACE_OUTER_BOUND('',#517,.T.);
#308=FACE_OUTER_BOUND('',#518,.T.);
#309=FACE_OUTER_BOUND('',#519,.T.);
#310=FACE_OUTER_BOUND('',#520,.T.);
#311=FACE_OUTER_BOUND('',#521,.T.);
#312=FACE_OUTER_BOUND('',#522,.T.);
#313=FACE_OUTER_BOUND('',#523,.T.);
#314=FACE_OUTER_BOUND('',#524,.T.);
#315=FACE_OUTER_BOUND('',#525,.T.);
#316=FACE_OUTER_BOUND('',#526,.T.);
#317=FACE_OUTER_BOUND('',#527,.T.);
#318=FACE_OUTER_BOUND('',#528,.T.);
#319=FACE_OUTER_BOUND('',#529,.T.);
#320=FACE_OUTER_BOUND('',#530,.T.);
#321=FACE_OUTER_BOUND('',#531,.T.);
#322=FACE_OUTER_BOUND('',#532,.T.);
#323=FACE_OUTER_BOUND('',#533,.T.);
#324=FACE_OUTER_BOUND('',#534,.T.);
#325=FACE_OUTER_BOUND('',#535,.T.);
#326=FACE_OUTER_BOUND('',#536,.T.);
#327=FACE_OUTER_BOUND('',#537,.T.);
#328=FACE_OUTER_BOUND('',#538,.T.);
#329=FACE_OUTER_BOUND('',#539,.T.);
#330=FACE_OUTER_BOUND('',#540,.T.);
#331=FACE_OUTER_BOUND('',#541,.T.);
#332=FACE_OUTER_BOUND('',#542,.T.);
#333=FACE_OUTER_BOUND('',#543,.T.);
#334=FACE_OUTER_BOUND('',#544,.T.);
#335=FACE_OUTER_BOUND('',#545,.T.);
#336=FACE_OUTER_BOUND('',#546,.T.);
#337=FACE_OUTER_BOUND('',#547,.T.);
#338=FACE_OUTER_BOUND('',#548,.T.);
#339=FACE_OUTER_BOUND('',#549,.T.);
#340=FACE_OUTER_BOUND('',#550,.T.);
#341=FACE_OUTER_BOUND('',#551,.T.);
#342=FACE_OUTER_BOUND('',#552,.T.);
#343=FACE_OUTER_BOUND('',#553,.T.);
#344=FACE_OUTER_BOUND('',#554,.T.);
#345=FACE_OUTER_BOUND('',#555,.T.);
#346=FACE_OUTER_BOUND('',#556,.T.);
#347=FACE_OUTER_BOUND('',#557,.T.);
#348=FACE_OUTER_BOUND('',#558,.T.);
#349=FACE_OUTER_BOUND('',#559,.T.);
#350=FACE_OUTER_BOUND('',#560,.T.);
#351=FACE_OUTER_BOUND('',#561,.T.);
#352=FACE_OUTER_BOUND('',#562,.T.);
#353=FACE_OUTER_BOUND('',#563,.T.);
#354=FACE_OUTER_BOUND('',#564,.T.);
#355=FACE_OUTER_BOUND('',#565,.T.);
#356=FACE_OUTER_BOUND('',#566,.T.);
#357=FACE_OUTER_BOUND('',#567,.T.);
#358=FACE_OUTER_BOUND('',#568,.T.);
#359=FACE_OUTER_BOUND('',#569,.T.);
#360=FACE_OUTER_BOUND('',#570,.T.);
#361=FACE_OUTER_BOUND('',#571,.T.);
#362=FACE_OUTER_BOUND('',#572,.T.);
#363=FACE_OUTER_BOUND('',#573,.T.);
#364=FACE_OUTER_BOUND('',#574,.T.);
#365=FACE_OUTER_BOUND('',#575,.T.);
#366=FACE_OUTER_BOUND('',#576,.T.);
#367=FACE_OUTER_BOUND('',#577,.T.);
#368=FACE_OUTER_BOUND('',#578,.T.);
#369=FACE_OUTER_BOUND('',#579,.T.);
#370=FACE_OUTER_BOUND('',#580,.T.);
#371=FACE_OUTER_BOUND('',#581,.T.);
#372=FACE_OUTER_BOUND('',#582,.T.);
#373=FACE_OUTER_BOUND('',#583,.T.);
#374=FACE_OUTER_BOUND('',#584,.T.);
#375=FACE_OUTER_BOUND('',#585,.T.);
#376=FACE_OUTER_BOUND('',#586,.T.);
#377=FACE_OUTER_BOUND('',#587,.T.);
#378=FACE_OUTER_BOUND('',#588,.T.);
#379=FACE_OUTER_BOUND('',#589,.T.);
#380=FACE_OUTER_BOUND('',#590,.T.);
#381=FACE_OUTER_BOUND('',#591,.T.);
#382=FACE_OUTER_BOUND('',#592,.T.);
#383=FACE_OUTER_BOUND('',#593,.T.);
#384=FACE_OUTER_BOUND('',#594,.T.);
#385=FACE_OUTER_BOUND('',#595,.T.);
#386=FACE_OUTER_BOUND('',#596,.T.);
#387=FACE_OUTER_BOUND('',#597,.T.);
#388=FACE_OUTER_BOUND('',#598,.T.);
#389=FACE_OUTER_BOUND('',#599,.T.);
#390=FACE_OUTER_BOUND('',#600,.T.);
#391=FACE_OUTER_BOUND('',#601,.T.);
#392=FACE_OUTER_BOUND('',#602,.T.);
#393=FACE_OUTER_BOUND('',#603,.T.);
#394=FACE_OUTER_BOUND('',#604,.T.);
#395=FACE_OUTER_BOUND('',#605,.T.);
#396=FACE_OUTER_BOUND('',#606,.T.);
#397=FACE_OUTER_BOUND('',#607,.T.);
#398=FACE_OUTER_BOUND('',#608,.T.);
#399=FACE_OUTER_BOUND('',#609,.T.);
#400=FACE_OUTER_BOUND('',#610,.T.);
#401=FACE_OUTER_BOUND('',#611,.T.);
#402=FACE_OUTER_BOUND('',#612,.T.);
#403=FACE_OUTER_BOUND('',#613,.T.);
#404=FACE_OUTER_BOUND('',#614,.T.);
#405=FACE_OUTER_BOUND('',#615,.T.);
#406=FACE_OUTER_BOUND('',#616,.T.);
#407=FACE_OUTER_BOUND('',#617,.T.);
#408=FACE_OUTER_BOUND('',#618,.T.);
#409=FACE_OUTER_BOUND('',#619,.T.);
#410=FACE_OUTER_BOUND('',#620,.T.);
#411=FACE_OUTER_BOUND('',#621,.T.);
#412=FACE_OUTER_BOUND('',#622,.T.);
#413=FACE_OUTER_BOUND('',#638,.T.);
#414=EDGE_LOOP('',(#2824,#2825,#2826,#2827));
#415=EDGE_LOOP('',(#2828,#2829,#2830,#2831));
#416=EDGE_LOOP('',(#2832,#2833,#2834,#2835));
#417=EDGE_LOOP('',(#2836,#2837,#2838,#2839));
#418=EDGE_LOOP('',(#2840,#2841,#2842,#2843));
#419=EDGE_LOOP('',(#2844,#2845,#2846,#2847));
#420=EDGE_LOOP('',(#2848,#2849,#2850,#2851));
#421=EDGE_LOOP('',(#2852,#2853,#2854,#2855));
#422=EDGE_LOOP('',(#2856,#2857,#2858,#2859));
#423=EDGE_LOOP('',(#2860,#2861,#2862,#2863));
#424=EDGE_LOOP('',(#2864,#2865,#2866,#2867));
#425=EDGE_LOOP('',(#2868,#2869,#2870,#2871));
#426=EDGE_LOOP('',(#2872,#2873,#2874,#2875));
#427=EDGE_LOOP('',(#2876,#2877,#2878,#2879));
#428=EDGE_LOOP('',(#2880,#2881,#2882,#2883));
#429=EDGE_LOOP('',(#2884,#2885,#2886,#2887));
#430=EDGE_LOOP('',(#2888,#2889,#2890,#2891));
#431=EDGE_LOOP('',(#2892,#2893,#2894,#2895));
#432=EDGE_LOOP('',(#2896,#2897,#2898,#2899));
#433=EDGE_LOOP('',(#2900,#2901,#2902,#2903));
#434=EDGE_LOOP('',(#2904,#2905,#2906,#2907));
#435=EDGE_LOOP('',(#2908,#2909,#2910,#2911));
#436=EDGE_LOOP('',(#2912,#2913,#2914,#2915));
#437=EDGE_LOOP('',(#2916,#2917,#2918,#2919));
#438=EDGE_LOOP('',(#2920,#2921,#2922,#2923));
#439=EDGE_LOOP('',(#2924,#2925,#2926,#2927));
#440=EDGE_LOOP('',(#2928,#2929,#2930,#2931));
#441=EDGE_LOOP('',(#2932,#2933,#2934,#2935));
#442=EDGE_LOOP('',(#2936,#2937,#2938,#2939));
#443=EDGE_LOOP('',(#2940,#2941,#2942,#2943));
#444=EDGE_LOOP('',(#2944,#2945,#2946,#2947));
#445=EDGE_LOOP('',(#2948,#2949,#2950,#2951));
#446=EDGE_LOOP('',(#2952,#2953,#2954,#2955));
#447=EDGE_LOOP('',(#2956,#2957,#2958,#2959));
#448=EDGE_LOOP('',(#2960,#2961,#2962,#2963));
#449=EDGE_LOOP('',(#2964,#2965,#2966,#2967));
#450=EDGE_LOOP('',(#2968,#2969,#2970,#2971));
#451=EDGE_LOOP('',(#2972,#2973,#2974,#2975));
#452=EDGE_LOOP('',(#2976,#2977,#2978,#2979));
#453=EDGE_LOOP('',(#2980,#2981,#2982,#2983));
#454=EDGE_LOOP('',(#2984,#2985,#2986,#2987));
#455=EDGE_LOOP('',(#2988,#2989,#2990,#2991));
#456=EDGE_LOOP('',(#2992,#2993,#2994,#2995));
#457=EDGE_LOOP('',(#2996,#2997,#2998,#2999));
#458=EDGE_LOOP('',(#3000,#3001,#3002,#3003));
#459=EDGE_LOOP('',(#3004,#3005,#3006,#3007));
#460=EDGE_LOOP('',(#3008,#3009,#3010,#3011));
#461=EDGE_LOOP('',(#3012,#3013,#3014,#3015));
#462=EDGE_LOOP('',(#3016,#3017,#3018,#3019));
#463=EDGE_LOOP('',(#3020,#3021,#3022,#3023));
#464=EDGE_LOOP('',(#3024,#3025,#3026,#3027));
#465=EDGE_LOOP('',(#3028,#3029,#3030,#3031));
#466=EDGE_LOOP('',(#3032,#3033,#3034,#3035));
#467=EDGE_LOOP('',(#3036,#3037,#3038,#3039));
#468=EDGE_LOOP('',(#3040,#3041,#3042,#3043));
#469=EDGE_LOOP('',(#3044,#3045,#3046,#3047));
#470=EDGE_LOOP('',(#3048,#3049,#3050,#3051));
#471=EDGE_LOOP('',(#3052,#3053,#3054,#3055));
#472=EDGE_LOOP('',(#3056,#3057,#3058,#3059));
#473=EDGE_LOOP('',(#3060,#3061,#3062,#3063));
#474=EDGE_LOOP('',(#3064,#3065,#3066,#3067));
#475=EDGE_LOOP('',(#3068,#3069,#3070,#3071));
#476=EDGE_LOOP('',(#3072,#3073,#3074,#3075));
#477=EDGE_LOOP('',(#3076,#3077,#3078,#3079));
#478=EDGE_LOOP('',(#3080,#3081,#3082,#3083));
#479=EDGE_LOOP('',(#3084,#3085,#3086,#3087));
#480=EDGE_LOOP('',(#3088,#3089,#3090,#3091));
#481=EDGE_LOOP('',(#3092,#3093,#3094,#3095));
#482=EDGE_LOOP('',(#3096,#3097,#3098,#3099));
#483=EDGE_LOOP('',(#3100,#3101,#3102,#3103));
#484=EDGE_LOOP('',(#3104,#3105,#3106,#3107));
#485=EDGE_LOOP('',(#3108,#3109,#3110,#3111));
#486=EDGE_LOOP('',(#3112,#3113,#3114,#3115));
#487=EDGE_LOOP('',(#3116,#3117,#3118,#3119));
#488=EDGE_LOOP('',(#3120,#3121,#3122,#3123));
#489=EDGE_LOOP('',(#3124,#3125,#3126,#3127));
#490=EDGE_LOOP('',(#3128,#3129,#3130,#3131));
#491=EDGE_LOOP('',(#3132,#3133,#3134,#3135));
#492=EDGE_LOOP('',(#3136,#3137,#3138,#3139));
#493=EDGE_LOOP('',(#3140,#3141,#3142,#3143));
#494=EDGE_LOOP('',(#3144,#3145,#3146,#3147));
#495=EDGE_LOOP('',(#3148,#3149,#3150,#3151));
#496=EDGE_LOOP('',(#3152,#3153,#3154,#3155));
#497=EDGE_LOOP('',(#3156,#3157,#3158,#3159));
#498=EDGE_LOOP('',(#3160,#3161,#3162,#3163));
#499=EDGE_LOOP('',(#3164,#3165,#3166,#3167));
#500=EDGE_LOOP('',(#3168,#3169,#3170,#3171));
#501=EDGE_LOOP('',(#3172,#3173,#3174,#3175));
#502=EDGE_LOOP('',(#3176,#3177,#3178,#3179));
#503=EDGE_LOOP('',(#3180,#3181,#3182,#3183));
#504=EDGE_LOOP('',(#3184,#3185,#3186,#3187));
#505=EDGE_LOOP('',(#3188,#3189,#3190,#3191));
#506=EDGE_LOOP('',(#3192,#3193,#3194,#3195));
#507=EDGE_LOOP('',(#3196,#3197,#3198,#3199));
#508=EDGE_LOOP('',(#3200,#3201,#3202,#3203));
#509=EDGE_LOOP('',(#3204,#3205,#3206,#3207));
#510=EDGE_LOOP('',(#3208,#3209,#3210,#3211));
#511=EDGE_LOOP('',(#3212,#3213,#3214,#3215));
#512=EDGE_LOOP('',(#3216,#3217,#3218,#3219));
#513=EDGE_LOOP('',(#3220,#3221,#3222,#3223));
#514=EDGE_LOOP('',(#3224,#3225,#3226,#3227));
#515=EDGE_LOOP('',(#3228,#3229,#3230,#3231));
#516=EDGE_LOOP('',(#3232,#3233,#3234,#3235));
#517=EDGE_LOOP('',(#3236,#3237,#3238,#3239));
#518=EDGE_LOOP('',(#3240,#3241,#3242,#3243));
#519=EDGE_LOOP('',(#3244,#3245,#3246,#3247));
#520=EDGE_LOOP('',(#3248,#3249,#3250,#3251));
#521=EDGE_LOOP('',(#3252,#3253,#3254,#3255));
#522=EDGE_LOOP('',(#3256,#3257,#3258,#3259));
#523=EDGE_LOOP('',(#3260,#3261,#3262,#3263));
#524=EDGE_LOOP('',(#3264,#3265,#3266,#3267));
#525=EDGE_LOOP('',(#3268,#3269,#3270,#3271));
#526=EDGE_LOOP('',(#3272,#3273,#3274,#3275));
#527=EDGE_LOOP('',(#3276,#3277,#3278,#3279));
#528=EDGE_LOOP('',(#3280,#3281,#3282,#3283));
#529=EDGE_LOOP('',(#3284,#3285,#3286,#3287));
#530=EDGE_LOOP('',(#3288,#3289,#3290,#3291));
#531=EDGE_LOOP('',(#3292,#3293,#3294,#3295));
#532=EDGE_LOOP('',(#3296,#3297,#3298,#3299));
#533=EDGE_LOOP('',(#3300,#3301,#3302,#3303));
#534=EDGE_LOOP('',(#3304,#3305,#3306,#3307));
#535=EDGE_LOOP('',(#3308,#3309,#3310,#3311));
#536=EDGE_LOOP('',(#3312,#3313,#3314,#3315));
#537=EDGE_LOOP('',(#3316,#3317,#3318,#3319));
#538=EDGE_LOOP('',(#3320,#3321,#3322,#3323));
#539=EDGE_LOOP('',(#3324,#3325,#3326,#3327));
#540=EDGE_LOOP('',(#3328,#3329,#3330,#3331));
#541=EDGE_LOOP('',(#3332,#3333,#3334,#3335));
#542=EDGE_LOOP('',(#3336,#3337,#3338,#3339));
#543=EDGE_LOOP('',(#3340,#3341,#3342,#3343));
#544=EDGE_LOOP('',(#3344,#3345,#3346,#3347));
#545=EDGE_LOOP('',(#3348,#3349,#3350,#3351));
#546=EDGE_LOOP('',(#3352,#3353,#3354,#3355));
#547=EDGE_LOOP('',(#3356,#3357,#3358,#3359));
#548=EDGE_LOOP('',(#3360,#3361,#3362,#3363));
#549=EDGE_LOOP('',(#3364,#3365,#3366,#3367));
#550=EDGE_LOOP('',(#3368,#3369,#3370,#3371));
#551=EDGE_LOOP('',(#3372,#3373,#3374,#3375));
#552=EDGE_LOOP('',(#3376,#3377,#3378,#3379));
#553=EDGE_LOOP('',(#3380,#3381,#3382,#3383));
#554=EDGE_LOOP('',(#3384,#3385,#3386,#3387));
#555=EDGE_LOOP('',(#3388,#3389,#3390,#3391));
#556=EDGE_LOOP('',(#3392,#3393,#3394,#3395));
#557=EDGE_LOOP('',(#3396,#3397,#3398,#3399));
#558=EDGE_LOOP('',(#3400,#3401,#3402,#3403));
#559=EDGE_LOOP('',(#3404,#3405,#3406,#3407));
#560=EDGE_LOOP('',(#3408,#3409,#3410,#3411));
#561=EDGE_LOOP('',(#3412,#3413,#3414,#3415));
#562=EDGE_LOOP('',(#3416,#3417,#3418,#3419));
#563=EDGE_LOOP('',(#3420,#3421,#3422,#3423));
#564=EDGE_LOOP('',(#3424,#3425,#3426,#3427));
#565=EDGE_LOOP('',(#3428,#3429,#3430,#3431));
#566=EDGE_LOOP('',(#3432,#3433,#3434,#3435));
#567=EDGE_LOOP('',(#3436,#3437,#3438,#3439));
#568=EDGE_LOOP('',(#3440,#3441,#3442,#3443));
#569=EDGE_LOOP('',(#3444,#3445,#3446,#3447));
#570=EDGE_LOOP('',(#3448,#3449,#3450,#3451));
#571=EDGE_LOOP('',(#3452,#3453,#3454,#3455));
#572=EDGE_LOOP('',(#3456,#3457,#3458,#3459));
#573=EDGE_LOOP('',(#3460,#3461,#3462,#3463));
#574=EDGE_LOOP('',(#3464,#3465,#3466,#3467));
#575=EDGE_LOOP('',(#3468,#3469,#3470,#3471));
#576=EDGE_LOOP('',(#3472,#3473,#3474,#3475));
#577=EDGE_LOOP('',(#3476,#3477,#3478,#3479));
#578=EDGE_LOOP('',(#3480,#3481,#3482,#3483));
#579=EDGE_LOOP('',(#3484,#3485,#3486,#3487));
#580=EDGE_LOOP('',(#3488,#3489,#3490,#3491));
#581=EDGE_LOOP('',(#3492,#3493,#3494,#3495));
#582=EDGE_LOOP('',(#3496,#3497,#3498,#3499));
#583=EDGE_LOOP('',(#3500,#3501,#3502,#3503));
#584=EDGE_LOOP('',(#3504,#3505,#3506,#3507));
#585=EDGE_LOOP('',(#3508,#3509,#3510,#3511));
#586=EDGE_LOOP('',(#3512,#3513,#3514,#3515));
#587=EDGE_LOOP('',(#3516,#3517,#3518,#3519));
#588=EDGE_LOOP('',(#3520,#3521,#3522,#3523));
#589=EDGE_LOOP('',(#3524,#3525,#3526,#3527));
#590=EDGE_LOOP('',(#3528,#3529,#3530,#3531));
#591=EDGE_LOOP('',(#3532,#3533,#3534,#3535));
#592=EDGE_LOOP('',(#3536,#3537,#3538,#3539));
#593=EDGE_LOOP('',(#3540,#3541,#3542,#3543));
#594=EDGE_LOOP('',(#3544,#3545,#3546,#3547));
#595=EDGE_LOOP('',(#3548,#3549,#3550,#3551));
#596=EDGE_LOOP('',(#3552,#3553,#3554,#3555));
#597=EDGE_LOOP('',(#3556,#3557,#3558,#3559));
#598=EDGE_LOOP('',(#3560,#3561,#3562,#3563));
#599=EDGE_LOOP('',(#3564,#3565,#3566,#3567));
#600=EDGE_LOOP('',(#3568,#3569,#3570,#3571));
#601=EDGE_LOOP('',(#3572,#3573,#3574,#3575));
#602=EDGE_LOOP('',(#3576,#3577,#3578,#3579));
#603=EDGE_LOOP('',(#3580,#3581,#3582,#3583));
#604=EDGE_LOOP('',(#3584,#3585,#3586,#3587));
#605=EDGE_LOOP('',(#3588,#3589,#3590,#3591));
#606=EDGE_LOOP('',(#3592,#3593,#3594,#3595));
#607=EDGE_LOOP('',(#3596,#3597,#3598,#3599));
#608=EDGE_LOOP('',(#3600,#3601,#3602,#3603));
#609=EDGE_LOOP('',(#3604,#3605,#3606,#3607));
#610=EDGE_LOOP('',(#3608,#3609,#3610,#3611));
#611=EDGE_LOOP('',(#3612,#3613,#3614,#3615));
#612=EDGE_LOOP('',(#3616,#3617,#3618,#3619));
#613=EDGE_LOOP('',(#3620,#3621,#3622,#3623));
#614=EDGE_LOOP('',(#3624,#3625,#3626,#3627));
#615=EDGE_LOOP('',(#3628,#3629,#3630,#3631));
#616=EDGE_LOOP('',(#3632,#3633,#3634,#3635));
#617=EDGE_LOOP('',(#3636,#3637,#3638,#3639));
#618=EDGE_LOOP('',(#3640,#3641,#3642,#3643));
#619=EDGE_LOOP('',(#3644,#3645,#3646,#3647));
#620=EDGE_LOOP('',(#3648,#3649,#3650,#3651));
#621=EDGE_LOOP('',(#3652,#3653,#3654,#3655));
#622=EDGE_LOOP('',(#3656,#3657,#3658,#3659));
#623=EDGE_LOOP('',(#3660));
#624=EDGE_LOOP('',(#3661,#3662,#3663,#3664,#3665,#3666,#3667,#3668,#3669,
#3670,#3671,#3672,#3673,#3674,#3675,#3676,#3677,#3678,#3679));
#625=EDGE_LOOP('',(#3680,#3681,#3682,#3683,#3684,#3685,#3686,#3687,#3688,
#3689,#3690,#3691,#3692,#3693,#3694,#3695,#3696,#3697,#3698,#3699,#3700,
#3701,#3702));
#626=EDGE_LOOP('',(#3703,#3704,#3705,#3706,#3707,#3708,#3709,#3710,#3711,
#3712,#3713,#3714,#3715,#3716,#3717,#3718,#3719,#3720,#3721,#3722,#3723,
#3724));
#627=EDGE_LOOP('',(#3725,#3726,#3727,#3728,#3729,#3730,#3731,#3732,#3733,
#3734,#3735,#3736,#3737,#3738,#3739));
#628=EDGE_LOOP('',(#3740));
#629=EDGE_LOOP('',(#3741));
#630=EDGE_LOOP('',(#3742,#3743,#3744,#3745,#3746,#3747,#3748,#3749,#3750,
#3751,#3752,#3753,#3754,#3755,#3756,#3757,#3758,#3759,#3760,#3761,#3762,
#3763,#3764));
#631=EDGE_LOOP('',(#3765,#3766,#3767,#3768,#3769,#3770,#3771,#3772,#3773,
#3774,#3775,#3776,#3777,#3778,#3779,#3780,#3781,#3782,#3783,#3784,#3785,
#3786,#3787,#3788,#3789,#3790,#3791,#3792,#3793,#3794));
#632=EDGE_LOOP('',(#3795));
#633=EDGE_LOOP('',(#3796));
#634=EDGE_LOOP('',(#3797,#3798,#3799,#3800,#3801,#3802,#3803,#3804,#3805,
#3806,#3807,#3808,#3809,#3810,#3811,#3812,#3813,#3814,#3815,#3816,#3817,
#3818,#3819,#3820));
#635=EDGE_LOOP('',(#3821,#3822,#3823,#3824,#3825,#3826,#3827,#3828,#3829,
#3830,#3831,#3832,#3833,#3834,#3835));
#636=EDGE_LOOP('',(#3836,#3837,#3838,#3839,#3840,#3841,#3842,#3843,#3844,
#3845,#3846,#3847,#3848,#3849,#3850,#3851,#3852,#3853,#3854,#3855));
#637=EDGE_LOOP('',(#3856,#3857,#3858,#3859,#3860,#3861,#3862,#3863));
#638=EDGE_LOOP('',(#3864,#3865,#3866,#3867));
#639=EDGE_LOOP('',(#3868));
#640=EDGE_LOOP('',(#3869,#3870,#3871,#3872,#3873,#3874,#3875,#3876,#3877,
#3878,#3879,#3880,#3881,#3882,#3883,#3884,#3885,#3886,#3887));
#641=EDGE_LOOP('',(#3888,#3889,#3890,#3891,#3892,#3893,#3894,#3895,#3896,
#3897,#3898,#3899,#3900,#3901,#3902,#3903,#3904,#3905,#3906,#3907,#3908,
#3909,#3910));
#642=EDGE_LOOP('',(#3911,#3912,#3913,#3914,#3915,#3916,#3917,#3918,#3919,
#3920,#3921,#3922,#3923,#3924,#3925,#3926,#3927,#3928,#3929,#3930,#3931,
#3932));
#643=EDGE_LOOP('',(#3933,#3934,#3935,#3936,#3937,#3938,#3939,#3940,#3941,
#3942,#3943,#3944,#3945,#3946,#3947));
#644=EDGE_LOOP('',(#3948));
#645=EDGE_LOOP('',(#3949));
#646=EDGE_LOOP('',(#3950,#3951,#3952,#3953,#3954,#3955,#3956,#3957,#3958,
#3959,#3960,#3961,#3962,#3963,#3964,#3965,#3966,#3967,#3968,#3969,#3970,
#3971,#3972));
#647=EDGE_LOOP('',(#3973,#3974,#3975,#3976,#3977,#3978,#3979,#3980,#3981,
#3982,#3983,#3984,#3985,#3986,#3987,#3988,#3989,#3990,#3991,#3992,#3993,
#3994,#3995,#3996,#3997,#3998,#3999,#4000,#4001,#4002));
#648=EDGE_LOOP('',(#4003));
#649=EDGE_LOOP('',(#4004));
#650=EDGE_LOOP('',(#4005,#4006,#4007,#4008,#4009,#4010,#4011,#4012,#4013,
#4014,#4015,#4016,#4017,#4018,#4019,#4020,#4021,#4022,#4023,#4024,#4025,
#4026,#4027,#4028));
#651=EDGE_LOOP('',(#4029,#4030,#4031,#4032,#4033,#4034,#4035,#4036,#4037,
#4038,#4039,#4040,#4041,#4042,#4043));
#652=EDGE_LOOP('',(#4044,#4045,#4046,#4047,#4048,#4049,#4050,#4051,#4052,
#4053,#4054,#4055,#4056,#4057,#4058,#4059,#4060,#4061,#4062,#4063));
#653=EDGE_LOOP('',(#4064,#4065,#4066,#4067,#4068,#4069,#4070,#4071));
#654=LINE('',#5867,#1160);
#655=LINE('',#5870,#1161);
#656=LINE('',#5873,#1162);
#657=LINE('',#5875,#1163);
#658=LINE('',#5876,#1164);
#659=LINE('',#5882,#1165);
#660=LINE('',#5885,#1166);
#661=LINE('',#5887,#1167);
#662=LINE('',#5888,#1168);
#663=LINE('',#5894,#1169);
#664=LINE('',#5897,#1170);
#665=LINE('',#5899,#1171);
#666=LINE('',#5900,#1172);
#667=LINE('',#5906,#1173);
#668=LINE('',#5908,#1174);
#669=LINE('',#5909,#1175);
#670=LINE('',#5915,#1176);
#671=LINE('',#5918,#1177);
#672=LINE('',#5921,#1178);
#673=LINE('',#5923,#1179);
#674=LINE('',#5924,#1180);
#675=LINE('',#5930,#1181);
#676=LINE('',#5933,#1182);
#677=LINE('',#5935,#1183);
#678=LINE('',#5936,#1184);
#679=LINE('',#5942,#1185);
#680=LINE('',#5945,#1186);
#681=LINE('',#5947,#1187);
#682=LINE('',#5948,#1188);
#683=LINE('',#5951,#1189);
#684=LINE('',#5953,#1190);
#685=LINE('',#5954,#1191);
#686=LINE('',#5960,#1192);
#687=LINE('',#5963,#1193);
#688=LINE('',#5965,#1194);
#689=LINE('',#5966,#1195);
#690=LINE('',#5969,#1196);
#691=LINE('',#5971,#1197);
#692=LINE('',#5972,#1198);
#693=LINE('',#5975,#1199);
#694=LINE('',#5977,#1200);
#695=LINE('',#5978,#1201);
#696=LINE('',#5981,#1202);
#697=LINE('',#5983,#1203);
#698=LINE('',#5984,#1204);
#699=LINE('',#5987,#1205);
#700=LINE('',#5989,#1206);
#701=LINE('',#5990,#1207);
#702=LINE('',#5993,#1208);
#703=LINE('',#5995,#1209);
#704=LINE('',#5996,#1210);
#705=LINE('',#5999,#1211);
#706=LINE('',#6001,#1212);
#707=LINE('',#6002,#1213);
#708=LINE('',#6005,#1214);
#709=LINE('',#6007,#1215);
#710=LINE('',#6008,#1216);
#711=LINE('',#6011,#1217);
#712=LINE('',#6013,#1218);
#713=LINE('',#6014,#1219);
#714=LINE('',#6017,#1220);
#715=LINE('',#6019,#1221);
#716=LINE('',#6020,#1222);
#717=LINE('',#6026,#1223);
#718=LINE('',#6028,#1224);
#719=LINE('',#6029,#1225);
#720=LINE('',#6035,#1226);
#721=LINE('',#6038,#1227);
#722=LINE('',#6041,#1228);
#723=LINE('',#6043,#1229);
#724=LINE('',#6044,#1230);
#725=LINE('',#6050,#1231);
#726=LINE('',#6053,#1232);
#727=LINE('',#6055,#1233);
#728=LINE('',#6056,#1234);
#729=LINE('',#6062,#1235);
#730=LINE('',#6065,#1236);
#731=LINE('',#6067,#1237);
#732=LINE('',#6068,#1238);
#733=LINE('',#6071,#1239);
#734=LINE('',#6073,#1240);
#735=LINE('',#6074,#1241);
#736=LINE('',#6077,#1242);
#737=LINE('',#6079,#1243);
#738=LINE('',#6080,#1244);
#739=LINE('',#6086,#1245);
#740=LINE('',#6089,#1246);
#741=LINE('',#6091,#1247);
#742=LINE('',#6092,#1248);
#743=LINE('',#6098,#1249);
#744=LINE('',#6101,#1250);
#745=LINE('',#6103,#1251);
#746=LINE('',#6104,#1252);
#747=LINE('',#6107,#1253);
#748=LINE('',#6109,#1254);
#749=LINE('',#6110,#1255);
#750=LINE('',#6116,#1256);
#751=LINE('',#6118,#1257);
#752=LINE('',#6119,#1258);
#753=LINE('',#6125,#1259);
#754=LINE('',#6128,#1260);
#755=LINE('',#6131,#1261);
#756=LINE('',#6133,#1262);
#757=LINE('',#6134,#1263);
#758=LINE('',#6140,#1264);
#759=LINE('',#6143,#1265);
#760=LINE('',#6145,#1266);
#761=LINE('',#6146,#1267);
#762=LINE('',#6152,#1268);
#763=LINE('',#6155,#1269);
#764=LINE('',#6157,#1270);
#765=LINE('',#6158,#1271);
#766=LINE('',#6161,#1272);
#767=LINE('',#6163,#1273);
#768=LINE('',#6164,#1274);
#769=LINE('',#6167,#1275);
#770=LINE('',#6169,#1276);
#771=LINE('',#6170,#1277);
#772=LINE('',#6173,#1278);
#773=LINE('',#6175,#1279);
#774=LINE('',#6176,#1280);
#775=LINE('',#6179,#1281);
#776=LINE('',#6181,#1282);
#777=LINE('',#6182,#1283);
#778=LINE('',#6185,#1284);
#779=LINE('',#6187,#1285);
#780=LINE('',#6188,#1286);
#781=LINE('',#6191,#1287);
#782=LINE('',#6193,#1288);
#783=LINE('',#6194,#1289);
#784=LINE('',#6197,#1290);
#785=LINE('',#6199,#1291);
#786=LINE('',#6200,#1292);
#787=LINE('',#6203,#1293);
#788=LINE('',#6205,#1294);
#789=LINE('',#6206,#1295);
#790=LINE('',#6209,#1296);
#791=LINE('',#6211,#1297);
#792=LINE('',#6212,#1298);
#793=LINE('',#6215,#1299);
#794=LINE('',#6217,#1300);
#795=LINE('',#6218,#1301);
#796=LINE('',#6221,#1302);
#797=LINE('',#6223,#1303);
#798=LINE('',#6224,#1304);
#799=LINE('',#6227,#1305);
#800=LINE('',#6229,#1306);
#801=LINE('',#6230,#1307);
#802=LINE('',#6233,#1308);
#803=LINE('',#6235,#1309);
#804=LINE('',#6236,#1310);
#805=LINE('',#6242,#1311);
#806=LINE('',#6245,#1312);
#807=LINE('',#6247,#1313);
#808=LINE('',#6248,#1314);
#809=LINE('',#6251,#1315);
#810=LINE('',#6253,#1316);
#811=LINE('',#6254,#1317);
#812=LINE('',#6260,#1318);
#813=LINE('',#6262,#1319);
#814=LINE('',#6263,#1320);
#815=LINE('',#6268,#1321);
#816=LINE('',#6274,#1322);
#817=LINE('',#6281,#1323);
#818=LINE('',#6284,#1324);
#819=LINE('',#6287,#1325);
#820=LINE('',#6289,#1326);
#821=LINE('',#6290,#1327);
#822=LINE('',#6296,#1328);
#823=LINE('',#6299,#1329);
#824=LINE('',#6301,#1330);
#825=LINE('',#6302,#1331);
#826=LINE('',#6308,#1332);
#827=LINE('',#6311,#1333);
#828=LINE('',#6313,#1334);
#829=LINE('',#6314,#1335);
#830=LINE('',#6317,#1336);
#831=LINE('',#6319,#1337);
#832=LINE('',#6320,#1338);
#833=LINE('',#6323,#1339);
#834=LINE('',#6325,#1340);
#835=LINE('',#6326,#1341);
#836=LINE('',#6329,#1342);
#837=LINE('',#6331,#1343);
#838=LINE('',#6332,#1344);
#839=LINE('',#6335,#1345);
#840=LINE('',#6337,#1346);
#841=LINE('',#6338,#1347);
#842=LINE('',#6341,#1348);
#843=LINE('',#6343,#1349);
#844=LINE('',#6344,#1350);
#845=LINE('',#6347,#1351);
#846=LINE('',#6349,#1352);
#847=LINE('',#6350,#1353);
#848=LINE('',#6353,#1354);
#849=LINE('',#6355,#1355);
#850=LINE('',#6356,#1356);
#851=LINE('',#6359,#1357);
#852=LINE('',#6361,#1358);
#853=LINE('',#6362,#1359);
#854=LINE('',#6365,#1360);
#855=LINE('',#6367,#1361);
#856=LINE('',#6368,#1362);
#857=LINE('',#6371,#1363);
#858=LINE('',#6373,#1364);
#859=LINE('',#6374,#1365);
#860=LINE('',#6377,#1366);
#861=LINE('',#6379,#1367);
#862=LINE('',#6380,#1368);
#863=LINE('',#6383,#1369);
#864=LINE('',#6385,#1370);
#865=LINE('',#6386,#1371);
#866=LINE('',#6389,#1372);
#867=LINE('',#6391,#1373);
#868=LINE('',#6392,#1374);
#869=LINE('',#6395,#1375);
#870=LINE('',#6397,#1376);
#871=LINE('',#6398,#1377);
#872=LINE('',#6401,#1378);
#873=LINE('',#6403,#1379);
#874=LINE('',#6404,#1380);
#875=LINE('',#6407,#1381);
#876=LINE('',#6409,#1382);
#877=LINE('',#6410,#1383);
#878=LINE('',#6413,#1384);
#879=LINE('',#6415,#1385);
#880=LINE('',#6416,#1386);
#881=LINE('',#6419,#1387);
#882=LINE('',#6421,#1388);
#883=LINE('',#6422,#1389);
#884=LINE('',#6428,#1390);
#885=LINE('',#6431,#1391);
#886=LINE('',#6433,#1392);
#887=LINE('',#6434,#1393);
#888=LINE('',#6437,#1394);
#889=LINE('',#6439,#1395);
#890=LINE('',#6440,#1396);
#891=LINE('',#6443,#1397);
#892=LINE('',#6445,#1398);
#893=LINE('',#6446,#1399);
#894=LINE('',#6452,#1400);
#895=LINE('',#6454,#1401);
#896=LINE('',#6455,#1402);
#897=LINE('',#6461,#1403);
#898=LINE('',#6464,#1404);
#899=LINE('',#6467,#1405);
#900=LINE('',#6469,#1406);
#901=LINE('',#6470,#1407);
#902=LINE('',#6476,#1408);
#903=LINE('',#6479,#1409);
#904=LINE('',#6481,#1410);
#905=LINE('',#6482,#1411);
#906=LINE('',#6488,#1412);
#907=LINE('',#6491,#1413);
#908=LINE('',#6493,#1414);
#909=LINE('',#6494,#1415);
#910=LINE('',#6497,#1416);
#911=LINE('',#6499,#1417);
#912=LINE('',#6500,#1418);
#913=LINE('',#6503,#1419);
#914=LINE('',#6505,#1420);
#915=LINE('',#6506,#1421);
#916=LINE('',#6512,#1422);
#917=LINE('',#6515,#1423);
#918=LINE('',#6517,#1424);
#919=LINE('',#6518,#1425);
#920=LINE('',#6521,#1426);
#921=LINE('',#6523,#1427);
#922=LINE('',#6524,#1428);
#923=LINE('',#6530,#1429);
#924=LINE('',#6533,#1430);
#925=LINE('',#6535,#1431);
#926=LINE('',#6536,#1432);
#927=LINE('',#6539,#1433);
#928=LINE('',#6541,#1434);
#929=LINE('',#6542,#1435);
#930=LINE('',#6548,#1436);
#931=LINE('',#6551,#1437);
#932=LINE('',#6553,#1438);
#933=LINE('',#6554,#1439);
#934=LINE('',#6557,#1440);
#935=LINE('',#6559,#1441);
#936=LINE('',#6560,#1442);
#937=LINE('',#6563,#1443);
#938=LINE('',#6565,#1444);
#939=LINE('',#6566,#1445);
#940=LINE('',#6572,#1446);
#941=LINE('',#6575,#1447);
#942=LINE('',#6577,#1448);
#943=LINE('',#6578,#1449);
#944=LINE('',#6581,#1450);
#945=LINE('',#6583,#1451);
#946=LINE('',#6584,#1452);
#947=LINE('',#6590,#1453);
#948=LINE('',#6592,#1454);
#949=LINE('',#6593,#1455);
#950=LINE('',#6598,#1456);
#951=LINE('',#6604,#1457);
#952=LINE('',#6611,#1458);
#953=LINE('',#6614,#1459);
#954=LINE('',#6617,#1460);
#955=LINE('',#6619,#1461);
#956=LINE('',#6620,#1462);
#957=LINE('',#6626,#1463);
#958=LINE('',#6629,#1464);
#959=LINE('',#6631,#1465);
#960=LINE('',#6632,#1466);
#961=LINE('',#6638,#1467);
#962=LINE('',#6641,#1468);
#963=LINE('',#6643,#1469);
#964=LINE('',#6644,#1470);
#965=LINE('',#6647,#1471);
#966=LINE('',#6649,#1472);
#967=LINE('',#6650,#1473);
#968=LINE('',#6656,#1474);
#969=LINE('',#6659,#1475);
#970=LINE('',#6661,#1476);
#971=LINE('',#6662,#1477);
#972=LINE('',#6665,#1478);
#973=LINE('',#6667,#1479);
#974=LINE('',#6668,#1480);
#975=LINE('',#6674,#1481);
#976=LINE('',#6677,#1482);
#977=LINE('',#6679,#1483);
#978=LINE('',#6680,#1484);
#979=LINE('',#6683,#1485);
#980=LINE('',#6685,#1486);
#981=LINE('',#6686,#1487);
#982=LINE('',#6692,#1488);
#983=LINE('',#6694,#1489);
#984=LINE('',#6695,#1490);
#985=LINE('',#6701,#1491);
#986=LINE('',#6704,#1492);
#987=LINE('',#6707,#1493);
#988=LINE('',#6709,#1494);
#989=LINE('',#6710,#1495);
#990=LINE('',#6716,#1496);
#991=LINE('',#6719,#1497);
#992=LINE('',#6721,#1498);
#993=LINE('',#6722,#1499);
#994=LINE('',#6728,#1500);
#995=LINE('',#6731,#1501);
#996=LINE('',#6733,#1502);
#997=LINE('',#6734,#1503);
#998=LINE('',#6737,#1504);
#999=LINE('',#6739,#1505);
#1000=LINE('',#6740,#1506);
#1001=LINE('',#6743,#1507);
#1002=LINE('',#6745,#1508);
#1003=LINE('',#6746,#1509);
#1004=LINE('',#6749,#1510);
#1005=LINE('',#6751,#1511);
#1006=LINE('',#6752,#1512);
#1007=LINE('',#6755,#1513);
#1008=LINE('',#6757,#1514);
#1009=LINE('',#6758,#1515);
#1010=LINE('',#6761,#1516);
#1011=LINE('',#6763,#1517);
#1012=LINE('',#6764,#1518);
#1013=LINE('',#6767,#1519);
#1014=LINE('',#6769,#1520);
#1015=LINE('',#6770,#1521);
#1016=LINE('',#6773,#1522);
#1017=LINE('',#6775,#1523);
#1018=LINE('',#6776,#1524);
#1019=LINE('',#6779,#1525);
#1020=LINE('',#6781,#1526);
#1021=LINE('',#6782,#1527);
#1022=LINE('',#6785,#1528);
#1023=LINE('',#6787,#1529);
#1024=LINE('',#6788,#1530);
#1025=LINE('',#6791,#1531);
#1026=LINE('',#6793,#1532);
#1027=LINE('',#6794,#1533);
#1028=LINE('',#6797,#1534);
#1029=LINE('',#6799,#1535);
#1030=LINE('',#6800,#1536);
#1031=LINE('',#6806,#1537);
#1032=LINE('',#6809,#1538);
#1033=LINE('',#6811,#1539);
#1034=LINE('',#6812,#1540);
#1035=LINE('',#6815,#1541);
#1036=LINE('',#6817,#1542);
#1037=LINE('',#6818,#1543);
#1038=LINE('',#6824,#1544);
#1039=LINE('',#6826,#1545);
#1040=LINE('',#6827,#1546);
#1041=LINE('',#6833,#1547);
#1042=LINE('',#6836,#1548);
#1043=LINE('',#6839,#1549);
#1044=LINE('',#6841,#1550);
#1045=LINE('',#6842,#1551);
#1046=LINE('',#6848,#1552);
#1047=LINE('',#6851,#1553);
#1048=LINE('',#6853,#1554);
#1049=LINE('',#6854,#1555);
#1050=LINE('',#6860,#1556);
#1051=LINE('',#6863,#1557);
#1052=LINE('',#6865,#1558);
#1053=LINE('',#6866,#1559);
#1054=LINE('',#6869,#1560);
#1055=LINE('',#6871,#1561);
#1056=LINE('',#6872,#1562);
#1057=LINE('',#6875,#1563);
#1058=LINE('',#6877,#1564);
#1059=LINE('',#6878,#1565);
#1060=LINE('',#6881,#1566);
#1061=LINE('',#6883,#1567);
#1062=LINE('',#6884,#1568);
#1063=LINE('',#6887,#1569);
#1064=LINE('',#6889,#1570);
#1065=LINE('',#6890,#1571);
#1066=LINE('',#6896,#1572);
#1067=LINE('',#6899,#1573);
#1068=LINE('',#6901,#1574);
#1069=LINE('',#6902,#1575);
#1070=LINE('',#6905,#1576);
#1071=LINE('',#6907,#1577);
#1072=LINE('',#6908,#1578);
#1073=LINE('',#6911,#1579);
#1074=LINE('',#6913,#1580);
#1075=LINE('',#6914,#1581);
#1076=LINE('',#6917,#1582);
#1077=LINE('',#6919,#1583);
#1078=LINE('',#6920,#1584);
#1079=LINE('',#6923,#1585);
#1080=LINE('',#6925,#1586);
#1081=LINE('',#6926,#1587);
#1082=LINE('',#6929,#1588);
#1083=LINE('',#6931,#1589);
#1084=LINE('',#6932,#1590);
#1085=LINE('',#6935,#1591);
#1086=LINE('',#6937,#1592);
#1087=LINE('',#6938,#1593);
#1088=LINE('',#6941,#1594);
#1089=LINE('',#6943,#1595);
#1090=LINE('',#6944,#1596);
#1091=LINE('',#6947,#1597);
#1092=LINE('',#6949,#1598);
#1093=LINE('',#6950,#1599);
#1094=LINE('',#6953,#1600);
#1095=LINE('',#6955,#1601);
#1096=LINE('',#6956,#1602);
#1097=LINE('',#6962,#1603);
#1098=LINE('',#6964,#1604);
#1099=LINE('',#6965,#1605);
#1100=LINE('',#6971,#1606);
#1101=LINE('',#6974,#1607);
#1102=LINE('',#6977,#1608);
#1103=LINE('',#6979,#1609);
#1104=LINE('',#6980,#1610);
#1105=LINE('',#6986,#1611);
#1106=LINE('',#6989,#1612);
#1107=LINE('',#6991,#1613);
#1108=LINE('',#6992,#1614);
#1109=LINE('',#6998,#1615);
#1110=LINE('',#7001,#1616);
#1111=LINE('',#7003,#1617);
#1112=LINE('',#7004,#1618);
#1113=LINE('',#7007,#1619);
#1114=LINE('',#7009,#1620);
#1115=LINE('',#7010,#1621);
#1116=LINE('',#7013,#1622);
#1117=LINE('',#7015,#1623);
#1118=LINE('',#7016,#1624);
#1119=LINE('',#7022,#1625);
#1120=LINE('',#7025,#1626);
#1121=LINE('',#7027,#1627);
#1122=LINE('',#7028,#1628);
#1123=LINE('',#7031,#1629);
#1124=LINE('',#7033,#1630);
#1125=LINE('',#7034,#1631);
#1126=LINE('',#7037,#1632);
#1127=LINE('',#7039,#1633);
#1128=LINE('',#7040,#1634);
#1129=LINE('',#7043,#1635);
#1130=LINE('',#7045,#1636);
#1131=LINE('',#7046,#1637);
#1132=LINE('',#7049,#1638);
#1133=LINE('',#7051,#1639);
#1134=LINE('',#7052,#1640);
#1135=LINE('',#7055,#1641);
#1136=LINE('',#7057,#1642);
#1137=LINE('',#7058,#1643);
#1138=LINE('',#7061,#1644);
#1139=LINE('',#7063,#1645);
#1140=LINE('',#7064,#1646);
#1141=LINE('',#7067,#1647);
#1142=LINE('',#7069,#1648);
#1143=LINE('',#7070,#1649);
#1144=LINE('',#7076,#1650);
#1145=LINE('',#7078,#1651);
#1146=LINE('',#7079,#1652);
#1147=LINE('',#7084,#1653);
#1148=LINE('',#7089,#1654);
#1149=LINE('',#7091,#1655);
#1150=LINE('',#7093,#1656);
#1151=LINE('',#7094,#1657);
#1152=LINE('',#7097,#1658);
#1153=LINE('',#7099,#1659);
#1154=LINE('',#7100,#1660);
#1155=LINE('',#7103,#1661);
#1156=LINE('',#7105,#1662);
#1157=LINE('',#7106,#1663);
#1158=LINE('',#7108,#1664);
#1159=LINE('',#7109,#1665);
#1160=VECTOR('',#4697,10.);
#1161=VECTOR('',#4700,10.);
#1162=VECTOR('',#4703,10.);
#1163=VECTOR('',#4704,10.);
#1164=VECTOR('',#4705,10.);
#1165=VECTOR('',#4712,10.);
#1166=VECTOR('',#4715,10.);
#1167=VECTOR('',#4716,10.);
#1168=VECTOR('',#4717,10.);
#1169=VECTOR('',#4724,10.);
#1170=VECTOR('',#4727,10.);
#1171=VECTOR('',#4728,10.);
#1172=VECTOR('',#4729,10.);
#1173=VECTOR('',#4736,10.);
#1174=VECTOR('',#4739,10.);
#1175=VECTOR('',#4740,10.);
#1176=VECTOR('',#4745,10.);
#1177=VECTOR('',#4748,10.);
#1178=VECTOR('',#4751,10.);
#1179=VECTOR('',#4752,10.);
#1180=VECTOR('',#4753,10.);
#1181=VECTOR('',#4760,10.);
#1182=VECTOR('',#4763,10.);
#1183=VECTOR('',#4764,10.);
#1184=VECTOR('',#4765,10.);
#1185=VECTOR('',#4772,10.);
#1186=VECTOR('',#4775,10.);
#1187=VECTOR('',#4776,10.);
#1188=VECTOR('',#4777,10.);
#1189=VECTOR('',#4780,10.);
#1190=VECTOR('',#4781,10.);
#1191=VECTOR('',#4782,10.);
#1192=VECTOR('',#4789,10.);
#1193=VECTOR('',#4792,10.);
#1194=VECTOR('',#4793,10.);
#1195=VECTOR('',#4794,10.);
#1196=VECTOR('',#4797,10.);
#1197=VECTOR('',#4798,10.);
#1198=VECTOR('',#4799,10.);
#1199=VECTOR('',#4802,10.);
#1200=VECTOR('',#4803,10.);
#1201=VECTOR('',#4804,10.);
#1202=VECTOR('',#4807,10.);
#1203=VECTOR('',#4808,10.);
#1204=VECTOR('',#4809,10.);
#1205=VECTOR('',#4812,10.);
#1206=VECTOR('',#4813,10.);
#1207=VECTOR('',#4814,10.);
#1208=VECTOR('',#4817,10.);
#1209=VECTOR('',#4818,10.);
#1210=VECTOR('',#4819,10.);
#1211=VECTOR('',#4822,10.);
#1212=VECTOR('',#4823,10.);
#1213=VECTOR('',#4824,10.);
#1214=VECTOR('',#4827,10.);
#1215=VECTOR('',#4828,10.);
#1216=VECTOR('',#4829,10.);
#1217=VECTOR('',#4832,10.);
#1218=VECTOR('',#4833,10.);
#1219=VECTOR('',#4834,10.);
#1220=VECTOR('',#4837,10.);
#1221=VECTOR('',#4838,10.);
#1222=VECTOR('',#4839,10.);
#1223=VECTOR('',#4846,10.);
#1224=VECTOR('',#4849,10.);
#1225=VECTOR('',#4850,10.);
#1226=VECTOR('',#4855,10.);
#1227=VECTOR('',#4858,10.);
#1228=VECTOR('',#4861,10.);
#1229=VECTOR('',#4862,10.);
#1230=VECTOR('',#4863,10.);
#1231=VECTOR('',#4870,10.);
#1232=VECTOR('',#4873,10.);
#1233=VECTOR('',#4874,10.);
#1234=VECTOR('',#4875,10.);
#1235=VECTOR('',#4882,10.);
#1236=VECTOR('',#4885,10.);
#1237=VECTOR('',#4886,10.);
#1238=VECTOR('',#4887,10.);
#1239=VECTOR('',#4890,10.);
#1240=VECTOR('',#4891,10.);
#1241=VECTOR('',#4892,10.);
#1242=VECTOR('',#4895,10.);
#1243=VECTOR('',#4896,10.);
#1244=VECTOR('',#4897,10.);
#1245=VECTOR('',#4904,10.);
#1246=VECTOR('',#4907,10.);
#1247=VECTOR('',#4908,10.);
#1248=VECTOR('',#4909,10.);
#1249=VECTOR('',#4916,10.);
#1250=VECTOR('',#4919,10.);
#1251=VECTOR('',#4920,10.);
#1252=VECTOR('',#4921,10.);
#1253=VECTOR('',#4924,10.);
#1254=VECTOR('',#4925,10.);
#1255=VECTOR('',#4926,10.);
#1256=VECTOR('',#4933,10.);
#1257=VECTOR('',#4936,10.);
#1258=VECTOR('',#4937,10.);
#1259=VECTOR('',#4942,10.);
#1260=VECTOR('',#4945,10.);
#1261=VECTOR('',#4948,10.);
#1262=VECTOR('',#4949,10.);
#1263=VECTOR('',#4950,10.);
#1264=VECTOR('',#4957,10.);
#1265=VECTOR('',#4960,10.);
#1266=VECTOR('',#4961,10.);
#1267=VECTOR('',#4962,10.);
#1268=VECTOR('',#4969,10.);
#1269=VECTOR('',#4972,10.);
#1270=VECTOR('',#4973,10.);
#1271=VECTOR('',#4974,10.);
#1272=VECTOR('',#4977,10.);
#1273=VECTOR('',#4978,10.);
#1274=VECTOR('',#4979,10.);
#1275=VECTOR('',#4982,10.);
#1276=VECTOR('',#4983,10.);
#1277=VECTOR('',#4984,10.);
#1278=VECTOR('',#4987,10.);
#1279=VECTOR('',#4988,10.);
#1280=VECTOR('',#4989,10.);
#1281=VECTOR('',#4992,10.);
#1282=VECTOR('',#4993,10.);
#1283=VECTOR('',#4994,10.);
#1284=VECTOR('',#4997,10.);
#1285=VECTOR('',#4998,10.);
#1286=VECTOR('',#4999,10.);
#1287=VECTOR('',#5002,10.);
#1288=VECTOR('',#5003,10.);
#1289=VECTOR('',#5004,10.);
#1290=VECTOR('',#5007,10.);
#1291=VECTOR('',#5008,10.);
#1292=VECTOR('',#5009,10.);
#1293=VECTOR('',#5012,10.);
#1294=VECTOR('',#5013,10.);
#1295=VECTOR('',#5014,10.);
#1296=VECTOR('',#5017,10.);
#1297=VECTOR('',#5018,10.);
#1298=VECTOR('',#5019,10.);
#1299=VECTOR('',#5022,10.);
#1300=VECTOR('',#5023,10.);
#1301=VECTOR('',#5024,10.);
#1302=VECTOR('',#5027,10.);
#1303=VECTOR('',#5028,10.);
#1304=VECTOR('',#5029,10.);
#1305=VECTOR('',#5032,10.);
#1306=VECTOR('',#5033,10.);
#1307=VECTOR('',#5034,10.);
#1308=VECTOR('',#5037,10.);
#1309=VECTOR('',#5038,10.);
#1310=VECTOR('',#5039,10.);
#1311=VECTOR('',#5046,10.);
#1312=VECTOR('',#5049,10.);
#1313=VECTOR('',#5050,10.);
#1314=VECTOR('',#5051,10.);
#1315=VECTOR('',#5054,10.);
#1316=VECTOR('',#5055,10.);
#1317=VECTOR('',#5056,10.);
#1318=VECTOR('',#5063,10.);
#1319=VECTOR('',#5066,10.);
#1320=VECTOR('',#5067,10.);
#1321=VECTOR('',#5072,1.45);
#1322=VECTOR('',#5079,1.45);
#1323=VECTOR('',#5086,10.);
#1324=VECTOR('',#5089,10.);
#1325=VECTOR('',#5092,10.);
#1326=VECTOR('',#5093,10.);
#1327=VECTOR('',#5094,10.);
#1328=VECTOR('',#5101,10.);
#1329=VECTOR('',#5104,10.);
#1330=VECTOR('',#5105,10.);
#1331=VECTOR('',#5106,10.);
#1332=VECTOR('',#5113,10.);
#1333=VECTOR('',#5116,10.);
#1334=VECTOR('',#5117,10.);
#1335=VECTOR('',#5118,10.);
#1336=VECTOR('',#5121,10.);
#1337=VECTOR('',#5122,10.);
#1338=VECTOR('',#5123,10.);
#1339=VECTOR('',#5126,10.);
#1340=VECTOR('',#5127,10.);
#1341=VECTOR('',#5128,10.);
#1342=VECTOR('',#5131,10.);
#1343=VECTOR('',#5132,10.);
#1344=VECTOR('',#5133,10.);
#1345=VECTOR('',#5136,10.);
#1346=VECTOR('',#5137,10.);
#1347=VECTOR('',#5138,10.);
#1348=VECTOR('',#5141,10.);
#1349=VECTOR('',#5142,10.);
#1350=VECTOR('',#5143,10.);
#1351=VECTOR('',#5146,10.);
#1352=VECTOR('',#5147,10.);
#1353=VECTOR('',#5148,10.);
#1354=VECTOR('',#5151,10.);
#1355=VECTOR('',#5152,10.);
#1356=VECTOR('',#5153,10.);
#1357=VECTOR('',#5156,10.);
#1358=VECTOR('',#5157,10.);
#1359=VECTOR('',#5158,10.);
#1360=VECTOR('',#5161,10.);
#1361=VECTOR('',#5162,10.);
#1362=VECTOR('',#5163,10.);
#1363=VECTOR('',#5166,10.);
#1364=VECTOR('',#5167,10.);
#1365=VECTOR('',#5168,10.);
#1366=VECTOR('',#5171,10.);
#1367=VECTOR('',#5172,10.);
#1368=VECTOR('',#5173,10.);
#1369=VECTOR('',#5176,10.);
#1370=VECTOR('',#5177,10.);
#1371=VECTOR('',#5178,10.);
#1372=VECTOR('',#5181,10.);
#1373=VECTOR('',#5182,10.);
#1374=VECTOR('',#5183,10.);
#1375=VECTOR('',#5186,10.);
#1376=VECTOR('',#5187,10.);
#1377=VECTOR('',#5188,10.);
#1378=VECTOR('',#5191,10.);
#1379=VECTOR('',#5192,10.);
#1380=VECTOR('',#5193,10.);
#1381=VECTOR('',#5196,10.);
#1382=VECTOR('',#5197,10.);
#1383=VECTOR('',#5198,10.);
#1384=VECTOR('',#5201,10.);
#1385=VECTOR('',#5202,10.);
#1386=VECTOR('',#5203,10.);
#1387=VECTOR('',#5206,10.);
#1388=VECTOR('',#5207,10.);
#1389=VECTOR('',#5208,10.);
#1390=VECTOR('',#5215,10.);
#1391=VECTOR('',#5218,10.);
#1392=VECTOR('',#5219,10.);
#1393=VECTOR('',#5220,10.);
#1394=VECTOR('',#5223,10.);
#1395=VECTOR('',#5224,10.);
#1396=VECTOR('',#5225,10.);
#1397=VECTOR('',#5228,10.);
#1398=VECTOR('',#5229,10.);
#1399=VECTOR('',#5230,10.);
#1400=VECTOR('',#5237,10.);
#1401=VECTOR('',#5240,10.);
#1402=VECTOR('',#5241,10.);
#1403=VECTOR('',#5246,10.);
#1404=VECTOR('',#5249,10.);
#1405=VECTOR('',#5252,10.);
#1406=VECTOR('',#5253,10.);
#1407=VECTOR('',#5254,10.);
#1408=VECTOR('',#5261,10.);
#1409=VECTOR('',#5264,10.);
#1410=VECTOR('',#5265,10.);
#1411=VECTOR('',#5266,10.);
#1412=VECTOR('',#5273,10.);
#1413=VECTOR('',#5276,10.);
#1414=VECTOR('',#5277,10.);
#1415=VECTOR('',#5278,10.);
#1416=VECTOR('',#5281,10.);
#1417=VECTOR('',#5282,10.);
#1418=VECTOR('',#5283,10.);
#1419=VECTOR('',#5286,10.);
#1420=VECTOR('',#5287,10.);
#1421=VECTOR('',#5288,10.);
#1422=VECTOR('',#5295,10.);
#1423=VECTOR('',#5298,10.);
#1424=VECTOR('',#5299,10.);
#1425=VECTOR('',#5300,10.);
#1426=VECTOR('',#5303,10.);
#1427=VECTOR('',#5304,10.);
#1428=VECTOR('',#5305,10.);
#1429=VECTOR('',#5312,10.);
#1430=VECTOR('',#5315,10.);
#1431=VECTOR('',#5316,10.);
#1432=VECTOR('',#5317,10.);
#1433=VECTOR('',#5320,10.);
#1434=VECTOR('',#5321,10.);
#1435=VECTOR('',#5322,10.);
#1436=VECTOR('',#5329,10.);
#1437=VECTOR('',#5332,10.);
#1438=VECTOR('',#5333,10.);
#1439=VECTOR('',#5334,10.);
#1440=VECTOR('',#5337,10.);
#1441=VECTOR('',#5338,10.);
#1442=VECTOR('',#5339,10.);
#1443=VECTOR('',#5342,10.);
#1444=VECTOR('',#5343,10.);
#1445=VECTOR('',#5344,10.);
#1446=VECTOR('',#5351,10.);
#1447=VECTOR('',#5354,10.);
#1448=VECTOR('',#5355,10.);
#1449=VECTOR('',#5356,10.);
#1450=VECTOR('',#5359,10.);
#1451=VECTOR('',#5360,10.);
#1452=VECTOR('',#5361,10.);
#1453=VECTOR('',#5368,10.);
#1454=VECTOR('',#5371,10.);
#1455=VECTOR('',#5372,10.);
#1456=VECTOR('',#5377,1.45);
#1457=VECTOR('',#5384,1.45);
#1458=VECTOR('',#5391,10.);
#1459=VECTOR('',#5394,10.);
#1460=VECTOR('',#5397,10.);
#1461=VECTOR('',#5398,10.);
#1462=VECTOR('',#5399,10.);
#1463=VECTOR('',#5406,10.);
#1464=VECTOR('',#5409,10.);
#1465=VECTOR('',#5410,10.);
#1466=VECTOR('',#5411,10.);
#1467=VECTOR('',#5418,10.);
#1468=VECTOR('',#5421,10.);
#1469=VECTOR('',#5422,10.);
#1470=VECTOR('',#5423,10.);
#1471=VECTOR('',#5426,10.);
#1472=VECTOR('',#5427,10.);
#1473=VECTOR('',#5428,10.);
#1474=VECTOR('',#5435,10.);
#1475=VECTOR('',#5438,10.);
#1476=VECTOR('',#5439,10.);
#1477=VECTOR('',#5440,10.);
#1478=VECTOR('',#5443,10.);
#1479=VECTOR('',#5444,10.);
#1480=VECTOR('',#5445,10.);
#1481=VECTOR('',#5452,10.);
#1482=VECTOR('',#5455,10.);
#1483=VECTOR('',#5456,10.);
#1484=VECTOR('',#5457,10.);
#1485=VECTOR('',#5460,10.);
#1486=VECTOR('',#5461,10.);
#1487=VECTOR('',#5462,10.);
#1488=VECTOR('',#5469,10.);
#1489=VECTOR('',#5472,10.);
#1490=VECTOR('',#5473,10.);
#1491=VECTOR('',#5478,10.);
#1492=VECTOR('',#5481,10.);
#1493=VECTOR('',#5484,10.);
#1494=VECTOR('',#5485,10.);
#1495=VECTOR('',#5486,10.);
#1496=VECTOR('',#5493,10.);
#1497=VECTOR('',#5496,10.);
#1498=VECTOR('',#5497,10.);
#1499=VECTOR('',#5498,10.);
#1500=VECTOR('',#5505,10.);
#1501=VECTOR('',#5508,10.);
#1502=VECTOR('',#5509,10.);
#1503=VECTOR('',#5510,10.);
#1504=VECTOR('',#5513,10.);
#1505=VECTOR('',#5514,10.);
#1506=VECTOR('',#5515,10.);
#1507=VECTOR('',#5518,10.);
#1508=VECTOR('',#5519,10.);
#1509=VECTOR('',#5520,10.);
#1510=VECTOR('',#5523,10.);
#1511=VECTOR('',#5524,10.);
#1512=VECTOR('',#5525,10.);
#1513=VECTOR('',#5528,10.);
#1514=VECTOR('',#5529,10.);
#1515=VECTOR('',#5530,10.);
#1516=VECTOR('',#5533,10.);
#1517=VECTOR('',#5534,10.);
#1518=VECTOR('',#5535,10.);
#1519=VECTOR('',#5538,10.);
#1520=VECTOR('',#5539,10.);
#1521=VECTOR('',#5540,10.);
#1522=VECTOR('',#5543,10.);
#1523=VECTOR('',#5544,10.);
#1524=VECTOR('',#5545,10.);
#1525=VECTOR('',#5548,10.);
#1526=VECTOR('',#5549,10.);
#1527=VECTOR('',#5550,10.);
#1528=VECTOR('',#5553,10.);
#1529=VECTOR('',#5554,10.);
#1530=VECTOR('',#5555,10.);
#1531=VECTOR('',#5558,10.);
#1532=VECTOR('',#5559,10.);
#1533=VECTOR('',#5560,10.);
#1534=VECTOR('',#5563,10.);
#1535=VECTOR('',#5564,10.);
#1536=VECTOR('',#5565,10.);
#1537=VECTOR('',#5572,10.);
#1538=VECTOR('',#5575,10.);
#1539=VECTOR('',#5576,10.);
#1540=VECTOR('',#5577,10.);
#1541=VECTOR('',#5580,10.);
#1542=VECTOR('',#5581,10.);
#1543=VECTOR('',#5582,10.);
#1544=VECTOR('',#5589,10.);
#1545=VECTOR('',#5592,10.);
#1546=VECTOR('',#5593,10.);
#1547=VECTOR('',#5598,10.);
#1548=VECTOR('',#5601,10.);
#1549=VECTOR('',#5604,10.);
#1550=VECTOR('',#5605,10.);
#1551=VECTOR('',#5606,10.);
#1552=VECTOR('',#5613,10.);
#1553=VECTOR('',#5616,10.);
#1554=VECTOR('',#5617,10.);
#1555=VECTOR('',#5618,10.);
#1556=VECTOR('',#5625,10.);
#1557=VECTOR('',#5628,10.);
#1558=VECTOR('',#5629,10.);
#1559=VECTOR('',#5630,10.);
#1560=VECTOR('',#5633,10.);
#1561=VECTOR('',#5634,10.);
#1562=VECTOR('',#5635,10.);
#1563=VECTOR('',#5638,10.);
#1564=VECTOR('',#5639,10.);
#1565=VECTOR('',#5640,10.);
#1566=VECTOR('',#5643,10.);
#1567=VECTOR('',#5644,10.);
#1568=VECTOR('',#5645,10.);
#1569=VECTOR('',#5648,10.);
#1570=VECTOR('',#5649,10.);
#1571=VECTOR('',#5650,10.);
#1572=VECTOR('',#5657,10.);
#1573=VECTOR('',#5660,10.);
#1574=VECTOR('',#5661,10.);
#1575=VECTOR('',#5662,10.);
#1576=VECTOR('',#5665,10.);
#1577=VECTOR('',#5666,10.);
#1578=VECTOR('',#5667,10.);
#1579=VECTOR('',#5670,10.);
#1580=VECTOR('',#5671,10.);
#1581=VECTOR('',#5672,10.);
#1582=VECTOR('',#5675,10.);
#1583=VECTOR('',#5676,10.);
#1584=VECTOR('',#5677,10.);
#1585=VECTOR('',#5680,10.);
#1586=VECTOR('',#5681,10.);
#1587=VECTOR('',#5682,10.);
#1588=VECTOR('',#5685,10.);
#1589=VECTOR('',#5686,10.);
#1590=VECTOR('',#5687,10.);
#1591=VECTOR('',#5690,10.);
#1592=VECTOR('',#5691,10.);
#1593=VECTOR('',#5692,10.);
#1594=VECTOR('',#5695,10.);
#1595=VECTOR('',#5696,10.);
#1596=VECTOR('',#5697,10.);
#1597=VECTOR('',#5700,10.);
#1598=VECTOR('',#5701,10.);
#1599=VECTOR('',#5702,10.);
#1600=VECTOR('',#5705,10.);
#1601=VECTOR('',#5706,10.);
#1602=VECTOR('',#5707,10.);
#1603=VECTOR('',#5714,10.);
#1604=VECTOR('',#5717,10.);
#1605=VECTOR('',#5718,10.);
#1606=VECTOR('',#5723,10.);
#1607=VECTOR('',#5726,10.);
#1608=VECTOR('',#5729,10.);
#1609=VECTOR('',#5730,10.);
#1610=VECTOR('',#5731,10.);
#1611=VECTOR('',#5738,10.);
#1612=VECTOR('',#5741,10.);
#1613=VECTOR('',#5742,10.);
#1614=VECTOR('',#5743,10.);
#1615=VECTOR('',#5750,10.);
#1616=VECTOR('',#5753,10.);
#1617=VECTOR('',#5754,10.);
#1618=VECTOR('',#5755,10.);
#1619=VECTOR('',#5758,10.);
#1620=VECTOR('',#5759,10.);
#1621=VECTOR('',#5760,10.);
#1622=VECTOR('',#5763,10.);
#1623=VECTOR('',#5764,10.);
#1624=VECTOR('',#5765,10.);
#1625=VECTOR('',#5772,10.);
#1626=VECTOR('',#5775,10.);
#1627=VECTOR('',#5776,10.);
#1628=VECTOR('',#5777,10.);
#1629=VECTOR('',#5780,10.);
#1630=VECTOR('',#5781,10.);
#1631=VECTOR('',#5782,10.);
#1632=VECTOR('',#5785,10.);
#1633=VECTOR('',#5786,10.);
#1634=VECTOR('',#5787,10.);
#1635=VECTOR('',#5790,10.);
#1636=VECTOR('',#5791,10.);
#1637=VECTOR('',#5792,10.);
#1638=VECTOR('',#5795,10.);
#1639=VECTOR('',#5796,10.);
#1640=VECTOR('',#5797,10.);
#1641=VECTOR('',#5800,10.);
#1642=VECTOR('',#5801,10.);
#1643=VECTOR('',#5802,10.);
#1644=VECTOR('',#5805,10.);
#1645=VECTOR('',#5806,10.);
#1646=VECTOR('',#5807,10.);
#1647=VECTOR('',#5810,10.);
#1648=VECTOR('',#5811,10.);
#1649=VECTOR('',#5812,10.);
#1650=VECTOR('',#5819,10.);
#1651=VECTOR('',#5822,10.);
#1652=VECTOR('',#5823,10.);
#1653=VECTOR('',#5828,3.059999);
#1654=VECTOR('',#5833,10.);
#1655=VECTOR('',#5834,10.);
#1656=VECTOR('',#5835,10.);
#1657=VECTOR('',#5836,10.);
#1658=VECTOR('',#5839,10.);
#1659=VECTOR('',#5840,10.);
#1660=VECTOR('',#5841,10.);
#1661=VECTOR('',#5844,10.);
#1662=VECTOR('',#5845,10.);
#1663=VECTOR('',#5846,10.);
#1664=VECTOR('',#5849,10.);
#1665=VECTOR('',#5850,10.);
#1666=CIRCLE('',#4358,0.0599993201626218);
#1667=CIRCLE('',#4359,0.0599993201626218);
#1668=CIRCLE('',#4362,0.0599993201538642);
#1669=CIRCLE('',#4363,0.0599993201538642);
#1670=CIRCLE('',#4366,0.0599993201638296);
#1671=CIRCLE('',#4367,0.0599993201638296);
#1672=CIRCLE('',#4370,0.0599993201638474);
#1673=CIRCLE('',#4371,0.0599993201638474);
#1674=CIRCLE('',#4374,0.0599993201626218);
#1675=CIRCLE('',#4375,0.0599993201626218);
#1676=CIRCLE('',#4378,0.0599993201538997);
#1677=CIRCLE('',#4379,0.0599993201538997);
#1678=CIRCLE('',#4382,0.0599993201638651);
#1679=CIRCLE('',#4383,0.0599993201638651);
#1680=CIRCLE('',#4387,0.100000456608954);
#1681=CIRCLE('',#4388,0.100000456608954);
#1682=CIRCLE('',#4400,0.059999320163883);
#1683=CIRCLE('',#4401,0.059999320163883);
#1684=CIRCLE('',#4404,0.0599993201625862);
#1685=CIRCLE('',#4405,0.0599993201625862);
#1686=CIRCLE('',#4408,0.0599993201538637);
#1687=CIRCLE('',#4409,0.0599993201538637);
#1688=CIRCLE('',#4412,0.0599993202038331);
#1689=CIRCLE('',#4413,0.0599993202038331);
#1690=CIRCLE('',#4418,0.10000070213519);
#1691=CIRCLE('',#4419,0.10000070213519);
#1692=CIRCLE('',#4422,0.100000975968264);
#1693=CIRCLE('',#4423,0.100000975968264);
#1694=CIRCLE('',#4427,0.0599993201638835);
#1695=CIRCLE('',#4428,0.0599993201638835);
#1696=CIRCLE('',#4431,0.0599993201625862);
#1697=CIRCLE('',#4432,0.0599993201625862);
#1698=CIRCLE('',#4435,0.0599993201538637);
#1699=CIRCLE('',#4436,0.0599993201538637);
#1700=CIRCLE('',#4439,0.0599993202038154);
#1701=CIRCLE('',#4440,0.0599993202038154);
#1702=CIRCLE('',#4456,0.100000456608943);
#1703=CIRCLE('',#4457,0.100000456608943);
#1704=CIRCLE('',#4461,0.0599993201638835);
#1705=CIRCLE('',#4462,0.0599993201638835);
#1706=CIRCLE('',#4465,1.45);
#1707=CIRCLE('',#4466,1.45);
#1708=CIRCLE('',#4468,1.45);
#1709=CIRCLE('',#4469,1.45);
#1710=CIRCLE('',#4471,0.059999320162604);
#1711=CIRCLE('',#4472,0.059999320162604);
#1712=CIRCLE('',#4475,0.0599993201538993);
#1713=CIRCLE('',#4476,0.0599993201538993);
#1714=CIRCLE('',#4479,0.0599993202038331);
#1715=CIRCLE('',#4480,0.0599993202038331);
#1716=CIRCLE('',#4501,0.100000456608943);
#1717=CIRCLE('',#4502,0.100000456608943);
#1718=CIRCLE('',#4507,0.0599993201638835);
#1719=CIRCLE('',#4508,0.0599993201638835);
#1720=CIRCLE('',#4511,0.0599993201625685);
#1721=CIRCLE('',#4512,0.0599993201625685);
#1722=CIRCLE('',#4515,0.0599993201538993);
#1723=CIRCLE('',#4516,0.0599993201538993);
#1724=CIRCLE('',#4519,0.0599993202038331);
#1725=CIRCLE('',#4520,0.0599993202038331);
#1726=CIRCLE('',#4525,0.100000456608943);
#1727=CIRCLE('',#4526,0.100000456608943);
#1728=CIRCLE('',#4530,0.100000456608968);
#1729=CIRCLE('',#4531,0.100000456608968);
#1730=CIRCLE('',#4535,0.100000456608982);
#1731=CIRCLE('',#4536,0.100000456608982);
#1732=CIRCLE('',#4541,0.100000603779297);
#1733=CIRCLE('',#4542,0.100000603779297);
#1734=CIRCLE('',#4546,0.0599993201638835);
#1735=CIRCLE('',#4547,0.0599993201638835);
#1736=CIRCLE('',#4550,1.45);
#1737=CIRCLE('',#4551,1.45);
#1738=CIRCLE('',#4553,1.45);
#1739=CIRCLE('',#4554,1.45);
#1740=CIRCLE('',#4556,0.0599993201626218);
#1741=CIRCLE('',#4557,0.0599993201626218);
#1742=CIRCLE('',#4560,0.0599993201538997);
#1743=CIRCLE('',#4561,0.0599993201538997);
#1744=CIRCLE('',#4564,0.0599993201638296);
#1745=CIRCLE('',#4565,0.0599993201638296);
#1746=CIRCLE('',#4569,0.100000456608943);
#1747=CIRCLE('',#4570,0.100000456608943);
#1748=CIRCLE('',#4574,0.0999997272995236);
#1749=CIRCLE('',#4575,0.0999997272995236);
#1750=CIRCLE('',#4579,0.0599993201638119);
#1751=CIRCLE('',#4580,0.0599993201638119);
#1752=CIRCLE('',#4583,0.059999320162604);
#1753=CIRCLE('',#4584,0.059999320162604);
#1754=CIRCLE('',#4587,0.0599993201538642);
#1755=CIRCLE('',#4588,0.0599993201538642);
#1756=CIRCLE('',#4591,0.0599993201638296);
#1757=CIRCLE('',#4592,0.0599993201638296);
#1758=CIRCLE('',#4606,0.0995346241431166);
#1759=CIRCLE('',#4607,0.0995346241431166);
#1760=CIRCLE('',#4611,0.0599993201638474);
#1761=CIRCLE('',#4612,0.0599993201638474);
#1762=CIRCLE('',#4615,0.0599993201625862);
#1763=CIRCLE('',#4616,0.0599993201625862);
#1764=CIRCLE('',#4619,0.0599993201538637);
#1765=CIRCLE('',#4620,0.0599993201538637);
#1766=CIRCLE('',#4623,0.0599993202038331);
#1767=CIRCLE('',#4624,0.0599993202038331);
#1768=CIRCLE('',#4631,0.420050327792149);
#1769=CIRCLE('',#4632,0.420050327792149);
#1770=CIRCLE('',#4644,0.0599993201638835);
#1771=CIRCLE('',#4645,0.0599993201638835);
#1772=CIRCLE('',#4648,0.059999320162604);
#1773=CIRCLE('',#4649,0.059999320162604);
#1774=CIRCLE('',#4652,0.0599993201538993);
#1775=CIRCLE('',#4653,0.0599993201538993);
#1776=CIRCLE('',#4656,0.0599993202037621);
#1777=CIRCLE('',#4657,0.0599993202037621);
#1778=CIRCLE('',#4662,0.637279847457565);
#1779=CIRCLE('',#4663,0.637279847457565);
#1780=CIRCLE('',#4673,0.0599993201638125);
#1781=CIRCLE('',#4674,0.0599993201638125);
#1782=CIRCLE('',#4677,3.059999);
#1783=CIRCLE('',#4678,3.059999);
#1784=VERTEX_POINT('',#5863);
#1785=VERTEX_POINT('',#5864);
#1786=VERTEX_POINT('',#5866);
#1787=VERTEX_POINT('',#5868);
#1788=VERTEX_POINT('',#5872);
#1789=VERTEX_POINT('',#5874);
#1790=VERTEX_POINT('',#5878);
#1791=VERTEX_POINT('',#5880);
#1792=VERTEX_POINT('',#5884);
#1793=VERTEX_POINT('',#5886);
#1794=VERTEX_POINT('',#5890);
#1795=VERTEX_POINT('',#5892);
#1796=VERTEX_POINT('',#5896);
#1797=VERTEX_POINT('',#5898);
#1798=VERTEX_POINT('',#5902);
#1799=VERTEX_POINT('',#5904);
#1800=VERTEX_POINT('',#5911);
#1801=VERTEX_POINT('',#5912);
#1802=VERTEX_POINT('',#5914);
#1803=VERTEX_POINT('',#5916);
#1804=VERTEX_POINT('',#5920);
#1805=VERTEX_POINT('',#5922);
#1806=VERTEX_POINT('',#5926);
#1807=VERTEX_POINT('',#5928);
#1808=VERTEX_POINT('',#5932);
#1809=VERTEX_POINT('',#5934);
#1810=VERTEX_POINT('',#5938);
#1811=VERTEX_POINT('',#5940);
#1812=VERTEX_POINT('',#5944);
#1813=VERTEX_POINT('',#5946);
#1814=VERTEX_POINT('',#5950);
#1815=VERTEX_POINT('',#5952);
#1816=VERTEX_POINT('',#5956);
#1817=VERTEX_POINT('',#5958);
#1818=VERTEX_POINT('',#5962);
#1819=VERTEX_POINT('',#5964);
#1820=VERTEX_POINT('',#5968);
#1821=VERTEX_POINT('',#5970);
#1822=VERTEX_POINT('',#5974);
#1823=VERTEX_POINT('',#5976);
#1824=VERTEX_POINT('',#5980);
#1825=VERTEX_POINT('',#5982);
#1826=VERTEX_POINT('',#5986);
#1827=VERTEX_POINT('',#5988);
#1828=VERTEX_POINT('',#5992);
#1829=VERTEX_POINT('',#5994);
#1830=VERTEX_POINT('',#5998);
#1831=VERTEX_POINT('',#6000);
#1832=VERTEX_POINT('',#6004);
#1833=VERTEX_POINT('',#6006);
#1834=VERTEX_POINT('',#6010);
#1835=VERTEX_POINT('',#6012);
#1836=VERTEX_POINT('',#6016);
#1837=VERTEX_POINT('',#6018);
#1838=VERTEX_POINT('',#6022);
#1839=VERTEX_POINT('',#6024);
#1840=VERTEX_POINT('',#6031);
#1841=VERTEX_POINT('',#6032);
#1842=VERTEX_POINT('',#6034);
#1843=VERTEX_POINT('',#6036);
#1844=VERTEX_POINT('',#6040);
#1845=VERTEX_POINT('',#6042);
#1846=VERTEX_POINT('',#6046);
#1847=VERTEX_POINT('',#6048);
#1848=VERTEX_POINT('',#6052);
#1849=VERTEX_POINT('',#6054);
#1850=VERTEX_POINT('',#6058);
#1851=VERTEX_POINT('',#6060);
#1852=VERTEX_POINT('',#6064);
#1853=VERTEX_POINT('',#6066);
#1854=VERTEX_POINT('',#6070);
#1855=VERTEX_POINT('',#6072);
#1856=VERTEX_POINT('',#6076);
#1857=VERTEX_POINT('',#6078);
#1858=VERTEX_POINT('',#6082);
#1859=VERTEX_POINT('',#6084);
#1860=VERTEX_POINT('',#6088);
#1861=VERTEX_POINT('',#6090);
#1862=VERTEX_POINT('',#6094);
#1863=VERTEX_POINT('',#6096);
#1864=VERTEX_POINT('',#6100);
#1865=VERTEX_POINT('',#6102);
#1866=VERTEX_POINT('',#6106);
#1867=VERTEX_POINT('',#6108);
#1868=VERTEX_POINT('',#6112);
#1869=VERTEX_POINT('',#6114);
#1870=VERTEX_POINT('',#6121);
#1871=VERTEX_POINT('',#6122);
#1872=VERTEX_POINT('',#6124);
#1873=VERTEX_POINT('',#6126);
#1874=VERTEX_POINT('',#6130);
#1875=VERTEX_POINT('',#6132);
#1876=VERTEX_POINT('',#6136);
#1877=VERTEX_POINT('',#6138);
#1878=VERTEX_POINT('',#6142);
#1879=VERTEX_POINT('',#6144);
#1880=VERTEX_POINT('',#6148);
#1881=VERTEX_POINT('',#6150);
#1882=VERTEX_POINT('',#6154);
#1883=VERTEX_POINT('',#6156);
#1884=VERTEX_POINT('',#6160);
#1885=VERTEX_POINT('',#6162);
#1886=VERTEX_POINT('',#6166);
#1887=VERTEX_POINT('',#6168);
#1888=VERTEX_POINT('',#6172);
#1889=VERTEX_POINT('',#6174);
#1890=VERTEX_POINT('',#6178);
#1891=VERTEX_POINT('',#6180);
#1892=VERTEX_POINT('',#6184);
#1893=VERTEX_POINT('',#6186);
#1894=VERTEX_POINT('',#6190);
#1895=VERTEX_POINT('',#6192);
#1896=VERTEX_POINT('',#6196);
#1897=VERTEX_POINT('',#6198);
#1898=VERTEX_POINT('',#6202);
#1899=VERTEX_POINT('',#6204);
#1900=VERTEX_POINT('',#6208);
#1901=VERTEX_POINT('',#6210);
#1902=VERTEX_POINT('',#6214);
#1903=VERTEX_POINT('',#6216);
#1904=VERTEX_POINT('',#6220);
#1905=VERTEX_POINT('',#6222);
#1906=VERTEX_POINT('',#6226);
#1907=VERTEX_POINT('',#6228);
#1908=VERTEX_POINT('',#6232);
#1909=VERTEX_POINT('',#6234);
#1910=VERTEX_POINT('',#6238);
#1911=VERTEX_POINT('',#6240);
#1912=VERTEX_POINT('',#6244);
#1913=VERTEX_POINT('',#6246);
#1914=VERTEX_POINT('',#6250);
#1915=VERTEX_POINT('',#6252);
#1916=VERTEX_POINT('',#6256);
#1917=VERTEX_POINT('',#6258);
#1918=VERTEX_POINT('',#6265);
#1919=VERTEX_POINT('',#6267);
#1920=VERTEX_POINT('',#6271);
#1921=VERTEX_POINT('',#6273);
#1922=VERTEX_POINT('',#6277);
#1923=VERTEX_POINT('',#6278);
#1924=VERTEX_POINT('',#6280);
#1925=VERTEX_POINT('',#6282);
#1926=VERTEX_POINT('',#6286);
#1927=VERTEX_POINT('',#6288);
#1928=VERTEX_POINT('',#6292);
#1929=VERTEX_POINT('',#6294);
#1930=VERTEX_POINT('',#6298);
#1931=VERTEX_POINT('',#6300);
#1932=VERTEX_POINT('',#6304);
#1933=VERTEX_POINT('',#6306);
#1934=VERTEX_POINT('',#6310);
#1935=VERTEX_POINT('',#6312);
#1936=VERTEX_POINT('',#6316);
#1937=VERTEX_POINT('',#6318);
#1938=VERTEX_POINT('',#6322);
#1939=VERTEX_POINT('',#6324);
#1940=VERTEX_POINT('',#6328);
#1941=VERTEX_POINT('',#6330);
#1942=VERTEX_POINT('',#6334);
#1943=VERTEX_POINT('',#6336);
#1944=VERTEX_POINT('',#6340);
#1945=VERTEX_POINT('',#6342);
#1946=VERTEX_POINT('',#6346);
#1947=VERTEX_POINT('',#6348);
#1948=VERTEX_POINT('',#6352);
#1949=VERTEX_POINT('',#6354);
#1950=VERTEX_POINT('',#6358);
#1951=VERTEX_POINT('',#6360);
#1952=VERTEX_POINT('',#6364);
#1953=VERTEX_POINT('',#6366);
#1954=VERTEX_POINT('',#6370);
#1955=VERTEX_POINT('',#6372);
#1956=VERTEX_POINT('',#6376);
#1957=VERTEX_POINT('',#6378);
#1958=VERTEX_POINT('',#6382);
#1959=VERTEX_POINT('',#6384);
#1960=VERTEX_POINT('',#6388);
#1961=VERTEX_POINT('',#6390);
#1962=VERTEX_POINT('',#6394);
#1963=VERTEX_POINT('',#6396);
#1964=VERTEX_POINT('',#6400);
#1965=VERTEX_POINT('',#6402);
#1966=VERTEX_POINT('',#6406);
#1967=VERTEX_POINT('',#6408);
#1968=VERTEX_POINT('',#6412);
#1969=VERTEX_POINT('',#6414);
#1970=VERTEX_POINT('',#6418);
#1971=VERTEX_POINT('',#6420);
#1972=VERTEX_POINT('',#6424);
#1973=VERTEX_POINT('',#6426);
#1974=VERTEX_POINT('',#6430);
#1975=VERTEX_POINT('',#6432);
#1976=VERTEX_POINT('',#6436);
#1977=VERTEX_POINT('',#6438);
#1978=VERTEX_POINT('',#6442);
#1979=VERTEX_POINT('',#6444);
#1980=VERTEX_POINT('',#6448);
#1981=VERTEX_POINT('',#6450);
#1982=VERTEX_POINT('',#6457);
#1983=VERTEX_POINT('',#6458);
#1984=VERTEX_POINT('',#6460);
#1985=VERTEX_POINT('',#6462);
#1986=VERTEX_POINT('',#6466);
#1987=VERTEX_POINT('',#6468);
#1988=VERTEX_POINT('',#6472);
#1989=VERTEX_POINT('',#6474);
#1990=VERTEX_POINT('',#6478);
#1991=VERTEX_POINT('',#6480);
#1992=VERTEX_POINT('',#6484);
#1993=VERTEX_POINT('',#6486);
#1994=VERTEX_POINT('',#6490);
#1995=VERTEX_POINT('',#6492);
#1996=VERTEX_POINT('',#6496);
#1997=VERTEX_POINT('',#6498);
#1998=VERTEX_POINT('',#6502);
#1999=VERTEX_POINT('',#6504);
#2000=VERTEX_POINT('',#6508);
#2001=VERTEX_POINT('',#6510);
#2002=VERTEX_POINT('',#6514);
#2003=VERTEX_POINT('',#6516);
#2004=VERTEX_POINT('',#6520);
#2005=VERTEX_POINT('',#6522);
#2006=VERTEX_POINT('',#6526);
#2007=VERTEX_POINT('',#6528);
#2008=VERTEX_POINT('',#6532);
#2009=VERTEX_POINT('',#6534);
#2010=VERTEX_POINT('',#6538);
#2011=VERTEX_POINT('',#6540);
#2012=VERTEX_POINT('',#6544);
#2013=VERTEX_POINT('',#6546);
#2014=VERTEX_POINT('',#6550);
#2015=VERTEX_POINT('',#6552);
#2016=VERTEX_POINT('',#6556);
#2017=VERTEX_POINT('',#6558);
#2018=VERTEX_POINT('',#6562);
#2019=VERTEX_POINT('',#6564);
#2020=VERTEX_POINT('',#6568);
#2021=VERTEX_POINT('',#6570);
#2022=VERTEX_POINT('',#6574);
#2023=VERTEX_POINT('',#6576);
#2024=VERTEX_POINT('',#6580);
#2025=VERTEX_POINT('',#6582);
#2026=VERTEX_POINT('',#6586);
#2027=VERTEX_POINT('',#6588);
#2028=VERTEX_POINT('',#6595);
#2029=VERTEX_POINT('',#6597);
#2030=VERTEX_POINT('',#6601);
#2031=VERTEX_POINT('',#6603);
#2032=VERTEX_POINT('',#6607);
#2033=VERTEX_POINT('',#6608);
#2034=VERTEX_POINT('',#6610);
#2035=VERTEX_POINT('',#6612);
#2036=VERTEX_POINT('',#6616);
#2037=VERTEX_POINT('',#6618);
#2038=VERTEX_POINT('',#6622);
#2039=VERTEX_POINT('',#6624);
#2040=VERTEX_POINT('',#6628);
#2041=VERTEX_POINT('',#6630);
#2042=VERTEX_POINT('',#6634);
#2043=VERTEX_POINT('',#6636);
#2044=VERTEX_POINT('',#6640);
#2045=VERTEX_POINT('',#6642);
#2046=VERTEX_POINT('',#6646);
#2047=VERTEX_POINT('',#6648);
#2048=VERTEX_POINT('',#6652);
#2049=VERTEX_POINT('',#6654);
#2050=VERTEX_POINT('',#6658);
#2051=VERTEX_POINT('',#6660);
#2052=VERTEX_POINT('',#6664);
#2053=VERTEX_POINT('',#6666);
#2054=VERTEX_POINT('',#6670);
#2055=VERTEX_POINT('',#6672);
#2056=VERTEX_POINT('',#6676);
#2057=VERTEX_POINT('',#6678);
#2058=VERTEX_POINT('',#6682);
#2059=VERTEX_POINT('',#6684);
#2060=VERTEX_POINT('',#6688);
#2061=VERTEX_POINT('',#6690);
#2062=VERTEX_POINT('',#6697);
#2063=VERTEX_POINT('',#6698);
#2064=VERTEX_POINT('',#6700);
#2065=VERTEX_POINT('',#6702);
#2066=VERTEX_POINT('',#6706);
#2067=VERTEX_POINT('',#6708);
#2068=VERTEX_POINT('',#6712);
#2069=VERTEX_POINT('',#6714);
#2070=VERTEX_POINT('',#6718);
#2071=VERTEX_POINT('',#6720);
#2072=VERTEX_POINT('',#6724);
#2073=VERTEX_POINT('',#6726);
#2074=VERTEX_POINT('',#6730);
#2075=VERTEX_POINT('',#6732);
#2076=VERTEX_POINT('',#6736);
#2077=VERTEX_POINT('',#6738);
#2078=VERTEX_POINT('',#6742);
#2079=VERTEX_POINT('',#6744);
#2080=VERTEX_POINT('',#6748);
#2081=VERTEX_POINT('',#6750);
#2082=VERTEX_POINT('',#6754);
#2083=VERTEX_POINT('',#6756);
#2084=VERTEX_POINT('',#6760);
#2085=VERTEX_POINT('',#6762);
#2086=VERTEX_POINT('',#6766);
#2087=VERTEX_POINT('',#6768);
#2088=VERTEX_POINT('',#6772);
#2089=VERTEX_POINT('',#6774);
#2090=VERTEX_POINT('',#6778);
#2091=VERTEX_POINT('',#6780);
#2092=VERTEX_POINT('',#6784);
#2093=VERTEX_POINT('',#6786);
#2094=VERTEX_POINT('',#6790);
#2095=VERTEX_POINT('',#6792);
#2096=VERTEX_POINT('',#6796);
#2097=VERTEX_POINT('',#6798);
#2098=VERTEX_POINT('',#6802);
#2099=VERTEX_POINT('',#6804);
#2100=VERTEX_POINT('',#6808);
#2101=VERTEX_POINT('',#6810);
#2102=VERTEX_POINT('',#6814);
#2103=VERTEX_POINT('',#6816);
#2104=VERTEX_POINT('',#6820);
#2105=VERTEX_POINT('',#6822);
#2106=VERTEX_POINT('',#6829);
#2107=VERTEX_POINT('',#6830);
#2108=VERTEX_POINT('',#6832);
#2109=VERTEX_POINT('',#6834);
#2110=VERTEX_POINT('',#6838);
#2111=VERTEX_POINT('',#6840);
#2112=VERTEX_POINT('',#6844);
#2113=VERTEX_POINT('',#6846);
#2114=VERTEX_POINT('',#6850);
#2115=VERTEX_POINT('',#6852);
#2116=VERTEX_POINT('',#6856);
#2117=VERTEX_POINT('',#6858);
#2118=VERTEX_POINT('',#6862);
#2119=VERTEX_POINT('',#6864);
#2120=VERTEX_POINT('',#6868);
#2121=VERTEX_POINT('',#6870);
#2122=VERTEX_POINT('',#6874);
#2123=VERTEX_POINT('',#6876);
#2124=VERTEX_POINT('',#6880);
#2125=VERTEX_POINT('',#6882);
#2126=VERTEX_POINT('',#6886);
#2127=VERTEX_POINT('',#6888);
#2128=VERTEX_POINT('',#6892);
#2129=VERTEX_POINT('',#6894);
#2130=VERTEX_POINT('',#6898);
#2131=VERTEX_POINT('',#6900);
#2132=VERTEX_POINT('',#6904);
#2133=VERTEX_POINT('',#6906);
#2134=VERTEX_POINT('',#6910);
#2135=VERTEX_POINT('',#6912);
#2136=VERTEX_POINT('',#6916);
#2137=VERTEX_POINT('',#6918);
#2138=VERTEX_POINT('',#6922);
#2139=VERTEX_POINT('',#6924);
#2140=VERTEX_POINT('',#6928);
#2141=VERTEX_POINT('',#6930);
#2142=VERTEX_POINT('',#6934);
#2143=VERTEX_POINT('',#6936);
#2144=VERTEX_POINT('',#6940);
#2145=VERTEX_POINT('',#6942);
#2146=VERTEX_POINT('',#6946);
#2147=VERTEX_POINT('',#6948);
#2148=VERTEX_POINT('',#6952);
#2149=VERTEX_POINT('',#6954);
#2150=VERTEX_POINT('',#6958);
#2151=VERTEX_POINT('',#6960);
#2152=VERTEX_POINT('',#6967);
#2153=VERTEX_POINT('',#6968);
#2154=VERTEX_POINT('',#6970);
#2155=VERTEX_POINT('',#6972);
#2156=VERTEX_POINT('',#6976);
#2157=VERTEX_POINT('',#6978);
#2158=VERTEX_POINT('',#6982);
#2159=VERTEX_POINT('',#6984);
#2160=VERTEX_POINT('',#6988);
#2161=VERTEX_POINT('',#6990);
#2162=VERTEX_POINT('',#6994);
#2163=VERTEX_POINT('',#6996);
#2164=VERTEX_POINT('',#7000);
#2165=VERTEX_POINT('',#7002);
#2166=VERTEX_POINT('',#7006);
#2167=VERTEX_POINT('',#7008);
#2168=VERTEX_POINT('',#7012);
#2169=VERTEX_POINT('',#7014);
#2170=VERTEX_POINT('',#7018);
#2171=VERTEX_POINT('',#7020);
#2172=VERTEX_POINT('',#7024);
#2173=VERTEX_POINT('',#7026);
#2174=VERTEX_POINT('',#7030);
#2175=VERTEX_POINT('',#7032);
#2176=VERTEX_POINT('',#7036);
#2177=VERTEX_POINT('',#7038);
#2178=VERTEX_POINT('',#7042);
#2179=VERTEX_POINT('',#7044);
#2180=VERTEX_POINT('',#7048);
#2181=VERTEX_POINT('',#7050);
#2182=VERTEX_POINT('',#7054);
#2183=VERTEX_POINT('',#7056);
#2184=VERTEX_POINT('',#7060);
#2185=VERTEX_POINT('',#7062);
#2186=VERTEX_POINT('',#7066);
#2187=VERTEX_POINT('',#7068);
#2188=VERTEX_POINT('',#7072);
#2189=VERTEX_POINT('',#7074);
#2190=VERTEX_POINT('',#7081);
#2191=VERTEX_POINT('',#7083);
#2192=VERTEX_POINT('',#7087);
#2193=VERTEX_POINT('',#7088);
#2194=VERTEX_POINT('',#7090);
#2195=VERTEX_POINT('',#7092);
#2196=VERTEX_POINT('',#7096);
#2197=VERTEX_POINT('',#7098);
#2198=VERTEX_POINT('',#7102);
#2199=VERTEX_POINT('',#7104);
#2200=EDGE_CURVE('',#1784,#1785,#1666,.T.);
#2201=EDGE_CURVE('',#1785,#1786,#654,.T.);
#2202=EDGE_CURVE('',#1787,#1786,#1667,.T.);
#2203=EDGE_CURVE('',#1784,#1787,#655,.T.);
#2204=EDGE_CURVE('',#1788,#1784,#656,.T.);
#2205=EDGE_CURVE('',#1789,#1787,#657,.T.);
#2206=EDGE_CURVE('',#1788,#1789,#658,.T.);
#2207=EDGE_CURVE('',#1790,#1788,#1668,.T.);
#2208=EDGE_CURVE('',#1791,#1789,#1669,.T.);
#2209=EDGE_CURVE('',#1790,#1791,#659,.T.);
#2210=EDGE_CURVE('',#1792,#1790,#660,.T.);
#2211=EDGE_CURVE('',#1793,#1791,#661,.T.);
#2212=EDGE_CURVE('',#1792,#1793,#662,.T.);
#2213=EDGE_CURVE('',#1794,#1792,#1670,.T.);
#2214=EDGE_CURVE('',#1795,#1793,#1671,.T.);
#2215=EDGE_CURVE('',#1794,#1795,#663,.T.);
#2216=EDGE_CURVE('',#1796,#1794,#664,.T.);
#2217=EDGE_CURVE('',#1797,#1795,#665,.T.);
#2218=EDGE_CURVE('',#1796,#1797,#666,.T.);
#2219=EDGE_CURVE('',#1798,#1796,#1672,.T.);
#2220=EDGE_CURVE('',#1799,#1797,#1673,.T.);
#2221=EDGE_CURVE('',#1798,#1799,#667,.T.);
#2222=EDGE_CURVE('',#1785,#1798,#668,.T.);
#2223=EDGE_CURVE('',#1786,#1799,#669,.T.);
#2224=EDGE_CURVE('',#1800,#1801,#1674,.T.);
#2225=EDGE_CURVE('',#1801,#1802,#670,.T.);
#2226=EDGE_CURVE('',#1803,#1802,#1675,.T.);
#2227=EDGE_CURVE('',#1800,#1803,#671,.T.);
#2228=EDGE_CURVE('',#1804,#1800,#672,.T.);
#2229=EDGE_CURVE('',#1805,#1803,#673,.T.);
#2230=EDGE_CURVE('',#1804,#1805,#674,.T.);
#2231=EDGE_CURVE('',#1806,#1804,#1676,.T.);
#2232=EDGE_CURVE('',#1807,#1805,#1677,.T.);
#2233=EDGE_CURVE('',#1806,#1807,#675,.T.);
#2234=EDGE_CURVE('',#1808,#1806,#676,.T.);
#2235=EDGE_CURVE('',#1809,#1807,#677,.T.);
#2236=EDGE_CURVE('',#1808,#1809,#678,.T.);
#2237=EDGE_CURVE('',#1810,#1808,#1678,.T.);
#2238=EDGE_CURVE('',#1811,#1809,#1679,.T.);
#2239=EDGE_CURVE('',#1810,#1811,#679,.T.);
#2240=EDGE_CURVE('',#1812,#1810,#680,.T.);
#2241=EDGE_CURVE('',#1813,#1811,#681,.T.);
#2242=EDGE_CURVE('',#1812,#1813,#682,.T.);
#2243=EDGE_CURVE('',#1814,#1812,#683,.T.);
#2244=EDGE_CURVE('',#1815,#1813,#684,.T.);
#2245=EDGE_CURVE('',#1814,#1815,#685,.T.);
#2246=EDGE_CURVE('',#1816,#1814,#1680,.T.);
#2247=EDGE_CURVE('',#1817,#1815,#1681,.T.);
#2248=EDGE_CURVE('',#1816,#1817,#686,.T.);
#2249=EDGE_CURVE('',#1818,#1816,#687,.T.);
#2250=EDGE_CURVE('',#1819,#1817,#688,.T.);
#2251=EDGE_CURVE('',#1818,#1819,#689,.T.);
#2252=EDGE_CURVE('',#1820,#1818,#690,.T.);
#2253=EDGE_CURVE('',#1821,#1819,#691,.T.);
#2254=EDGE_CURVE('',#1820,#1821,#692,.T.);
#2255=EDGE_CURVE('',#1822,#1820,#693,.T.);
#2256=EDGE_CURVE('',#1823,#1821,#694,.T.);
#2257=EDGE_CURVE('',#1822,#1823,#695,.T.);
#2258=EDGE_CURVE('',#1824,#1822,#696,.T.);
#2259=EDGE_CURVE('',#1825,#1823,#697,.T.);
#2260=EDGE_CURVE('',#1824,#1825,#698,.T.);
#2261=EDGE_CURVE('',#1826,#1824,#699,.T.);
#2262=EDGE_CURVE('',#1827,#1825,#700,.T.);
#2263=EDGE_CURVE('',#1826,#1827,#701,.T.);
#2264=EDGE_CURVE('',#1828,#1826,#702,.T.);
#2265=EDGE_CURVE('',#1829,#1827,#703,.T.);
#2266=EDGE_CURVE('',#1828,#1829,#704,.T.);
#2267=EDGE_CURVE('',#1830,#1828,#705,.T.);
#2268=EDGE_CURVE('',#1831,#1829,#706,.T.);
#2269=EDGE_CURVE('',#1830,#1831,#707,.T.);
#2270=EDGE_CURVE('',#1832,#1830,#708,.T.);
#2271=EDGE_CURVE('',#1833,#1831,#709,.T.);
#2272=EDGE_CURVE('',#1832,#1833,#710,.T.);
#2273=EDGE_CURVE('',#1834,#1832,#711,.T.);
#2274=EDGE_CURVE('',#1835,#1833,#712,.T.);
#2275=EDGE_CURVE('',#1834,#1835,#713,.T.);
#2276=EDGE_CURVE('',#1836,#1834,#714,.T.);
#2277=EDGE_CURVE('',#1837,#1835,#715,.T.);
#2278=EDGE_CURVE('',#1836,#1837,#716,.T.);
#2279=EDGE_CURVE('',#1838,#1836,#1682,.T.);
#2280=EDGE_CURVE('',#1839,#1837,#1683,.T.);
#2281=EDGE_CURVE('',#1838,#1839,#717,.T.);
#2282=EDGE_CURVE('',#1801,#1838,#718,.T.);
#2283=EDGE_CURVE('',#1802,#1839,#719,.T.);
#2284=EDGE_CURVE('',#1840,#1841,#1684,.T.);
#2285=EDGE_CURVE('',#1841,#1842,#720,.T.);
#2286=EDGE_CURVE('',#1843,#1842,#1685,.T.);
#2287=EDGE_CURVE('',#1840,#1843,#721,.T.);
#2288=EDGE_CURVE('',#1844,#1840,#722,.T.);
#2289=EDGE_CURVE('',#1845,#1843,#723,.T.);
#2290=EDGE_CURVE('',#1844,#1845,#724,.T.);
#2291=EDGE_CURVE('',#1846,#1844,#1686,.T.);
#2292=EDGE_CURVE('',#1847,#1845,#1687,.T.);
#2293=EDGE_CURVE('',#1846,#1847,#725,.T.);
#2294=EDGE_CURVE('',#1848,#1846,#726,.T.);
#2295=EDGE_CURVE('',#1849,#1847,#727,.T.);
#2296=EDGE_CURVE('',#1848,#1849,#728,.T.);
#2297=EDGE_CURVE('',#1850,#1848,#1688,.T.);
#2298=EDGE_CURVE('',#1851,#1849,#1689,.T.);
#2299=EDGE_CURVE('',#1850,#1851,#729,.T.);
#2300=EDGE_CURVE('',#1852,#1850,#730,.T.);
#2301=EDGE_CURVE('',#1853,#1851,#731,.T.);
#2302=EDGE_CURVE('',#1852,#1853,#732,.T.);
#2303=EDGE_CURVE('',#1854,#1852,#733,.T.);
#2304=EDGE_CURVE('',#1855,#1853,#734,.T.);
#2305=EDGE_CURVE('',#1854,#1855,#735,.T.);
#2306=EDGE_CURVE('',#1856,#1854,#736,.T.);
#2307=EDGE_CURVE('',#1857,#1855,#737,.T.);
#2308=EDGE_CURVE('',#1856,#1857,#738,.T.);
#2309=EDGE_CURVE('',#1858,#1856,#1690,.T.);
#2310=EDGE_CURVE('',#1859,#1857,#1691,.T.);
#2311=EDGE_CURVE('',#1858,#1859,#739,.T.);
#2312=EDGE_CURVE('',#1860,#1858,#740,.T.);
#2313=EDGE_CURVE('',#1861,#1859,#741,.T.);
#2314=EDGE_CURVE('',#1860,#1861,#742,.T.);
#2315=EDGE_CURVE('',#1862,#1860,#1692,.T.);
#2316=EDGE_CURVE('',#1863,#1861,#1693,.T.);
#2317=EDGE_CURVE('',#1862,#1863,#743,.T.);
#2318=EDGE_CURVE('',#1864,#1862,#744,.T.);
#2319=EDGE_CURVE('',#1865,#1863,#745,.T.);
#2320=EDGE_CURVE('',#1864,#1865,#746,.T.);
#2321=EDGE_CURVE('',#1866,#1864,#747,.T.);
#2322=EDGE_CURVE('',#1867,#1865,#748,.T.);
#2323=EDGE_CURVE('',#1866,#1867,#749,.T.);
#2324=EDGE_CURVE('',#1868,#1866,#1694,.T.);
#2325=EDGE_CURVE('',#1869,#1867,#1695,.T.);
#2326=EDGE_CURVE('',#1868,#1869,#750,.T.);
#2327=EDGE_CURVE('',#1841,#1868,#751,.T.);
#2328=EDGE_CURVE('',#1842,#1869,#752,.T.);
#2329=EDGE_CURVE('',#1870,#1871,#1696,.T.);
#2330=EDGE_CURVE('',#1871,#1872,#753,.T.);
#2331=EDGE_CURVE('',#1873,#1872,#1697,.T.);
#2332=EDGE_CURVE('',#1870,#1873,#754,.T.);
#2333=EDGE_CURVE('',#1874,#1870,#755,.T.);
#2334=EDGE_CURVE('',#1875,#1873,#756,.T.);
#2335=EDGE_CURVE('',#1874,#1875,#757,.T.);
#2336=EDGE_CURVE('',#1876,#1874,#1698,.T.);
#2337=EDGE_CURVE('',#1877,#1875,#1699,.T.);
#2338=EDGE_CURVE('',#1876,#1877,#758,.T.);
#2339=EDGE_CURVE('',#1878,#1876,#759,.T.);
#2340=EDGE_CURVE('',#1879,#1877,#760,.T.);
#2341=EDGE_CURVE('',#1878,#1879,#761,.T.);
#2342=EDGE_CURVE('',#1880,#1878,#1700,.T.);
#2343=EDGE_CURVE('',#1881,#1879,#1701,.T.);
#2344=EDGE_CURVE('',#1880,#1881,#762,.T.);
#2345=EDGE_CURVE('',#1882,#1880,#763,.T.);
#2346=EDGE_CURVE('',#1883,#1881,#764,.T.);
#2347=EDGE_CURVE('',#1882,#1883,#765,.T.);
#2348=EDGE_CURVE('',#1884,#1882,#766,.T.);
#2349=EDGE_CURVE('',#1885,#1883,#767,.T.);
#2350=EDGE_CURVE('',#1884,#1885,#768,.T.);
#2351=EDGE_CURVE('',#1886,#1884,#769,.T.);
#2352=EDGE_CURVE('',#1887,#1885,#770,.T.);
#2353=EDGE_CURVE('',#1886,#1887,#771,.T.);
#2354=EDGE_CURVE('',#1888,#1886,#772,.T.);
#2355=EDGE_CURVE('',#1889,#1887,#773,.T.);
#2356=EDGE_CURVE('',#1888,#1889,#774,.T.);
#2357=EDGE_CURVE('',#1890,#1888,#775,.T.);
#2358=EDGE_CURVE('',#1891,#1889,#776,.T.);
#2359=EDGE_CURVE('',#1890,#1891,#777,.T.);
#2360=EDGE_CURVE('',#1892,#1890,#778,.T.);
#2361=EDGE_CURVE('',#1893,#1891,#779,.T.);
#2362=EDGE_CURVE('',#1892,#1893,#780,.T.);
#2363=EDGE_CURVE('',#1894,#1892,#781,.T.);
#2364=EDGE_CURVE('',#1895,#1893,#782,.T.);
#2365=EDGE_CURVE('',#1894,#1895,#783,.T.);
#2366=EDGE_CURVE('',#1896,#1894,#784,.T.);
#2367=EDGE_CURVE('',#1897,#1895,#785,.T.);
#2368=EDGE_CURVE('',#1896,#1897,#786,.T.);
#2369=EDGE_CURVE('',#1898,#1896,#787,.T.);
#2370=EDGE_CURVE('',#1899,#1897,#788,.T.);
#2371=EDGE_CURVE('',#1898,#1899,#789,.T.);
#2372=EDGE_CURVE('',#1900,#1898,#790,.T.);
#2373=EDGE_CURVE('',#1901,#1899,#791,.T.);
#2374=EDGE_CURVE('',#1900,#1901,#792,.T.);
#2375=EDGE_CURVE('',#1902,#1900,#793,.T.);
#2376=EDGE_CURVE('',#1903,#1901,#794,.T.);
#2377=EDGE_CURVE('',#1902,#1903,#795,.T.);
#2378=EDGE_CURVE('',#1904,#1902,#796,.T.);
#2379=EDGE_CURVE('',#1905,#1903,#797,.T.);
#2380=EDGE_CURVE('',#1904,#1905,#798,.T.);
#2381=EDGE_CURVE('',#1906,#1904,#799,.T.);
#2382=EDGE_CURVE('',#1907,#1905,#800,.T.);
#2383=EDGE_CURVE('',#1906,#1907,#801,.T.);
#2384=EDGE_CURVE('',#1908,#1906,#802,.T.);
#2385=EDGE_CURVE('',#1909,#1907,#803,.T.);
#2386=EDGE_CURVE('',#1908,#1909,#804,.T.);
#2387=EDGE_CURVE('',#1910,#1908,#1702,.T.);
#2388=EDGE_CURVE('',#1911,#1909,#1703,.T.);
#2389=EDGE_CURVE('',#1910,#1911,#805,.T.);
#2390=EDGE_CURVE('',#1912,#1910,#806,.T.);
#2391=EDGE_CURVE('',#1913,#1911,#807,.T.);
#2392=EDGE_CURVE('',#1912,#1913,#808,.T.);
#2393=EDGE_CURVE('',#1914,#1912,#809,.T.);
#2394=EDGE_CURVE('',#1915,#1913,#810,.T.);
#2395=EDGE_CURVE('',#1914,#1915,#811,.T.);
#2396=EDGE_CURVE('',#1916,#1914,#1704,.T.);
#2397=EDGE_CURVE('',#1917,#1915,#1705,.T.);
#2398=EDGE_CURVE('',#1916,#1917,#812,.T.);
#2399=EDGE_CURVE('',#1871,#1916,#813,.T.);
#2400=EDGE_CURVE('',#1872,#1917,#814,.T.);
#2401=EDGE_CURVE('',#1918,#1918,#1706,.T.);
#2402=EDGE_CURVE('',#1918,#1919,#815,.T.);
#2403=EDGE_CURVE('',#1919,#1919,#1707,.T.);
#2404=EDGE_CURVE('',#1920,#1920,#1708,.T.);
#2405=EDGE_CURVE('',#1920,#1921,#816,.T.);
#2406=EDGE_CURVE('',#1921,#1921,#1709,.T.);
#2407=EDGE_CURVE('',#1922,#1923,#1710,.T.);
#2408=EDGE_CURVE('',#1923,#1924,#817,.T.);
#2409=EDGE_CURVE('',#1925,#1924,#1711,.T.);
#2410=EDGE_CURVE('',#1922,#1925,#818,.T.);
#2411=EDGE_CURVE('',#1926,#1922,#819,.T.);
#2412=EDGE_CURVE('',#1927,#1925,#820,.T.);
#2413=EDGE_CURVE('',#1926,#1927,#821,.T.);
#2414=EDGE_CURVE('',#1928,#1926,#1712,.T.);
#2415=EDGE_CURVE('',#1929,#1927,#1713,.T.);
#2416=EDGE_CURVE('',#1928,#1929,#822,.T.);
#2417=EDGE_CURVE('',#1930,#1928,#823,.T.);
#2418=EDGE_CURVE('',#1931,#1929,#824,.T.);
#2419=EDGE_CURVE('',#1930,#1931,#825,.T.);
#2420=EDGE_CURVE('',#1932,#1930,#1714,.T.);
#2421=EDGE_CURVE('',#1933,#1931,#1715,.T.);
#2422=EDGE_CURVE('',#1932,#1933,#826,.T.);
#2423=EDGE_CURVE('',#1934,#1932,#827,.T.);
#2424=EDGE_CURVE('',#1935,#1933,#828,.T.);
#2425=EDGE_CURVE('',#1934,#1935,#829,.T.);
#2426=EDGE_CURVE('',#1936,#1934,#830,.T.);
#2427=EDGE_CURVE('',#1937,#1935,#831,.T.);
#2428=EDGE_CURVE('',#1936,#1937,#832,.T.);
#2429=EDGE_CURVE('',#1938,#1936,#833,.T.);
#2430=EDGE_CURVE('',#1939,#1937,#834,.T.);
#2431=EDGE_CURVE('',#1938,#1939,#835,.T.);
#2432=EDGE_CURVE('',#1940,#1938,#836,.T.);
#2433=EDGE_CURVE('',#1941,#1939,#837,.T.);
#2434=EDGE_CURVE('',#1940,#1941,#838,.T.);
#2435=EDGE_CURVE('',#1942,#1940,#839,.T.);
#2436=EDGE_CURVE('',#1943,#1941,#840,.T.);
#2437=EDGE_CURVE('',#1942,#1943,#841,.T.);
#2438=EDGE_CURVE('',#1944,#1942,#842,.T.);
#2439=EDGE_CURVE('',#1945,#1943,#843,.T.);
#2440=EDGE_CURVE('',#1944,#1945,#844,.T.);
#2441=EDGE_CURVE('',#1946,#1944,#845,.T.);
#2442=EDGE_CURVE('',#1947,#1945,#846,.T.);
#2443=EDGE_CURVE('',#1946,#1947,#847,.T.);
#2444=EDGE_CURVE('',#1948,#1946,#848,.T.);
#2445=EDGE_CURVE('',#1949,#1947,#849,.T.);
#2446=EDGE_CURVE('',#1948,#1949,#850,.T.);
#2447=EDGE_CURVE('',#1950,#1948,#851,.T.);
#2448=EDGE_CURVE('',#1951,#1949,#852,.T.);
#2449=EDGE_CURVE('',#1950,#1951,#853,.T.);
#2450=EDGE_CURVE('',#1952,#1950,#854,.T.);
#2451=EDGE_CURVE('',#1953,#1951,#855,.T.);
#2452=EDGE_CURVE('',#1952,#1953,#856,.T.);
#2453=EDGE_CURVE('',#1954,#1952,#857,.T.);
#2454=EDGE_CURVE('',#1955,#1953,#858,.T.);
#2455=EDGE_CURVE('',#1954,#1955,#859,.T.);
#2456=EDGE_CURVE('',#1956,#1954,#860,.T.);
#2457=EDGE_CURVE('',#1957,#1955,#861,.T.);
#2458=EDGE_CURVE('',#1956,#1957,#862,.T.);
#2459=EDGE_CURVE('',#1958,#1956,#863,.T.);
#2460=EDGE_CURVE('',#1959,#1957,#864,.T.);
#2461=EDGE_CURVE('',#1958,#1959,#865,.T.);
#2462=EDGE_CURVE('',#1960,#1958,#866,.T.);
#2463=EDGE_CURVE('',#1961,#1959,#867,.T.);
#2464=EDGE_CURVE('',#1960,#1961,#868,.T.);
#2465=EDGE_CURVE('',#1962,#1960,#869,.T.);
#2466=EDGE_CURVE('',#1963,#1961,#870,.T.);
#2467=EDGE_CURVE('',#1962,#1963,#871,.T.);
#2468=EDGE_CURVE('',#1964,#1962,#872,.T.);
#2469=EDGE_CURVE('',#1965,#1963,#873,.T.);
#2470=EDGE_CURVE('',#1964,#1965,#874,.T.);
#2471=EDGE_CURVE('',#1966,#1964,#875,.T.);
#2472=EDGE_CURVE('',#1967,#1965,#876,.T.);
#2473=EDGE_CURVE('',#1966,#1967,#877,.T.);
#2474=EDGE_CURVE('',#1968,#1966,#878,.T.);
#2475=EDGE_CURVE('',#1969,#1967,#879,.T.);
#2476=EDGE_CURVE('',#1968,#1969,#880,.T.);
#2477=EDGE_CURVE('',#1970,#1968,#881,.T.);
#2478=EDGE_CURVE('',#1971,#1969,#882,.T.);
#2479=EDGE_CURVE('',#1970,#1971,#883,.T.);
#2480=EDGE_CURVE('',#1972,#1970,#1716,.T.);
#2481=EDGE_CURVE('',#1973,#1971,#1717,.T.);
#2482=EDGE_CURVE('',#1972,#1973,#884,.T.);
#2483=EDGE_CURVE('',#1974,#1972,#885,.T.);
#2484=EDGE_CURVE('',#1975,#1973,#886,.T.);
#2485=EDGE_CURVE('',#1974,#1975,#887,.T.);
#2486=EDGE_CURVE('',#1976,#1974,#888,.T.);
#2487=EDGE_CURVE('',#1977,#1975,#889,.T.);
#2488=EDGE_CURVE('',#1976,#1977,#890,.T.);
#2489=EDGE_CURVE('',#1978,#1976,#891,.T.);
#2490=EDGE_CURVE('',#1979,#1977,#892,.T.);
#2491=EDGE_CURVE('',#1978,#1979,#893,.T.);
#2492=EDGE_CURVE('',#1980,#1978,#1718,.T.);
#2493=EDGE_CURVE('',#1981,#1979,#1719,.T.);
#2494=EDGE_CURVE('',#1980,#1981,#894,.T.);
#2495=EDGE_CURVE('',#1923,#1980,#895,.T.);
#2496=EDGE_CURVE('',#1924,#1981,#896,.T.);
#2497=EDGE_CURVE('',#1982,#1983,#1720,.T.);
#2498=EDGE_CURVE('',#1983,#1984,#897,.T.);
#2499=EDGE_CURVE('',#1985,#1984,#1721,.T.);
#2500=EDGE_CURVE('',#1982,#1985,#898,.T.);
#2501=EDGE_CURVE('',#1986,#1982,#899,.T.);
#2502=EDGE_CURVE('',#1987,#1985,#900,.T.);
#2503=EDGE_CURVE('',#1986,#1987,#901,.T.);
#2504=EDGE_CURVE('',#1988,#1986,#1722,.T.);
#2505=EDGE_CURVE('',#1989,#1987,#1723,.T.);
#2506=EDGE_CURVE('',#1988,#1989,#902,.T.);
#2507=EDGE_CURVE('',#1990,#1988,#903,.T.);
#2508=EDGE_CURVE('',#1991,#1989,#904,.T.);
#2509=EDGE_CURVE('',#1990,#1991,#905,.T.);
#2510=EDGE_CURVE('',#1992,#1990,#1724,.T.);
#2511=EDGE_CURVE('',#1993,#1991,#1725,.T.);
#2512=EDGE_CURVE('',#1992,#1993,#906,.T.);
#2513=EDGE_CURVE('',#1994,#1992,#907,.T.);
#2514=EDGE_CURVE('',#1995,#1993,#908,.T.);
#2515=EDGE_CURVE('',#1994,#1995,#909,.T.);
#2516=EDGE_CURVE('',#1996,#1994,#910,.T.);
#2517=EDGE_CURVE('',#1997,#1995,#911,.T.);
#2518=EDGE_CURVE('',#1996,#1997,#912,.T.);
#2519=EDGE_CURVE('',#1998,#1996,#913,.T.);
#2520=EDGE_CURVE('',#1999,#1997,#914,.T.);
#2521=EDGE_CURVE('',#1998,#1999,#915,.T.);
#2522=EDGE_CURVE('',#2000,#1998,#1726,.T.);
#2523=EDGE_CURVE('',#2001,#1999,#1727,.T.);
#2524=EDGE_CURVE('',#2000,#2001,#916,.T.);
#2525=EDGE_CURVE('',#2002,#2000,#917,.T.);
#2526=EDGE_CURVE('',#2003,#2001,#918,.T.);
#2527=EDGE_CURVE('',#2002,#2003,#919,.T.);
#2528=EDGE_CURVE('',#2004,#2002,#920,.T.);
#2529=EDGE_CURVE('',#2005,#2003,#921,.T.);
#2530=EDGE_CURVE('',#2004,#2005,#922,.T.);
#2531=EDGE_CURVE('',#2006,#2004,#1728,.T.);
#2532=EDGE_CURVE('',#2007,#2005,#1729,.T.);
#2533=EDGE_CURVE('',#2006,#2007,#923,.T.);
#2534=EDGE_CURVE('',#2008,#2006,#924,.T.);
#2535=EDGE_CURVE('',#2009,#2007,#925,.T.);
#2536=EDGE_CURVE('',#2008,#2009,#926,.T.);
#2537=EDGE_CURVE('',#2010,#2008,#927,.T.);
#2538=EDGE_CURVE('',#2011,#2009,#928,.T.);
#2539=EDGE_CURVE('',#2010,#2011,#929,.T.);
#2540=EDGE_CURVE('',#2012,#2010,#1730,.T.);
#2541=EDGE_CURVE('',#2013,#2011,#1731,.T.);
#2542=EDGE_CURVE('',#2012,#2013,#930,.T.);
#2543=EDGE_CURVE('',#2014,#2012,#931,.T.);
#2544=EDGE_CURVE('',#2015,#2013,#932,.T.);
#2545=EDGE_CURVE('',#2014,#2015,#933,.T.);
#2546=EDGE_CURVE('',#2016,#2014,#934,.T.);
#2547=EDGE_CURVE('',#2017,#2015,#935,.T.);
#2548=EDGE_CURVE('',#2016,#2017,#936,.T.);
#2549=EDGE_CURVE('',#2018,#2016,#937,.T.);
#2550=EDGE_CURVE('',#2019,#2017,#938,.T.);
#2551=EDGE_CURVE('',#2018,#2019,#939,.T.);
#2552=EDGE_CURVE('',#2020,#2018,#1732,.T.);
#2553=EDGE_CURVE('',#2021,#2019,#1733,.T.);
#2554=EDGE_CURVE('',#2020,#2021,#940,.T.);
#2555=EDGE_CURVE('',#2022,#2020,#941,.T.);
#2556=EDGE_CURVE('',#2023,#2021,#942,.T.);
#2557=EDGE_CURVE('',#2022,#2023,#943,.T.);
#2558=EDGE_CURVE('',#2024,#2022,#944,.T.);
#2559=EDGE_CURVE('',#2025,#2023,#945,.T.);
#2560=EDGE_CURVE('',#2024,#2025,#946,.T.);
#2561=EDGE_CURVE('',#2026,#2024,#1734,.T.);
#2562=EDGE_CURVE('',#2027,#2025,#1735,.T.);
#2563=EDGE_CURVE('',#2026,#2027,#947,.T.);
#2564=EDGE_CURVE('',#1983,#2026,#948,.T.);
#2565=EDGE_CURVE('',#1984,#2027,#949,.T.);
#2566=EDGE_CURVE('',#2028,#2028,#1736,.T.);
#2567=EDGE_CURVE('',#2028,#2029,#950,.T.);
#2568=EDGE_CURVE('',#2029,#2029,#1737,.T.);
#2569=EDGE_CURVE('',#2030,#2030,#1738,.T.);
#2570=EDGE_CURVE('',#2030,#2031,#951,.T.);
#2571=EDGE_CURVE('',#2031,#2031,#1739,.T.);
#2572=EDGE_CURVE('',#2032,#2033,#1740,.T.);
#2573=EDGE_CURVE('',#2033,#2034,#952,.T.);
#2574=EDGE_CURVE('',#2035,#2034,#1741,.T.);
#2575=EDGE_CURVE('',#2032,#2035,#953,.T.);
#2576=EDGE_CURVE('',#2036,#2032,#954,.T.);
#2577=EDGE_CURVE('',#2037,#2035,#955,.T.);
#2578=EDGE_CURVE('',#2036,#2037,#956,.T.);
#2579=EDGE_CURVE('',#2038,#2036,#1742,.T.);
#2580=EDGE_CURVE('',#2039,#2037,#1743,.T.);
#2581=EDGE_CURVE('',#2038,#2039,#957,.T.);
#2582=EDGE_CURVE('',#2040,#2038,#958,.T.);
#2583=EDGE_CURVE('',#2041,#2039,#959,.T.);
#2584=EDGE_CURVE('',#2040,#2041,#960,.T.);
#2585=EDGE_CURVE('',#2042,#2040,#1744,.T.);
#2586=EDGE_CURVE('',#2043,#2041,#1745,.T.);
#2587=EDGE_CURVE('',#2042,#2043,#961,.T.);
#2588=EDGE_CURVE('',#2044,#2042,#962,.T.);
#2589=EDGE_CURVE('',#2045,#2043,#963,.T.);
#2590=EDGE_CURVE('',#2044,#2045,#964,.T.);
#2591=EDGE_CURVE('',#2046,#2044,#965,.T.);
#2592=EDGE_CURVE('',#2047,#2045,#966,.T.);
#2593=EDGE_CURVE('',#2046,#2047,#967,.T.);
#2594=EDGE_CURVE('',#2048,#2046,#1746,.T.);
#2595=EDGE_CURVE('',#2049,#2047,#1747,.T.);
#2596=EDGE_CURVE('',#2048,#2049,#968,.T.);
#2597=EDGE_CURVE('',#2050,#2048,#969,.T.);
#2598=EDGE_CURVE('',#2051,#2049,#970,.T.);
#2599=EDGE_CURVE('',#2050,#2051,#971,.T.);
#2600=EDGE_CURVE('',#2052,#2050,#972,.T.);
#2601=EDGE_CURVE('',#2053,#2051,#973,.T.);
#2602=EDGE_CURVE('',#2052,#2053,#974,.T.);
#2603=EDGE_CURVE('',#2054,#2052,#1748,.T.);
#2604=EDGE_CURVE('',#2055,#2053,#1749,.T.);
#2605=EDGE_CURVE('',#2054,#2055,#975,.T.);
#2606=EDGE_CURVE('',#2056,#2054,#976,.T.);
#2607=EDGE_CURVE('',#2057,#2055,#977,.T.);
#2608=EDGE_CURVE('',#2056,#2057,#978,.T.);
#2609=EDGE_CURVE('',#2058,#2056,#979,.T.);
#2610=EDGE_CURVE('',#2059,#2057,#980,.T.);
#2611=EDGE_CURVE('',#2058,#2059,#981,.T.);
#2612=EDGE_CURVE('',#2060,#2058,#1750,.T.);
#2613=EDGE_CURVE('',#2061,#2059,#1751,.T.);
#2614=EDGE_CURVE('',#2060,#2061,#982,.T.);
#2615=EDGE_CURVE('',#2033,#2060,#983,.T.);
#2616=EDGE_CURVE('',#2034,#2061,#984,.T.);
#2617=EDGE_CURVE('',#2062,#2063,#1752,.T.);
#2618=EDGE_CURVE('',#2063,#2064,#985,.T.);
#2619=EDGE_CURVE('',#2065,#2064,#1753,.T.);
#2620=EDGE_CURVE('',#2062,#2065,#986,.T.);
#2621=EDGE_CURVE('',#2066,#2062,#987,.T.);
#2622=EDGE_CURVE('',#2067,#2065,#988,.T.);
#2623=EDGE_CURVE('',#2066,#2067,#989,.T.);
#2624=EDGE_CURVE('',#2068,#2066,#1754,.T.);
#2625=EDGE_CURVE('',#2069,#2067,#1755,.T.);
#2626=EDGE_CURVE('',#2068,#2069,#990,.T.);
#2627=EDGE_CURVE('',#2070,#2068,#991,.T.);
#2628=EDGE_CURVE('',#2071,#2069,#992,.T.);
#2629=EDGE_CURVE('',#2070,#2071,#993,.T.);
#2630=EDGE_CURVE('',#2072,#2070,#1756,.T.);
#2631=EDGE_CURVE('',#2073,#2071,#1757,.T.);
#2632=EDGE_CURVE('',#2072,#2073,#994,.T.);
#2633=EDGE_CURVE('',#2074,#2072,#995,.T.);
#2634=EDGE_CURVE('',#2075,#2073,#996,.T.);
#2635=EDGE_CURVE('',#2074,#2075,#997,.T.);
#2636=EDGE_CURVE('',#2076,#2074,#998,.T.);
#2637=EDGE_CURVE('',#2077,#2075,#999,.T.);
#2638=EDGE_CURVE('',#2076,#2077,#1000,.T.);
#2639=EDGE_CURVE('',#2078,#2076,#1001,.T.);
#2640=EDGE_CURVE('',#2079,#2077,#1002,.T.);
#2641=EDGE_CURVE('',#2078,#2079,#1003,.T.);
#2642=EDGE_CURVE('',#2080,#2078,#1004,.T.);
#2643=EDGE_CURVE('',#2081,#2079,#1005,.T.);
#2644=EDGE_CURVE('',#2080,#2081,#1006,.T.);
#2645=EDGE_CURVE('',#2082,#2080,#1007,.T.);
#2646=EDGE_CURVE('',#2083,#2081,#1008,.T.);
#2647=EDGE_CURVE('',#2082,#2083,#1009,.T.);
#2648=EDGE_CURVE('',#2084,#2082,#1010,.T.);
#2649=EDGE_CURVE('',#2085,#2083,#1011,.T.);
#2650=EDGE_CURVE('',#2084,#2085,#1012,.T.);
#2651=EDGE_CURVE('',#2086,#2084,#1013,.T.);
#2652=EDGE_CURVE('',#2087,#2085,#1014,.T.);
#2653=EDGE_CURVE('',#2086,#2087,#1015,.T.);
#2654=EDGE_CURVE('',#2088,#2086,#1016,.T.);
#2655=EDGE_CURVE('',#2089,#2087,#1017,.T.);
#2656=EDGE_CURVE('',#2088,#2089,#1018,.T.);
#2657=EDGE_CURVE('',#2090,#2088,#1019,.T.);
#2658=EDGE_CURVE('',#2091,#2089,#1020,.T.);
#2659=EDGE_CURVE('',#2090,#2091,#1021,.T.);
#2660=EDGE_CURVE('',#2092,#2090,#1022,.T.);
#2661=EDGE_CURVE('',#2093,#2091,#1023,.T.);
#2662=EDGE_CURVE('',#2092,#2093,#1024,.T.);
#2663=EDGE_CURVE('',#2094,#2092,#1025,.T.);
#2664=EDGE_CURVE('',#2095,#2093,#1026,.T.);
#2665=EDGE_CURVE('',#2094,#2095,#1027,.T.);
#2666=EDGE_CURVE('',#2096,#2094,#1028,.T.);
#2667=EDGE_CURVE('',#2097,#2095,#1029,.T.);
#2668=EDGE_CURVE('',#2096,#2097,#1030,.T.);
#2669=EDGE_CURVE('',#2098,#2096,#1758,.T.);
#2670=EDGE_CURVE('',#2099,#2097,#1759,.T.);
#2671=EDGE_CURVE('',#2098,#2099,#1031,.T.);
#2672=EDGE_CURVE('',#2100,#2098,#1032,.T.);
#2673=EDGE_CURVE('',#2101,#2099,#1033,.T.);
#2674=EDGE_CURVE('',#2100,#2101,#1034,.T.);
#2675=EDGE_CURVE('',#2102,#2100,#1035,.T.);
#2676=EDGE_CURVE('',#2103,#2101,#1036,.T.);
#2677=EDGE_CURVE('',#2102,#2103,#1037,.T.);
#2678=EDGE_CURVE('',#2104,#2102,#1760,.T.);
#2679=EDGE_CURVE('',#2105,#2103,#1761,.T.);
#2680=EDGE_CURVE('',#2104,#2105,#1038,.T.);
#2681=EDGE_CURVE('',#2063,#2104,#1039,.T.);
#2682=EDGE_CURVE('',#2064,#2105,#1040,.T.);
#2683=EDGE_CURVE('',#2106,#2107,#1762,.T.);
#2684=EDGE_CURVE('',#2107,#2108,#1041,.T.);
#2685=EDGE_CURVE('',#2109,#2108,#1763,.T.);
#2686=EDGE_CURVE('',#2106,#2109,#1042,.T.);
#2687=EDGE_CURVE('',#2110,#2106,#1043,.T.);
#2688=EDGE_CURVE('',#2111,#2109,#1044,.T.);
#2689=EDGE_CURVE('',#2110,#2111,#1045,.T.);
#2690=EDGE_CURVE('',#2112,#2110,#1764,.T.);
#2691=EDGE_CURVE('',#2113,#2111,#1765,.T.);
#2692=EDGE_CURVE('',#2112,#2113,#1046,.T.);
#2693=EDGE_CURVE('',#2114,#2112,#1047,.T.);
#2694=EDGE_CURVE('',#2115,#2113,#1048,.T.);
#2695=EDGE_CURVE('',#2114,#2115,#1049,.T.);
#2696=EDGE_CURVE('',#2116,#2114,#1766,.T.);
#2697=EDGE_CURVE('',#2117,#2115,#1767,.T.);
#2698=EDGE_CURVE('',#2116,#2117,#1050,.T.);
#2699=EDGE_CURVE('',#2118,#2116,#1051,.T.);
#2700=EDGE_CURVE('',#2119,#2117,#1052,.T.);
#2701=EDGE_CURVE('',#2118,#2119,#1053,.T.);
#2702=EDGE_CURVE('',#2120,#2118,#1054,.T.);
#2703=EDGE_CURVE('',#2121,#2119,#1055,.T.);
#2704=EDGE_CURVE('',#2120,#2121,#1056,.T.);
#2705=EDGE_CURVE('',#2122,#2120,#1057,.T.);
#2706=EDGE_CURVE('',#2123,#2121,#1058,.T.);
#2707=EDGE_CURVE('',#2122,#2123,#1059,.T.);
#2708=EDGE_CURVE('',#2124,#2122,#1060,.T.);
#2709=EDGE_CURVE('',#2125,#2123,#1061,.T.);
#2710=EDGE_CURVE('',#2124,#2125,#1062,.T.);
#2711=EDGE_CURVE('',#2126,#2124,#1063,.T.);
#2712=EDGE_CURVE('',#2127,#2125,#1064,.T.);
#2713=EDGE_CURVE('',#2126,#2127,#1065,.T.);
#2714=EDGE_CURVE('',#2128,#2126,#1768,.T.);
#2715=EDGE_CURVE('',#2129,#2127,#1769,.T.);
#2716=EDGE_CURVE('',#2128,#2129,#1066,.T.);
#2717=EDGE_CURVE('',#2130,#2128,#1067,.T.);
#2718=EDGE_CURVE('',#2131,#2129,#1068,.T.);
#2719=EDGE_CURVE('',#2130,#2131,#1069,.T.);
#2720=EDGE_CURVE('',#2132,#2130,#1070,.T.);
#2721=EDGE_CURVE('',#2133,#2131,#1071,.T.);
#2722=EDGE_CURVE('',#2132,#2133,#1072,.T.);
#2723=EDGE_CURVE('',#2134,#2132,#1073,.T.);
#2724=EDGE_CURVE('',#2135,#2133,#1074,.T.);
#2725=EDGE_CURVE('',#2134,#2135,#1075,.T.);
#2726=EDGE_CURVE('',#2136,#2134,#1076,.T.);
#2727=EDGE_CURVE('',#2137,#2135,#1077,.T.);
#2728=EDGE_CURVE('',#2136,#2137,#1078,.T.);
#2729=EDGE_CURVE('',#2138,#2136,#1079,.T.);
#2730=EDGE_CURVE('',#2139,#2137,#1080,.T.);
#2731=EDGE_CURVE('',#2138,#2139,#1081,.T.);
#2732=EDGE_CURVE('',#2140,#2138,#1082,.T.);
#2733=EDGE_CURVE('',#2141,#2139,#1083,.T.);
#2734=EDGE_CURVE('',#2140,#2141,#1084,.T.);
#2735=EDGE_CURVE('',#2142,#2140,#1085,.T.);
#2736=EDGE_CURVE('',#2143,#2141,#1086,.T.);
#2737=EDGE_CURVE('',#2142,#2143,#1087,.T.);
#2738=EDGE_CURVE('',#2144,#2142,#1088,.T.);
#2739=EDGE_CURVE('',#2145,#2143,#1089,.T.);
#2740=EDGE_CURVE('',#2144,#2145,#1090,.T.);
#2741=EDGE_CURVE('',#2146,#2144,#1091,.T.);
#2742=EDGE_CURVE('',#2147,#2145,#1092,.T.);
#2743=EDGE_CURVE('',#2146,#2147,#1093,.T.);
#2744=EDGE_CURVE('',#2148,#2146,#1094,.T.);
#2745=EDGE_CURVE('',#2149,#2147,#1095,.T.);
#2746=EDGE_CURVE('',#2148,#2149,#1096,.T.);
#2747=EDGE_CURVE('',#2150,#2148,#1770,.T.);
#2748=EDGE_CURVE('',#2151,#2149,#1771,.T.);
#2749=EDGE_CURVE('',#2150,#2151,#1097,.T.);
#2750=EDGE_CURVE('',#2107,#2150,#1098,.T.);
#2751=EDGE_CURVE('',#2108,#2151,#1099,.T.);
#2752=EDGE_CURVE('',#2152,#2153,#1772,.T.);
#2753=EDGE_CURVE('',#2153,#2154,#1100,.T.);
#2754=EDGE_CURVE('',#2155,#2154,#1773,.T.);
#2755=EDGE_CURVE('',#2152,#2155,#1101,.T.);
#2756=EDGE_CURVE('',#2156,#2152,#1102,.T.);
#2757=EDGE_CURVE('',#2157,#2155,#1103,.T.);
#2758=EDGE_CURVE('',#2156,#2157,#1104,.T.);
#2759=EDGE_CURVE('',#2158,#2156,#1774,.T.);
#2760=EDGE_CURVE('',#2159,#2157,#1775,.T.);
#2761=EDGE_CURVE('',#2158,#2159,#1105,.T.);
#2762=EDGE_CURVE('',#2160,#2158,#1106,.T.);
#2763=EDGE_CURVE('',#2161,#2159,#1107,.T.);
#2764=EDGE_CURVE('',#2160,#2161,#1108,.T.);
#2765=EDGE_CURVE('',#2162,#2160,#1776,.T.);
#2766=EDGE_CURVE('',#2163,#2161,#1777,.T.);
#2767=EDGE_CURVE('',#2162,#2163,#1109,.T.);
#2768=EDGE_CURVE('',#2164,#2162,#1110,.T.);
#2769=EDGE_CURVE('',#2165,#2163,#1111,.T.);
#2770=EDGE_CURVE('',#2164,#2165,#1112,.T.);
#2771=EDGE_CURVE('',#2166,#2164,#1113,.T.);
#2772=EDGE_CURVE('',#2167,#2165,#1114,.T.);
#2773=EDGE_CURVE('',#2166,#2167,#1115,.T.);
#2774=EDGE_CURVE('',#2168,#2166,#1116,.T.);
#2775=EDGE_CURVE('',#2169,#2167,#1117,.T.);
#2776=EDGE_CURVE('',#2168,#2169,#1118,.T.);
#2777=EDGE_CURVE('',#2170,#2168,#1778,.T.);
#2778=EDGE_CURVE('',#2171,#2169,#1779,.T.);
#2779=EDGE_CURVE('',#2170,#2171,#1119,.T.);
#2780=EDGE_CURVE('',#2172,#2170,#1120,.T.);
#2781=EDGE_CURVE('',#2173,#2171,#1121,.T.);
#2782=EDGE_CURVE('',#2172,#2173,#1122,.T.);
#2783=EDGE_CURVE('',#2174,#2172,#1123,.T.);
#2784=EDGE_CURVE('',#2175,#2173,#1124,.T.);
#2785=EDGE_CURVE('',#2174,#2175,#1125,.T.);
#2786=EDGE_CURVE('',#2176,#2174,#1126,.T.);
#2787=EDGE_CURVE('',#2177,#2175,#1127,.T.);
#2788=EDGE_CURVE('',#2176,#2177,#1128,.T.);
#2789=EDGE_CURVE('',#2178,#2176,#1129,.T.);
#2790=EDGE_CURVE('',#2179,#2177,#1130,.T.);
#2791=EDGE_CURVE('',#2178,#2179,#1131,.T.);
#2792=EDGE_CURVE('',#2180,#2178,#1132,.T.);
#2793=EDGE_CURVE('',#2181,#2179,#1133,.T.);
#2794=EDGE_CURVE('',#2180,#2181,#1134,.T.);
#2795=EDGE_CURVE('',#2182,#2180,#1135,.T.);
#2796=EDGE_CURVE('',#2183,#2181,#1136,.T.);
#2797=EDGE_CURVE('',#2182,#2183,#1137,.T.);
#2798=EDGE_CURVE('',#2184,#2182,#1138,.T.);
#2799=EDGE_CURVE('',#2185,#2183,#1139,.T.);
#2800=EDGE_CURVE('',#2184,#2185,#1140,.T.);
#2801=EDGE_CURVE('',#2186,#2184,#1141,.T.);
#2802=EDGE_CURVE('',#2187,#2185,#1142,.T.);
#2803=EDGE_CURVE('',#2186,#2187,#1143,.T.);
#2804=EDGE_CURVE('',#2188,#2186,#1780,.T.);
#2805=EDGE_CURVE('',#2189,#2187,#1781,.T.);
#2806=EDGE_CURVE('',#2188,#2189,#1144,.T.);
#2807=EDGE_CURVE('',#2153,#2188,#1145,.T.);
#2808=EDGE_CURVE('',#2154,#2189,#1146,.T.);
#2809=EDGE_CURVE('',#2190,#2190,#1782,.T.);
#2810=EDGE_CURVE('',#2190,#2191,#1147,.T.);
#2811=EDGE_CURVE('',#2191,#2191,#1783,.T.);
#2812=EDGE_CURVE('',#2192,#2193,#1148,.T.);
#2813=EDGE_CURVE('',#2193,#2194,#1149,.T.);
#2814=EDGE_CURVE('',#2195,#2194,#1150,.T.);
#2815=EDGE_CURVE('',#2192,#2195,#1151,.T.);
#2816=EDGE_CURVE('',#2196,#2192,#1152,.T.);
#2817=EDGE_CURVE('',#2197,#2195,#1153,.T.);
#2818=EDGE_CURVE('',#2196,#2197,#1154,.T.);
#2819=EDGE_CURVE('',#2198,#2196,#1155,.T.);
#2820=EDGE_CURVE('',#2199,#2197,#1156,.T.);
#2821=EDGE_CURVE('',#2198,#2199,#1157,.T.);
#2822=EDGE_CURVE('',#2193,#2198,#1158,.T.);
#2823=EDGE_CURVE('',#2194,#2199,#1159,.T.);
#2824=ORIENTED_EDGE('',*,*,#2200,.T.);
#2825=ORIENTED_EDGE('',*,*,#2201,.T.);
#2826=ORIENTED_EDGE('',*,*,#2202,.F.);
#2827=ORIENTED_EDGE('',*,*,#2203,.F.);
#2828=ORIENTED_EDGE('',*,*,#2204,.T.);
#2829=ORIENTED_EDGE('',*,*,#2203,.T.);
#2830=ORIENTED_EDGE('',*,*,#2205,.F.);
#2831=ORIENTED_EDGE('',*,*,#2206,.F.);
#2832=ORIENTED_EDGE('',*,*,#2207,.T.);
#2833=ORIENTED_EDGE('',*,*,#2206,.T.);
#2834=ORIENTED_EDGE('',*,*,#2208,.F.);
#2835=ORIENTED_EDGE('',*,*,#2209,.F.);
#2836=ORIENTED_EDGE('',*,*,#2210,.T.);
#2837=ORIENTED_EDGE('',*,*,#2209,.T.);
#2838=ORIENTED_EDGE('',*,*,#2211,.F.);
#2839=ORIENTED_EDGE('',*,*,#2212,.F.);
#2840=ORIENTED_EDGE('',*,*,#2213,.T.);
#2841=ORIENTED_EDGE('',*,*,#2212,.T.);
#2842=ORIENTED_EDGE('',*,*,#2214,.F.);
#2843=ORIENTED_EDGE('',*,*,#2215,.F.);
#2844=ORIENTED_EDGE('',*,*,#2216,.T.);
#2845=ORIENTED_EDGE('',*,*,#2215,.T.);
#2846=ORIENTED_EDGE('',*,*,#2217,.F.);
#2847=ORIENTED_EDGE('',*,*,#2218,.F.);
#2848=ORIENTED_EDGE('',*,*,#2219,.T.);
#2849=ORIENTED_EDGE('',*,*,#2218,.T.);
#2850=ORIENTED_EDGE('',*,*,#2220,.F.);
#2851=ORIENTED_EDGE('',*,*,#2221,.F.);
#2852=ORIENTED_EDGE('',*,*,#2222,.T.);
#2853=ORIENTED_EDGE('',*,*,#2221,.T.);
#2854=ORIENTED_EDGE('',*,*,#2223,.F.);
#2855=ORIENTED_EDGE('',*,*,#2201,.F.);
#2856=ORIENTED_EDGE('',*,*,#2224,.T.);
#2857=ORIENTED_EDGE('',*,*,#2225,.T.);
#2858=ORIENTED_EDGE('',*,*,#2226,.F.);
#2859=ORIENTED_EDGE('',*,*,#2227,.F.);
#2860=ORIENTED_EDGE('',*,*,#2228,.T.);
#2861=ORIENTED_EDGE('',*,*,#2227,.T.);
#2862=ORIENTED_EDGE('',*,*,#2229,.F.);
#2863=ORIENTED_EDGE('',*,*,#2230,.F.);
#2864=ORIENTED_EDGE('',*,*,#2231,.T.);
#2865=ORIENTED_EDGE('',*,*,#2230,.T.);
#2866=ORIENTED_EDGE('',*,*,#2232,.F.);
#2867=ORIENTED_EDGE('',*,*,#2233,.F.);
#2868=ORIENTED_EDGE('',*,*,#2234,.T.);
#2869=ORIENTED_EDGE('',*,*,#2233,.T.);
#2870=ORIENTED_EDGE('',*,*,#2235,.F.);
#2871=ORIENTED_EDGE('',*,*,#2236,.F.);
#2872=ORIENTED_EDGE('',*,*,#2237,.T.);
#2873=ORIENTED_EDGE('',*,*,#2236,.T.);
#2874=ORIENTED_EDGE('',*,*,#2238,.F.);
#2875=ORIENTED_EDGE('',*,*,#2239,.F.);
#2876=ORIENTED_EDGE('',*,*,#2240,.T.);
#2877=ORIENTED_EDGE('',*,*,#2239,.T.);
#2878=ORIENTED_EDGE('',*,*,#2241,.F.);
#2879=ORIENTED_EDGE('',*,*,#2242,.F.);
#2880=ORIENTED_EDGE('',*,*,#2243,.T.);
#2881=ORIENTED_EDGE('',*,*,#2242,.T.);
#2882=ORIENTED_EDGE('',*,*,#2244,.F.);
#2883=ORIENTED_EDGE('',*,*,#2245,.F.);
#2884=ORIENTED_EDGE('',*,*,#2246,.T.);
#2885=ORIENTED_EDGE('',*,*,#2245,.T.);
#2886=ORIENTED_EDGE('',*,*,#2247,.F.);
#2887=ORIENTED_EDGE('',*,*,#2248,.F.);
#2888=ORIENTED_EDGE('',*,*,#2249,.T.);
#2889=ORIENTED_EDGE('',*,*,#2248,.T.);
#2890=ORIENTED_EDGE('',*,*,#2250,.F.);
#2891=ORIENTED_EDGE('',*,*,#2251,.F.);
#2892=ORIENTED_EDGE('',*,*,#2252,.T.);
#2893=ORIENTED_EDGE('',*,*,#2251,.T.);
#2894=ORIENTED_EDGE('',*,*,#2253,.F.);
#2895=ORIENTED_EDGE('',*,*,#2254,.F.);
#2896=ORIENTED_EDGE('',*,*,#2255,.T.);
#2897=ORIENTED_EDGE('',*,*,#2254,.T.);
#2898=ORIENTED_EDGE('',*,*,#2256,.F.);
#2899=ORIENTED_EDGE('',*,*,#2257,.F.);
#2900=ORIENTED_EDGE('',*,*,#2258,.T.);
#2901=ORIENTED_EDGE('',*,*,#2257,.T.);
#2902=ORIENTED_EDGE('',*,*,#2259,.F.);
#2903=ORIENTED_EDGE('',*,*,#2260,.F.);
#2904=ORIENTED_EDGE('',*,*,#2261,.T.);
#2905=ORIENTED_EDGE('',*,*,#2260,.T.);
#2906=ORIENTED_EDGE('',*,*,#2262,.F.);
#2907=ORIENTED_EDGE('',*,*,#2263,.F.);
#2908=ORIENTED_EDGE('',*,*,#2264,.T.);
#2909=ORIENTED_EDGE('',*,*,#2263,.T.);
#2910=ORIENTED_EDGE('',*,*,#2265,.F.);
#2911=ORIENTED_EDGE('',*,*,#2266,.F.);
#2912=ORIENTED_EDGE('',*,*,#2267,.T.);
#2913=ORIENTED_EDGE('',*,*,#2266,.T.);
#2914=ORIENTED_EDGE('',*,*,#2268,.F.);
#2915=ORIENTED_EDGE('',*,*,#2269,.F.);
#2916=ORIENTED_EDGE('',*,*,#2270,.T.);
#2917=ORIENTED_EDGE('',*,*,#2269,.T.);
#2918=ORIENTED_EDGE('',*,*,#2271,.F.);
#2919=ORIENTED_EDGE('',*,*,#2272,.F.);
#2920=ORIENTED_EDGE('',*,*,#2273,.T.);
#2921=ORIENTED_EDGE('',*,*,#2272,.T.);
#2922=ORIENTED_EDGE('',*,*,#2274,.F.);
#2923=ORIENTED_EDGE('',*,*,#2275,.F.);
#2924=ORIENTED_EDGE('',*,*,#2276,.T.);
#2925=ORIENTED_EDGE('',*,*,#2275,.T.);
#2926=ORIENTED_EDGE('',*,*,#2277,.F.);
#2927=ORIENTED_EDGE('',*,*,#2278,.F.);
#2928=ORIENTED_EDGE('',*,*,#2279,.T.);
#2929=ORIENTED_EDGE('',*,*,#2278,.T.);
#2930=ORIENTED_EDGE('',*,*,#2280,.F.);
#2931=ORIENTED_EDGE('',*,*,#2281,.F.);
#2932=ORIENTED_EDGE('',*,*,#2282,.T.);
#2933=ORIENTED_EDGE('',*,*,#2281,.T.);
#2934=ORIENTED_EDGE('',*,*,#2283,.F.);
#2935=ORIENTED_EDGE('',*,*,#2225,.F.);
#2936=ORIENTED_EDGE('',*,*,#2284,.T.);
#2937=ORIENTED_EDGE('',*,*,#2285,.T.);
#2938=ORIENTED_EDGE('',*,*,#2286,.F.);
#2939=ORIENTED_EDGE('',*,*,#2287,.F.);
#2940=ORIENTED_EDGE('',*,*,#2288,.T.);
#2941=ORIENTED_EDGE('',*,*,#2287,.T.);
#2942=ORIENTED_EDGE('',*,*,#2289,.F.);
#2943=ORIENTED_EDGE('',*,*,#2290,.F.);
#2944=ORIENTED_EDGE('',*,*,#2291,.T.);
#2945=ORIENTED_EDGE('',*,*,#2290,.T.);
#2946=ORIENTED_EDGE('',*,*,#2292,.F.);
#2947=ORIENTED_EDGE('',*,*,#2293,.F.);
#2948=ORIENTED_EDGE('',*,*,#2294,.T.);
#2949=ORIENTED_EDGE('',*,*,#2293,.T.);
#2950=ORIENTED_EDGE('',*,*,#2295,.F.);
#2951=ORIENTED_EDGE('',*,*,#2296,.F.);
#2952=ORIENTED_EDGE('',*,*,#2297,.T.);
#2953=ORIENTED_EDGE('',*,*,#2296,.T.);
#2954=ORIENTED_EDGE('',*,*,#2298,.F.);
#2955=ORIENTED_EDGE('',*,*,#2299,.F.);
#2956=ORIENTED_EDGE('',*,*,#2300,.T.);
#2957=ORIENTED_EDGE('',*,*,#2299,.T.);
#2958=ORIENTED_EDGE('',*,*,#2301,.F.);
#2959=ORIENTED_EDGE('',*,*,#2302,.F.);
#2960=ORIENTED_EDGE('',*,*,#2303,.T.);
#2961=ORIENTED_EDGE('',*,*,#2302,.T.);
#2962=ORIENTED_EDGE('',*,*,#2304,.F.);
#2963=ORIENTED_EDGE('',*,*,#2305,.F.);
#2964=ORIENTED_EDGE('',*,*,#2306,.T.);
#2965=ORIENTED_EDGE('',*,*,#2305,.T.);
#2966=ORIENTED_EDGE('',*,*,#2307,.F.);
#2967=ORIENTED_EDGE('',*,*,#2308,.F.);
#2968=ORIENTED_EDGE('',*,*,#2309,.T.);
#2969=ORIENTED_EDGE('',*,*,#2308,.T.);
#2970=ORIENTED_EDGE('',*,*,#2310,.F.);
#2971=ORIENTED_EDGE('',*,*,#2311,.F.);
#2972=ORIENTED_EDGE('',*,*,#2312,.T.);
#2973=ORIENTED_EDGE('',*,*,#2311,.T.);
#2974=ORIENTED_EDGE('',*,*,#2313,.F.);
#2975=ORIENTED_EDGE('',*,*,#2314,.F.);
#2976=ORIENTED_EDGE('',*,*,#2315,.T.);
#2977=ORIENTED_EDGE('',*,*,#2314,.T.);
#2978=ORIENTED_EDGE('',*,*,#2316,.F.);
#2979=ORIENTED_EDGE('',*,*,#2317,.F.);
#2980=ORIENTED_EDGE('',*,*,#2318,.T.);
#2981=ORIENTED_EDGE('',*,*,#2317,.T.);
#2982=ORIENTED_EDGE('',*,*,#2319,.F.);
#2983=ORIENTED_EDGE('',*,*,#2320,.F.);
#2984=ORIENTED_EDGE('',*,*,#2321,.T.);
#2985=ORIENTED_EDGE('',*,*,#2320,.T.);
#2986=ORIENTED_EDGE('',*,*,#2322,.F.);
#2987=ORIENTED_EDGE('',*,*,#2323,.F.);
#2988=ORIENTED_EDGE('',*,*,#2324,.T.);
#2989=ORIENTED_EDGE('',*,*,#2323,.T.);
#2990=ORIENTED_EDGE('',*,*,#2325,.F.);
#2991=ORIENTED_EDGE('',*,*,#2326,.F.);
#2992=ORIENTED_EDGE('',*,*,#2327,.T.);
#2993=ORIENTED_EDGE('',*,*,#2326,.T.);
#2994=ORIENTED_EDGE('',*,*,#2328,.F.);
#2995=ORIENTED_EDGE('',*,*,#2285,.F.);
#2996=ORIENTED_EDGE('',*,*,#2329,.T.);
#2997=ORIENTED_EDGE('',*,*,#2330,.T.);
#2998=ORIENTED_EDGE('',*,*,#2331,.F.);
#2999=ORIENTED_EDGE('',*,*,#2332,.F.);
#3000=ORIENTED_EDGE('',*,*,#2333,.T.);
#3001=ORIENTED_EDGE('',*,*,#2332,.T.);
#3002=ORIENTED_EDGE('',*,*,#2334,.F.);
#3003=ORIENTED_EDGE('',*,*,#2335,.F.);
#3004=ORIENTED_EDGE('',*,*,#2336,.T.);
#3005=ORIENTED_EDGE('',*,*,#2335,.T.);
#3006=ORIENTED_EDGE('',*,*,#2337,.F.);
#3007=ORIENTED_EDGE('',*,*,#2338,.F.);
#3008=ORIENTED_EDGE('',*,*,#2339,.T.);
#3009=ORIENTED_EDGE('',*,*,#2338,.T.);
#3010=ORIENTED_EDGE('',*,*,#2340,.F.);
#3011=ORIENTED_EDGE('',*,*,#2341,.F.);
#3012=ORIENTED_EDGE('',*,*,#2342,.T.);
#3013=ORIENTED_EDGE('',*,*,#2341,.T.);
#3014=ORIENTED_EDGE('',*,*,#2343,.F.);
#3015=ORIENTED_EDGE('',*,*,#2344,.F.);
#3016=ORIENTED_EDGE('',*,*,#2345,.T.);
#3017=ORIENTED_EDGE('',*,*,#2344,.T.);
#3018=ORIENTED_EDGE('',*,*,#2346,.F.);
#3019=ORIENTED_EDGE('',*,*,#2347,.F.);
#3020=ORIENTED_EDGE('',*,*,#2348,.T.);
#3021=ORIENTED_EDGE('',*,*,#2347,.T.);
#3022=ORIENTED_EDGE('',*,*,#2349,.F.);
#3023=ORIENTED_EDGE('',*,*,#2350,.F.);
#3024=ORIENTED_EDGE('',*,*,#2351,.T.);
#3025=ORIENTED_EDGE('',*,*,#2350,.T.);
#3026=ORIENTED_EDGE('',*,*,#2352,.F.);
#3027=ORIENTED_EDGE('',*,*,#2353,.F.);
#3028=ORIENTED_EDGE('',*,*,#2354,.T.);
#3029=ORIENTED_EDGE('',*,*,#2353,.T.);
#3030=ORIENTED_EDGE('',*,*,#2355,.F.);
#3031=ORIENTED_EDGE('',*,*,#2356,.F.);
#3032=ORIENTED_EDGE('',*,*,#2357,.T.);
#3033=ORIENTED_EDGE('',*,*,#2356,.T.);
#3034=ORIENTED_EDGE('',*,*,#2358,.F.);
#3035=ORIENTED_EDGE('',*,*,#2359,.F.);
#3036=ORIENTED_EDGE('',*,*,#2360,.T.);
#3037=ORIENTED_EDGE('',*,*,#2359,.T.);
#3038=ORIENTED_EDGE('',*,*,#2361,.F.);
#3039=ORIENTED_EDGE('',*,*,#2362,.F.);
#3040=ORIENTED_EDGE('',*,*,#2363,.T.);
#3041=ORIENTED_EDGE('',*,*,#2362,.T.);
#3042=ORIENTED_EDGE('',*,*,#2364,.F.);
#3043=ORIENTED_EDGE('',*,*,#2365,.F.);
#3044=ORIENTED_EDGE('',*,*,#2366,.T.);
#3045=ORIENTED_EDGE('',*,*,#2365,.T.);
#3046=ORIENTED_EDGE('',*,*,#2367,.F.);
#3047=ORIENTED_EDGE('',*,*,#2368,.F.);
#3048=ORIENTED_EDGE('',*,*,#2369,.T.);
#3049=ORIENTED_EDGE('',*,*,#2368,.T.);
#3050=ORIENTED_EDGE('',*,*,#2370,.F.);
#3051=ORIENTED_EDGE('',*,*,#2371,.F.);
#3052=ORIENTED_EDGE('',*,*,#2372,.T.);
#3053=ORIENTED_EDGE('',*,*,#2371,.T.);
#3054=ORIENTED_EDGE('',*,*,#2373,.F.);
#3055=ORIENTED_EDGE('',*,*,#2374,.F.);
#3056=ORIENTED_EDGE('',*,*,#2375,.T.);
#3057=ORIENTED_EDGE('',*,*,#2374,.T.);
#3058=ORIENTED_EDGE('',*,*,#2376,.F.);
#3059=ORIENTED_EDGE('',*,*,#2377,.F.);
#3060=ORIENTED_EDGE('',*,*,#2378,.T.);
#3061=ORIENTED_EDGE('',*,*,#2377,.T.);
#3062=ORIENTED_EDGE('',*,*,#2379,.F.);
#3063=ORIENTED_EDGE('',*,*,#2380,.F.);
#3064=ORIENTED_EDGE('',*,*,#2381,.T.);
#3065=ORIENTED_EDGE('',*,*,#2380,.T.);
#3066=ORIENTED_EDGE('',*,*,#2382,.F.);
#3067=ORIENTED_EDGE('',*,*,#2383,.F.);
#3068=ORIENTED_EDGE('',*,*,#2384,.T.);
#3069=ORIENTED_EDGE('',*,*,#2383,.T.);
#3070=ORIENTED_EDGE('',*,*,#2385,.F.);
#3071=ORIENTED_EDGE('',*,*,#2386,.F.);
#3072=ORIENTED_EDGE('',*,*,#2387,.T.);
#3073=ORIENTED_EDGE('',*,*,#2386,.T.);
#3074=ORIENTED_EDGE('',*,*,#2388,.F.);
#3075=ORIENTED_EDGE('',*,*,#2389,.F.);
#3076=ORIENTED_EDGE('',*,*,#2390,.T.);
#3077=ORIENTED_EDGE('',*,*,#2389,.T.);
#3078=ORIENTED_EDGE('',*,*,#2391,.F.);
#3079=ORIENTED_EDGE('',*,*,#2392,.F.);
#3080=ORIENTED_EDGE('',*,*,#2393,.T.);
#3081=ORIENTED_EDGE('',*,*,#2392,.T.);
#3082=ORIENTED_EDGE('',*,*,#2394,.F.);
#3083=ORIENTED_EDGE('',*,*,#2395,.F.);
#3084=ORIENTED_EDGE('',*,*,#2396,.T.);
#3085=ORIENTED_EDGE('',*,*,#2395,.T.);
#3086=ORIENTED_EDGE('',*,*,#2397,.F.);
#3087=ORIENTED_EDGE('',*,*,#2398,.F.);
#3088=ORIENTED_EDGE('',*,*,#2399,.T.);
#3089=ORIENTED_EDGE('',*,*,#2398,.T.);
#3090=ORIENTED_EDGE('',*,*,#2400,.F.);
#3091=ORIENTED_EDGE('',*,*,#2330,.F.);
#3092=ORIENTED_EDGE('',*,*,#2401,.F.);
#3093=ORIENTED_EDGE('',*,*,#2402,.T.);
#3094=ORIENTED_EDGE('',*,*,#2403,.T.);
#3095=ORIENTED_EDGE('',*,*,#2402,.F.);
#3096=ORIENTED_EDGE('',*,*,#2404,.F.);
#3097=ORIENTED_EDGE('',*,*,#2405,.T.);
#3098=ORIENTED_EDGE('',*,*,#2406,.T.);
#3099=ORIENTED_EDGE('',*,*,#2405,.F.);
#3100=ORIENTED_EDGE('',*,*,#2407,.T.);
#3101=ORIENTED_EDGE('',*,*,#2408,.T.);
#3102=ORIENTED_EDGE('',*,*,#2409,.F.);
#3103=ORIENTED_EDGE('',*,*,#2410,.F.);
#3104=ORIENTED_EDGE('',*,*,#2411,.T.);
#3105=ORIENTED_EDGE('',*,*,#2410,.T.);
#3106=ORIENTED_EDGE('',*,*,#2412,.F.);
#3107=ORIENTED_EDGE('',*,*,#2413,.F.);
#3108=ORIENTED_EDGE('',*,*,#2414,.T.);
#3109=ORIENTED_EDGE('',*,*,#2413,.T.);
#3110=ORIENTED_EDGE('',*,*,#2415,.F.);
#3111=ORIENTED_EDGE('',*,*,#2416,.F.);
#3112=ORIENTED_EDGE('',*,*,#2417,.T.);
#3113=ORIENTED_EDGE('',*,*,#2416,.T.);
#3114=ORIENTED_EDGE('',*,*,#2418,.F.);
#3115=ORIENTED_EDGE('',*,*,#2419,.F.);
#3116=ORIENTED_EDGE('',*,*,#2420,.T.);
#3117=ORIENTED_EDGE('',*,*,#2419,.T.);
#3118=ORIENTED_EDGE('',*,*,#2421,.F.);
#3119=ORIENTED_EDGE('',*,*,#2422,.F.);
#3120=ORIENTED_EDGE('',*,*,#2423,.T.);
#3121=ORIENTED_EDGE('',*,*,#2422,.T.);
#3122=ORIENTED_EDGE('',*,*,#2424,.F.);
#3123=ORIENTED_EDGE('',*,*,#2425,.F.);
#3124=ORIENTED_EDGE('',*,*,#2426,.T.);
#3125=ORIENTED_EDGE('',*,*,#2425,.T.);
#3126=ORIENTED_EDGE('',*,*,#2427,.F.);
#3127=ORIENTED_EDGE('',*,*,#2428,.F.);
#3128=ORIENTED_EDGE('',*,*,#2429,.T.);
#3129=ORIENTED_EDGE('',*,*,#2428,.T.);
#3130=ORIENTED_EDGE('',*,*,#2430,.F.);
#3131=ORIENTED_EDGE('',*,*,#2431,.F.);
#3132=ORIENTED_EDGE('',*,*,#2432,.T.);
#3133=ORIENTED_EDGE('',*,*,#2431,.T.);
#3134=ORIENTED_EDGE('',*,*,#2433,.F.);
#3135=ORIENTED_EDGE('',*,*,#2434,.F.);
#3136=ORIENTED_EDGE('',*,*,#2435,.T.);
#3137=ORIENTED_EDGE('',*,*,#2434,.T.);
#3138=ORIENTED_EDGE('',*,*,#2436,.F.);
#3139=ORIENTED_EDGE('',*,*,#2437,.F.);
#3140=ORIENTED_EDGE('',*,*,#2438,.T.);
#3141=ORIENTED_EDGE('',*,*,#2437,.T.);
#3142=ORIENTED_EDGE('',*,*,#2439,.F.);
#3143=ORIENTED_EDGE('',*,*,#2440,.F.);
#3144=ORIENTED_EDGE('',*,*,#2441,.T.);
#3145=ORIENTED_EDGE('',*,*,#2440,.T.);
#3146=ORIENTED_EDGE('',*,*,#2442,.F.);
#3147=ORIENTED_EDGE('',*,*,#2443,.F.);
#3148=ORIENTED_EDGE('',*,*,#2444,.T.);
#3149=ORIENTED_EDGE('',*,*,#2443,.T.);
#3150=ORIENTED_EDGE('',*,*,#2445,.F.);
#3151=ORIENTED_EDGE('',*,*,#2446,.F.);
#3152=ORIENTED_EDGE('',*,*,#2447,.T.);
#3153=ORIENTED_EDGE('',*,*,#2446,.T.);
#3154=ORIENTED_EDGE('',*,*,#2448,.F.);
#3155=ORIENTED_EDGE('',*,*,#2449,.F.);
#3156=ORIENTED_EDGE('',*,*,#2450,.T.);
#3157=ORIENTED_EDGE('',*,*,#2449,.T.);
#3158=ORIENTED_EDGE('',*,*,#2451,.F.);
#3159=ORIENTED_EDGE('',*,*,#2452,.F.);
#3160=ORIENTED_EDGE('',*,*,#2453,.T.);
#3161=ORIENTED_EDGE('',*,*,#2452,.T.);
#3162=ORIENTED_EDGE('',*,*,#2454,.F.);
#3163=ORIENTED_EDGE('',*,*,#2455,.F.);
#3164=ORIENTED_EDGE('',*,*,#2456,.T.);
#3165=ORIENTED_EDGE('',*,*,#2455,.T.);
#3166=ORIENTED_EDGE('',*,*,#2457,.F.);
#3167=ORIENTED_EDGE('',*,*,#2458,.F.);
#3168=ORIENTED_EDGE('',*,*,#2459,.T.);
#3169=ORIENTED_EDGE('',*,*,#2458,.T.);
#3170=ORIENTED_EDGE('',*,*,#2460,.F.);
#3171=ORIENTED_EDGE('',*,*,#2461,.F.);
#3172=ORIENTED_EDGE('',*,*,#2462,.T.);
#3173=ORIENTED_EDGE('',*,*,#2461,.T.);
#3174=ORIENTED_EDGE('',*,*,#2463,.F.);
#3175=ORIENTED_EDGE('',*,*,#2464,.F.);
#3176=ORIENTED_EDGE('',*,*,#2465,.T.);
#3177=ORIENTED_EDGE('',*,*,#2464,.T.);
#3178=ORIENTED_EDGE('',*,*,#2466,.F.);
#3179=ORIENTED_EDGE('',*,*,#2467,.F.);
#3180=ORIENTED_EDGE('',*,*,#2468,.T.);
#3181=ORIENTED_EDGE('',*,*,#2467,.T.);
#3182=ORIENTED_EDGE('',*,*,#2469,.F.);
#3183=ORIENTED_EDGE('',*,*,#2470,.F.);
#3184=ORIENTED_EDGE('',*,*,#2471,.T.);
#3185=ORIENTED_EDGE('',*,*,#2470,.T.);
#3186=ORIENTED_EDGE('',*,*,#2472,.F.);
#3187=ORIENTED_EDGE('',*,*,#2473,.F.);
#3188=ORIENTED_EDGE('',*,*,#2474,.T.);
#3189=ORIENTED_EDGE('',*,*,#2473,.T.);
#3190=ORIENTED_EDGE('',*,*,#2475,.F.);
#3191=ORIENTED_EDGE('',*,*,#2476,.F.);
#3192=ORIENTED_EDGE('',*,*,#2477,.T.);
#3193=ORIENTED_EDGE('',*,*,#2476,.T.);
#3194=ORIENTED_EDGE('',*,*,#2478,.F.);
#3195=ORIENTED_EDGE('',*,*,#2479,.F.);
#3196=ORIENTED_EDGE('',*,*,#2480,.T.);
#3197=ORIENTED_EDGE('',*,*,#2479,.T.);
#3198=ORIENTED_EDGE('',*,*,#2481,.F.);
#3199=ORIENTED_EDGE('',*,*,#2482,.F.);
#3200=ORIENTED_EDGE('',*,*,#2483,.T.);
#3201=ORIENTED_EDGE('',*,*,#2482,.T.);
#3202=ORIENTED_EDGE('',*,*,#2484,.F.);
#3203=ORIENTED_EDGE('',*,*,#2485,.F.);
#3204=ORIENTED_EDGE('',*,*,#2486,.T.);
#3205=ORIENTED_EDGE('',*,*,#2485,.T.);
#3206=ORIENTED_EDGE('',*,*,#2487,.F.);
#3207=ORIENTED_EDGE('',*,*,#2488,.F.);
#3208=ORIENTED_EDGE('',*,*,#2489,.T.);
#3209=ORIENTED_EDGE('',*,*,#2488,.T.);
#3210=ORIENTED_EDGE('',*,*,#2490,.F.);
#3211=ORIENTED_EDGE('',*,*,#2491,.F.);
#3212=ORIENTED_EDGE('',*,*,#2492,.T.);
#3213=ORIENTED_EDGE('',*,*,#2491,.T.);
#3214=ORIENTED_EDGE('',*,*,#2493,.F.);
#3215=ORIENTED_EDGE('',*,*,#2494,.F.);
#3216=ORIENTED_EDGE('',*,*,#2495,.T.);
#3217=ORIENTED_EDGE('',*,*,#2494,.T.);
#3218=ORIENTED_EDGE('',*,*,#2496,.F.);
#3219=ORIENTED_EDGE('',*,*,#2408,.F.);
#3220=ORIENTED_EDGE('',*,*,#2497,.T.);
#3221=ORIENTED_EDGE('',*,*,#2498,.T.);
#3222=ORIENTED_EDGE('',*,*,#2499,.F.);
#3223=ORIENTED_EDGE('',*,*,#2500,.F.);
#3224=ORIENTED_EDGE('',*,*,#2501,.T.);
#3225=ORIENTED_EDGE('',*,*,#2500,.T.);
#3226=ORIENTED_EDGE('',*,*,#2502,.F.);
#3227=ORIENTED_EDGE('',*,*,#2503,.F.);
#3228=ORIENTED_EDGE('',*,*,#2504,.T.);
#3229=ORIENTED_EDGE('',*,*,#2503,.T.);
#3230=ORIENTED_EDGE('',*,*,#2505,.F.);
#3231=ORIENTED_EDGE('',*,*,#2506,.F.);
#3232=ORIENTED_EDGE('',*,*,#2507,.T.);
#3233=ORIENTED_EDGE('',*,*,#2506,.T.);
#3234=ORIENTED_EDGE('',*,*,#2508,.F.);
#3235=ORIENTED_EDGE('',*,*,#2509,.F.);
#3236=ORIENTED_EDGE('',*,*,#2510,.T.);
#3237=ORIENTED_EDGE('',*,*,#2509,.T.);
#3238=ORIENTED_EDGE('',*,*,#2511,.F.);
#3239=ORIENTED_EDGE('',*,*,#2512,.F.);
#3240=ORIENTED_EDGE('',*,*,#2513,.T.);
#3241=ORIENTED_EDGE('',*,*,#2512,.T.);
#3242=ORIENTED_EDGE('',*,*,#2514,.F.);
#3243=ORIENTED_EDGE('',*,*,#2515,.F.);
#3244=ORIENTED_EDGE('',*,*,#2516,.T.);
#3245=ORIENTED_EDGE('',*,*,#2515,.T.);
#3246=ORIENTED_EDGE('',*,*,#2517,.F.);
#3247=ORIENTED_EDGE('',*,*,#2518,.F.);
#3248=ORIENTED_EDGE('',*,*,#2519,.T.);
#3249=ORIENTED_EDGE('',*,*,#2518,.T.);
#3250=ORIENTED_EDGE('',*,*,#2520,.F.);
#3251=ORIENTED_EDGE('',*,*,#2521,.F.);
#3252=ORIENTED_EDGE('',*,*,#2522,.T.);
#3253=ORIENTED_EDGE('',*,*,#2521,.T.);
#3254=ORIENTED_EDGE('',*,*,#2523,.F.);
#3255=ORIENTED_EDGE('',*,*,#2524,.F.);
#3256=ORIENTED_EDGE('',*,*,#2525,.T.);
#3257=ORIENTED_EDGE('',*,*,#2524,.T.);
#3258=ORIENTED_EDGE('',*,*,#2526,.F.);
#3259=ORIENTED_EDGE('',*,*,#2527,.F.);
#3260=ORIENTED_EDGE('',*,*,#2528,.T.);
#3261=ORIENTED_EDGE('',*,*,#2527,.T.);
#3262=ORIENTED_EDGE('',*,*,#2529,.F.);
#3263=ORIENTED_EDGE('',*,*,#2530,.F.);
#3264=ORIENTED_EDGE('',*,*,#2531,.T.);
#3265=ORIENTED_EDGE('',*,*,#2530,.T.);
#3266=ORIENTED_EDGE('',*,*,#2532,.F.);
#3267=ORIENTED_EDGE('',*,*,#2533,.F.);
#3268=ORIENTED_EDGE('',*,*,#2534,.T.);
#3269=ORIENTED_EDGE('',*,*,#2533,.T.);
#3270=ORIENTED_EDGE('',*,*,#2535,.F.);
#3271=ORIENTED_EDGE('',*,*,#2536,.F.);
#3272=ORIENTED_EDGE('',*,*,#2537,.T.);
#3273=ORIENTED_EDGE('',*,*,#2536,.T.);
#3274=ORIENTED_EDGE('',*,*,#2538,.F.);
#3275=ORIENTED_EDGE('',*,*,#2539,.F.);
#3276=ORIENTED_EDGE('',*,*,#2540,.T.);
#3277=ORIENTED_EDGE('',*,*,#2539,.T.);
#3278=ORIENTED_EDGE('',*,*,#2541,.F.);
#3279=ORIENTED_EDGE('',*,*,#2542,.F.);
#3280=ORIENTED_EDGE('',*,*,#2543,.T.);
#3281=ORIENTED_EDGE('',*,*,#2542,.T.);
#3282=ORIENTED_EDGE('',*,*,#2544,.F.);
#3283=ORIENTED_EDGE('',*,*,#2545,.F.);
#3284=ORIENTED_EDGE('',*,*,#2546,.T.);
#3285=ORIENTED_EDGE('',*,*,#2545,.T.);
#3286=ORIENTED_EDGE('',*,*,#2547,.F.);
#3287=ORIENTED_EDGE('',*,*,#2548,.F.);
#3288=ORIENTED_EDGE('',*,*,#2549,.T.);
#3289=ORIENTED_EDGE('',*,*,#2548,.T.);
#3290=ORIENTED_EDGE('',*,*,#2550,.F.);
#3291=ORIENTED_EDGE('',*,*,#2551,.F.);
#3292=ORIENTED_EDGE('',*,*,#2552,.T.);
#3293=ORIENTED_EDGE('',*,*,#2551,.T.);
#3294=ORIENTED_EDGE('',*,*,#2553,.F.);
#3295=ORIENTED_EDGE('',*,*,#2554,.F.);
#3296=ORIENTED_EDGE('',*,*,#2555,.T.);
#3297=ORIENTED_EDGE('',*,*,#2554,.T.);
#3298=ORIENTED_EDGE('',*,*,#2556,.F.);
#3299=ORIENTED_EDGE('',*,*,#2557,.F.);
#3300=ORIENTED_EDGE('',*,*,#2558,.T.);
#3301=ORIENTED_EDGE('',*,*,#2557,.T.);
#3302=ORIENTED_EDGE('',*,*,#2559,.F.);
#3303=ORIENTED_EDGE('',*,*,#2560,.F.);
#3304=ORIENTED_EDGE('',*,*,#2561,.T.);
#3305=ORIENTED_EDGE('',*,*,#2560,.T.);
#3306=ORIENTED_EDGE('',*,*,#2562,.F.);
#3307=ORIENTED_EDGE('',*,*,#2563,.F.);
#3308=ORIENTED_EDGE('',*,*,#2564,.T.);
#3309=ORIENTED_EDGE('',*,*,#2563,.T.);
#3310=ORIENTED_EDGE('',*,*,#2565,.F.);
#3311=ORIENTED_EDGE('',*,*,#2498,.F.);
#3312=ORIENTED_EDGE('',*,*,#2566,.F.);
#3313=ORIENTED_EDGE('',*,*,#2567,.T.);
#3314=ORIENTED_EDGE('',*,*,#2568,.T.);
#3315=ORIENTED_EDGE('',*,*,#2567,.F.);
#3316=ORIENTED_EDGE('',*,*,#2569,.F.);
#3317=ORIENTED_EDGE('',*,*,#2570,.T.);
#3318=ORIENTED_EDGE('',*,*,#2571,.T.);
#3319=ORIENTED_EDGE('',*,*,#2570,.F.);
#3320=ORIENTED_EDGE('',*,*,#2572,.T.);
#3321=ORIENTED_EDGE('',*,*,#2573,.T.);
#3322=ORIENTED_EDGE('',*,*,#2574,.F.);
#3323=ORIENTED_EDGE('',*,*,#2575,.F.);
#3324=ORIENTED_EDGE('',*,*,#2576,.T.);
#3325=ORIENTED_EDGE('',*,*,#2575,.T.);
#3326=ORIENTED_EDGE('',*,*,#2577,.F.);
#3327=ORIENTED_EDGE('',*,*,#2578,.F.);
#3328=ORIENTED_EDGE('',*,*,#2579,.T.);
#3329=ORIENTED_EDGE('',*,*,#2578,.T.);
#3330=ORIENTED_EDGE('',*,*,#2580,.F.);
#3331=ORIENTED_EDGE('',*,*,#2581,.F.);
#3332=ORIENTED_EDGE('',*,*,#2582,.T.);
#3333=ORIENTED_EDGE('',*,*,#2581,.T.);
#3334=ORIENTED_EDGE('',*,*,#2583,.F.);
#3335=ORIENTED_EDGE('',*,*,#2584,.F.);
#3336=ORIENTED_EDGE('',*,*,#2585,.T.);
#3337=ORIENTED_EDGE('',*,*,#2584,.T.);
#3338=ORIENTED_EDGE('',*,*,#2586,.F.);
#3339=ORIENTED_EDGE('',*,*,#2587,.F.);
#3340=ORIENTED_EDGE('',*,*,#2588,.T.);
#3341=ORIENTED_EDGE('',*,*,#2587,.T.);
#3342=ORIENTED_EDGE('',*,*,#2589,.F.);
#3343=ORIENTED_EDGE('',*,*,#2590,.F.);
#3344=ORIENTED_EDGE('',*,*,#2591,.T.);
#3345=ORIENTED_EDGE('',*,*,#2590,.T.);
#3346=ORIENTED_EDGE('',*,*,#2592,.F.);
#3347=ORIENTED_EDGE('',*,*,#2593,.F.);
#3348=ORIENTED_EDGE('',*,*,#2594,.T.);
#3349=ORIENTED_EDGE('',*,*,#2593,.T.);
#3350=ORIENTED_EDGE('',*,*,#2595,.F.);
#3351=ORIENTED_EDGE('',*,*,#2596,.F.);
#3352=ORIENTED_EDGE('',*,*,#2597,.T.);
#3353=ORIENTED_EDGE('',*,*,#2596,.T.);
#3354=ORIENTED_EDGE('',*,*,#2598,.F.);
#3355=ORIENTED_EDGE('',*,*,#2599,.F.);
#3356=ORIENTED_EDGE('',*,*,#2600,.T.);
#3357=ORIENTED_EDGE('',*,*,#2599,.T.);
#3358=ORIENTED_EDGE('',*,*,#2601,.F.);
#3359=ORIENTED_EDGE('',*,*,#2602,.F.);
#3360=ORIENTED_EDGE('',*,*,#2603,.T.);
#3361=ORIENTED_EDGE('',*,*,#2602,.T.);
#3362=ORIENTED_EDGE('',*,*,#2604,.F.);
#3363=ORIENTED_EDGE('',*,*,#2605,.F.);
#3364=ORIENTED_EDGE('',*,*,#2606,.T.);
#3365=ORIENTED_EDGE('',*,*,#2605,.T.);
#3366=ORIENTED_EDGE('',*,*,#2607,.F.);
#3367=ORIENTED_EDGE('',*,*,#2608,.F.);
#3368=ORIENTED_EDGE('',*,*,#2609,.T.);
#3369=ORIENTED_EDGE('',*,*,#2608,.T.);
#3370=ORIENTED_EDGE('',*,*,#2610,.F.);
#3371=ORIENTED_EDGE('',*,*,#2611,.F.);
#3372=ORIENTED_EDGE('',*,*,#2612,.T.);
#3373=ORIENTED_EDGE('',*,*,#2611,.T.);
#3374=ORIENTED_EDGE('',*,*,#2613,.F.);
#3375=ORIENTED_EDGE('',*,*,#2614,.F.);
#3376=ORIENTED_EDGE('',*,*,#2615,.T.);
#3377=ORIENTED_EDGE('',*,*,#2614,.T.);
#3378=ORIENTED_EDGE('',*,*,#2616,.F.);
#3379=ORIENTED_EDGE('',*,*,#2573,.F.);
#3380=ORIENTED_EDGE('',*,*,#2617,.T.);
#3381=ORIENTED_EDGE('',*,*,#2618,.T.);
#3382=ORIENTED_EDGE('',*,*,#2619,.F.);
#3383=ORIENTED_EDGE('',*,*,#2620,.F.);
#3384=ORIENTED_EDGE('',*,*,#2621,.T.);
#3385=ORIENTED_EDGE('',*,*,#2620,.T.);
#3386=ORIENTED_EDGE('',*,*,#2622,.F.);
#3387=ORIENTED_EDGE('',*,*,#2623,.F.);
#3388=ORIENTED_EDGE('',*,*,#2624,.T.);
#3389=ORIENTED_EDGE('',*,*,#2623,.T.);
#3390=ORIENTED_EDGE('',*,*,#2625,.F.);
#3391=ORIENTED_EDGE('',*,*,#2626,.F.);
#3392=ORIENTED_EDGE('',*,*,#2627,.T.);
#3393=ORIENTED_EDGE('',*,*,#2626,.T.);
#3394=ORIENTED_EDGE('',*,*,#2628,.F.);
#3395=ORIENTED_EDGE('',*,*,#2629,.F.);
#3396=ORIENTED_EDGE('',*,*,#2630,.T.);
#3397=ORIENTED_EDGE('',*,*,#2629,.T.);
#3398=ORIENTED_EDGE('',*,*,#2631,.F.);
#3399=ORIENTED_EDGE('',*,*,#2632,.F.);
#3400=ORIENTED_EDGE('',*,*,#2633,.T.);
#3401=ORIENTED_EDGE('',*,*,#2632,.T.);
#3402=ORIENTED_EDGE('',*,*,#2634,.F.);
#3403=ORIENTED_EDGE('',*,*,#2635,.F.);
#3404=ORIENTED_EDGE('',*,*,#2636,.T.);
#3405=ORIENTED_EDGE('',*,*,#2635,.T.);
#3406=ORIENTED_EDGE('',*,*,#2637,.F.);
#3407=ORIENTED_EDGE('',*,*,#2638,.F.);
#3408=ORIENTED_EDGE('',*,*,#2639,.T.);
#3409=ORIENTED_EDGE('',*,*,#2638,.T.);
#3410=ORIENTED_EDGE('',*,*,#2640,.F.);
#3411=ORIENTED_EDGE('',*,*,#2641,.F.);
#3412=ORIENTED_EDGE('',*,*,#2642,.T.);
#3413=ORIENTED_EDGE('',*,*,#2641,.T.);
#3414=ORIENTED_EDGE('',*,*,#2643,.F.);
#3415=ORIENTED_EDGE('',*,*,#2644,.F.);
#3416=ORIENTED_EDGE('',*,*,#2645,.T.);
#3417=ORIENTED_EDGE('',*,*,#2644,.T.);
#3418=ORIENTED_EDGE('',*,*,#2646,.F.);
#3419=ORIENTED_EDGE('',*,*,#2647,.F.);
#3420=ORIENTED_EDGE('',*,*,#2648,.T.);
#3421=ORIENTED_EDGE('',*,*,#2647,.T.);
#3422=ORIENTED_EDGE('',*,*,#2649,.F.);
#3423=ORIENTED_EDGE('',*,*,#2650,.F.);
#3424=ORIENTED_EDGE('',*,*,#2651,.T.);
#3425=ORIENTED_EDGE('',*,*,#2650,.T.);
#3426=ORIENTED_EDGE('',*,*,#2652,.F.);
#3427=ORIENTED_EDGE('',*,*,#2653,.F.);
#3428=ORIENTED_EDGE('',*,*,#2654,.T.);
#3429=ORIENTED_EDGE('',*,*,#2653,.T.);
#3430=ORIENTED_EDGE('',*,*,#2655,.F.);
#3431=ORIENTED_EDGE('',*,*,#2656,.F.);
#3432=ORIENTED_EDGE('',*,*,#2657,.T.);
#3433=ORIENTED_EDGE('',*,*,#2656,.T.);
#3434=ORIENTED_EDGE('',*,*,#2658,.F.);
#3435=ORIENTED_EDGE('',*,*,#2659,.F.);
#3436=ORIENTED_EDGE('',*,*,#2660,.T.);
#3437=ORIENTED_EDGE('',*,*,#2659,.T.);
#3438=ORIENTED_EDGE('',*,*,#2661,.F.);
#3439=ORIENTED_EDGE('',*,*,#2662,.F.);
#3440=ORIENTED_EDGE('',*,*,#2663,.T.);
#3441=ORIENTED_EDGE('',*,*,#2662,.T.);
#3442=ORIENTED_EDGE('',*,*,#2664,.F.);
#3443=ORIENTED_EDGE('',*,*,#2665,.F.);
#3444=ORIENTED_EDGE('',*,*,#2666,.T.);
#3445=ORIENTED_EDGE('',*,*,#2665,.T.);
#3446=ORIENTED_EDGE('',*,*,#2667,.F.);
#3447=ORIENTED_EDGE('',*,*,#2668,.F.);
#3448=ORIENTED_EDGE('',*,*,#2669,.T.);
#3449=ORIENTED_EDGE('',*,*,#2668,.T.);
#3450=ORIENTED_EDGE('',*,*,#2670,.F.);
#3451=ORIENTED_EDGE('',*,*,#2671,.F.);
#3452=ORIENTED_EDGE('',*,*,#2672,.T.);
#3453=ORIENTED_EDGE('',*,*,#2671,.T.);
#3454=ORIENTED_EDGE('',*,*,#2673,.F.);
#3455=ORIENTED_EDGE('',*,*,#2674,.F.);
#3456=ORIENTED_EDGE('',*,*,#2675,.T.);
#3457=ORIENTED_EDGE('',*,*,#2674,.T.);
#3458=ORIENTED_EDGE('',*,*,#2676,.F.);
#3459=ORIENTED_EDGE('',*,*,#2677,.F.);
#3460=ORIENTED_EDGE('',*,*,#2678,.T.);
#3461=ORIENTED_EDGE('',*,*,#2677,.T.);
#3462=ORIENTED_EDGE('',*,*,#2679,.F.);
#3463=ORIENTED_EDGE('',*,*,#2680,.F.);
#3464=ORIENTED_EDGE('',*,*,#2681,.T.);
#3465=ORIENTED_EDGE('',*,*,#2680,.T.);
#3466=ORIENTED_EDGE('',*,*,#2682,.F.);
#3467=ORIENTED_EDGE('',*,*,#2618,.F.);
#3468=ORIENTED_EDGE('',*,*,#2683,.T.);
#3469=ORIENTED_EDGE('',*,*,#2684,.T.);
#3470=ORIENTED_EDGE('',*,*,#2685,.F.);
#3471=ORIENTED_EDGE('',*,*,#2686,.F.);
#3472=ORIENTED_EDGE('',*,*,#2687,.T.);
#3473=ORIENTED_EDGE('',*,*,#2686,.T.);
#3474=ORIENTED_EDGE('',*,*,#2688,.F.);
#3475=ORIENTED_EDGE('',*,*,#2689,.F.);
#3476=ORIENTED_EDGE('',*,*,#2690,.T.);
#3477=ORIENTED_EDGE('',*,*,#2689,.T.);
#3478=ORIENTED_EDGE('',*,*,#2691,.F.);
#3479=ORIENTED_EDGE('',*,*,#2692,.F.);
#3480=ORIENTED_EDGE('',*,*,#2693,.T.);
#3481=ORIENTED_EDGE('',*,*,#2692,.T.);
#3482=ORIENTED_EDGE('',*,*,#2694,.F.);
#3483=ORIENTED_EDGE('',*,*,#2695,.F.);
#3484=ORIENTED_EDGE('',*,*,#2696,.T.);
#3485=ORIENTED_EDGE('',*,*,#2695,.T.);
#3486=ORIENTED_EDGE('',*,*,#2697,.F.);
#3487=ORIENTED_EDGE('',*,*,#2698,.F.);
#3488=ORIENTED_EDGE('',*,*,#2699,.T.);
#3489=ORIENTED_EDGE('',*,*,#2698,.T.);
#3490=ORIENTED_EDGE('',*,*,#2700,.F.);
#3491=ORIENTED_EDGE('',*,*,#2701,.F.);
#3492=ORIENTED_EDGE('',*,*,#2702,.T.);
#3493=ORIENTED_EDGE('',*,*,#2701,.T.);
#3494=ORIENTED_EDGE('',*,*,#2703,.F.);
#3495=ORIENTED_EDGE('',*,*,#2704,.F.);
#3496=ORIENTED_EDGE('',*,*,#2705,.T.);
#3497=ORIENTED_EDGE('',*,*,#2704,.T.);
#3498=ORIENTED_EDGE('',*,*,#2706,.F.);
#3499=ORIENTED_EDGE('',*,*,#2707,.F.);
#3500=ORIENTED_EDGE('',*,*,#2708,.T.);
#3501=ORIENTED_EDGE('',*,*,#2707,.T.);
#3502=ORIENTED_EDGE('',*,*,#2709,.F.);
#3503=ORIENTED_EDGE('',*,*,#2710,.F.);
#3504=ORIENTED_EDGE('',*,*,#2711,.T.);
#3505=ORIENTED_EDGE('',*,*,#2710,.T.);
#3506=ORIENTED_EDGE('',*,*,#2712,.F.);
#3507=ORIENTED_EDGE('',*,*,#2713,.F.);
#3508=ORIENTED_EDGE('',*,*,#2714,.T.);
#3509=ORIENTED_EDGE('',*,*,#2713,.T.);
#3510=ORIENTED_EDGE('',*,*,#2715,.F.);
#3511=ORIENTED_EDGE('',*,*,#2716,.F.);
#3512=ORIENTED_EDGE('',*,*,#2717,.T.);
#3513=ORIENTED_EDGE('',*,*,#2716,.T.);
#3514=ORIENTED_EDGE('',*,*,#2718,.F.);
#3515=ORIENTED_EDGE('',*,*,#2719,.F.);
#3516=ORIENTED_EDGE('',*,*,#2720,.T.);
#3517=ORIENTED_EDGE('',*,*,#2719,.T.);
#3518=ORIENTED_EDGE('',*,*,#2721,.F.);
#3519=ORIENTED_EDGE('',*,*,#2722,.F.);
#3520=ORIENTED_EDGE('',*,*,#2723,.T.);
#3521=ORIENTED_EDGE('',*,*,#2722,.T.);
#3522=ORIENTED_EDGE('',*,*,#2724,.F.);
#3523=ORIENTED_EDGE('',*,*,#2725,.F.);
#3524=ORIENTED_EDGE('',*,*,#2726,.T.);
#3525=ORIENTED_EDGE('',*,*,#2725,.T.);
#3526=ORIENTED_EDGE('',*,*,#2727,.F.);
#3527=ORIENTED_EDGE('',*,*,#2728,.F.);
#3528=ORIENTED_EDGE('',*,*,#2729,.T.);
#3529=ORIENTED_EDGE('',*,*,#2728,.T.);
#3530=ORIENTED_EDGE('',*,*,#2730,.F.);
#3531=ORIENTED_EDGE('',*,*,#2731,.F.);
#3532=ORIENTED_EDGE('',*,*,#2732,.T.);
#3533=ORIENTED_EDGE('',*,*,#2731,.T.);
#3534=ORIENTED_EDGE('',*,*,#2733,.F.);
#3535=ORIENTED_EDGE('',*,*,#2734,.F.);
#3536=ORIENTED_EDGE('',*,*,#2735,.T.);
#3537=ORIENTED_EDGE('',*,*,#2734,.T.);
#3538=ORIENTED_EDGE('',*,*,#2736,.F.);
#3539=ORIENTED_EDGE('',*,*,#2737,.F.);
#3540=ORIENTED_EDGE('',*,*,#2738,.T.);
#3541=ORIENTED_EDGE('',*,*,#2737,.T.);
#3542=ORIENTED_EDGE('',*,*,#2739,.F.);
#3543=ORIENTED_EDGE('',*,*,#2740,.F.);
#3544=ORIENTED_EDGE('',*,*,#2741,.T.);
#3545=ORIENTED_EDGE('',*,*,#2740,.T.);
#3546=ORIENTED_EDGE('',*,*,#2742,.F.);
#3547=ORIENTED_EDGE('',*,*,#2743,.F.);
#3548=ORIENTED_EDGE('',*,*,#2744,.T.);
#3549=ORIENTED_EDGE('',*,*,#2743,.T.);
#3550=ORIENTED_EDGE('',*,*,#2745,.F.);
#3551=ORIENTED_EDGE('',*,*,#2746,.F.);
#3552=ORIENTED_EDGE('',*,*,#2747,.T.);
#3553=ORIENTED_EDGE('',*,*,#2746,.T.);
#3554=ORIENTED_EDGE('',*,*,#2748,.F.);
#3555=ORIENTED_EDGE('',*,*,#2749,.F.);
#3556=ORIENTED_EDGE('',*,*,#2750,.T.);
#3557=ORIENTED_EDGE('',*,*,#2749,.T.);
#3558=ORIENTED_EDGE('',*,*,#2751,.F.);
#3559=ORIENTED_EDGE('',*,*,#2684,.F.);
#3560=ORIENTED_EDGE('',*,*,#2752,.T.);
#3561=ORIENTED_EDGE('',*,*,#2753,.T.);
#3562=ORIENTED_EDGE('',*,*,#2754,.F.);
#3563=ORIENTED_EDGE('',*,*,#2755,.F.);
#3564=ORIENTED_EDGE('',*,*,#2756,.T.);
#3565=ORIENTED_EDGE('',*,*,#2755,.T.);
#3566=ORIENTED_EDGE('',*,*,#2757,.F.);
#3567=ORIENTED_EDGE('',*,*,#2758,.F.);
#3568=ORIENTED_EDGE('',*,*,#2759,.T.);
#3569=ORIENTED_EDGE('',*,*,#2758,.T.);
#3570=ORIENTED_EDGE('',*,*,#2760,.F.);
#3571=ORIENTED_EDGE('',*,*,#2761,.F.);
#3572=ORIENTED_EDGE('',*,*,#2762,.T.);
#3573=ORIENTED_EDGE('',*,*,#2761,.T.);
#3574=ORIENTED_EDGE('',*,*,#2763,.F.);
#3575=ORIENTED_EDGE('',*,*,#2764,.F.);
#3576=ORIENTED_EDGE('',*,*,#2765,.T.);
#3577=ORIENTED_EDGE('',*,*,#2764,.T.);
#3578=ORIENTED_EDGE('',*,*,#2766,.F.);
#3579=ORIENTED_EDGE('',*,*,#2767,.F.);
#3580=ORIENTED_EDGE('',*,*,#2768,.T.);
#3581=ORIENTED_EDGE('',*,*,#2767,.T.);
#3582=ORIENTED_EDGE('',*,*,#2769,.F.);
#3583=ORIENTED_EDGE('',*,*,#2770,.F.);
#3584=ORIENTED_EDGE('',*,*,#2771,.T.);
#3585=ORIENTED_EDGE('',*,*,#2770,.T.);
#3586=ORIENTED_EDGE('',*,*,#2772,.F.);
#3587=ORIENTED_EDGE('',*,*,#2773,.F.);
#3588=ORIENTED_EDGE('',*,*,#2774,.T.);
#3589=ORIENTED_EDGE('',*,*,#2773,.T.);
#3590=ORIENTED_EDGE('',*,*,#2775,.F.);
#3591=ORIENTED_EDGE('',*,*,#2776,.F.);
#3592=ORIENTED_EDGE('',*,*,#2777,.T.);
#3593=ORIENTED_EDGE('',*,*,#2776,.T.);
#3594=ORIENTED_EDGE('',*,*,#2778,.F.);
#3595=ORIENTED_EDGE('',*,*,#2779,.F.);
#3596=ORIENTED_EDGE('',*,*,#2780,.T.);
#3597=ORIENTED_EDGE('',*,*,#2779,.T.);
#3598=ORIENTED_EDGE('',*,*,#2781,.F.);
#3599=ORIENTED_EDGE('',*,*,#2782,.F.);
#3600=ORIENTED_EDGE('',*,*,#2783,.T.);
#3601=ORIENTED_EDGE('',*,*,#2782,.T.);
#3602=ORIENTED_EDGE('',*,*,#2784,.F.);
#3603=ORIENTED_EDGE('',*,*,#2785,.F.);
#3604=ORIENTED_EDGE('',*,*,#2786,.T.);
#3605=ORIENTED_EDGE('',*,*,#2785,.T.);
#3606=ORIENTED_EDGE('',*,*,#2787,.F.);
#3607=ORIENTED_EDGE('',*,*,#2788,.F.);
#3608=ORIENTED_EDGE('',*,*,#2789,.T.);
#3609=ORIENTED_EDGE('',*,*,#2788,.T.);
#3610=ORIENTED_EDGE('',*,*,#2790,.F.);
#3611=ORIENTED_EDGE('',*,*,#2791,.F.);
#3612=ORIENTED_EDGE('',*,*,#2792,.T.);
#3613=ORIENTED_EDGE('',*,*,#2791,.T.);
#3614=ORIENTED_EDGE('',*,*,#2793,.F.);
#3615=ORIENTED_EDGE('',*,*,#2794,.F.);
#3616=ORIENTED_EDGE('',*,*,#2795,.T.);
#3617=ORIENTED_EDGE('',*,*,#2794,.T.);
#3618=ORIENTED_EDGE('',*,*,#2796,.F.);
#3619=ORIENTED_EDGE('',*,*,#2797,.F.);
#3620=ORIENTED_EDGE('',*,*,#2798,.T.);
#3621=ORIENTED_EDGE('',*,*,#2797,.T.);
#3622=ORIENTED_EDGE('',*,*,#2799,.F.);
#3623=ORIENTED_EDGE('',*,*,#2800,.F.);
#3624=ORIENTED_EDGE('',*,*,#2801,.T.);
#3625=ORIENTED_EDGE('',*,*,#2800,.T.);
#3626=ORIENTED_EDGE('',*,*,#2802,.F.);
#3627=ORIENTED_EDGE('',*,*,#2803,.F.);
#3628=ORIENTED_EDGE('',*,*,#2804,.T.);
#3629=ORIENTED_EDGE('',*,*,#2803,.T.);
#3630=ORIENTED_EDGE('',*,*,#2805,.F.);
#3631=ORIENTED_EDGE('',*,*,#2806,.F.);
#3632=ORIENTED_EDGE('',*,*,#2807,.T.);
#3633=ORIENTED_EDGE('',*,*,#2806,.T.);
#3634=ORIENTED_EDGE('',*,*,#2808,.F.);
#3635=ORIENTED_EDGE('',*,*,#2753,.F.);
#3636=ORIENTED_EDGE('',*,*,#2809,.F.);
#3637=ORIENTED_EDGE('',*,*,#2810,.T.);
#3638=ORIENTED_EDGE('',*,*,#2811,.T.);
#3639=ORIENTED_EDGE('',*,*,#2810,.F.);
#3640=ORIENTED_EDGE('',*,*,#2812,.T.);
#3641=ORIENTED_EDGE('',*,*,#2813,.T.);
#3642=ORIENTED_EDGE('',*,*,#2814,.F.);
#3643=ORIENTED_EDGE('',*,*,#2815,.F.);
#3644=ORIENTED_EDGE('',*,*,#2816,.T.);
#3645=ORIENTED_EDGE('',*,*,#2815,.T.);
#3646=ORIENTED_EDGE('',*,*,#2817,.F.);
#3647=ORIENTED_EDGE('',*,*,#2818,.F.);
#3648=ORIENTED_EDGE('',*,*,#2819,.T.);
#3649=ORIENTED_EDGE('',*,*,#2818,.T.);
#3650=ORIENTED_EDGE('',*,*,#2820,.F.);
#3651=ORIENTED_EDGE('',*,*,#2821,.F.);
#3652=ORIENTED_EDGE('',*,*,#2822,.T.);
#3653=ORIENTED_EDGE('',*,*,#2821,.T.);
#3654=ORIENTED_EDGE('',*,*,#2823,.F.);
#3655=ORIENTED_EDGE('',*,*,#2813,.F.);
#3656=ORIENTED_EDGE('',*,*,#2823,.T.);
#3657=ORIENTED_EDGE('',*,*,#2820,.T.);
#3658=ORIENTED_EDGE('',*,*,#2817,.T.);
#3659=ORIENTED_EDGE('',*,*,#2814,.T.);
#3660=ORIENTED_EDGE('',*,*,#2809,.T.);
#3661=ORIENTED_EDGE('',*,*,#2808,.T.);
#3662=ORIENTED_EDGE('',*,*,#2805,.T.);
#3663=ORIENTED_EDGE('',*,*,#2802,.T.);
#3664=ORIENTED_EDGE('',*,*,#2799,.T.);
#3665=ORIENTED_EDGE('',*,*,#2796,.T.);
#3666=ORIENTED_EDGE('',*,*,#2793,.T.);
#3667=ORIENTED_EDGE('',*,*,#2790,.T.);
#3668=ORIENTED_EDGE('',*,*,#2787,.T.);
#3669=ORIENTED_EDGE('',*,*,#2784,.T.);
#3670=ORIENTED_EDGE('',*,*,#2781,.T.);
#3671=ORIENTED_EDGE('',*,*,#2778,.T.);
#3672=ORIENTED_EDGE('',*,*,#2775,.T.);
#3673=ORIENTED_EDGE('',*,*,#2772,.T.);
#3674=ORIENTED_EDGE('',*,*,#2769,.T.);
#3675=ORIENTED_EDGE('',*,*,#2766,.T.);
#3676=ORIENTED_EDGE('',*,*,#2763,.T.);
#3677=ORIENTED_EDGE('',*,*,#2760,.T.);
#3678=ORIENTED_EDGE('',*,*,#2757,.T.);
#3679=ORIENTED_EDGE('',*,*,#2754,.T.);
#3680=ORIENTED_EDGE('',*,*,#2751,.T.);
#3681=ORIENTED_EDGE('',*,*,#2748,.T.);
#3682=ORIENTED_EDGE('',*,*,#2745,.T.);
#3683=ORIENTED_EDGE('',*,*,#2742,.T.);
#3684=ORIENTED_EDGE('',*,*,#2739,.T.);
#3685=ORIENTED_EDGE('',*,*,#2736,.T.);
#3686=ORIENTED_EDGE('',*,*,#2733,.T.);
#3687=ORIENTED_EDGE('',*,*,#2730,.T.);
#3688=ORIENTED_EDGE('',*,*,#2727,.T.);
#3689=ORIENTED_EDGE('',*,*,#2724,.T.);
#3690=ORIENTED_EDGE('',*,*,#2721,.T.);
#3691=ORIENTED_EDGE('',*,*,#2718,.T.);
#3692=ORIENTED_EDGE('',*,*,#2715,.T.);
#3693=ORIENTED_EDGE('',*,*,#2712,.T.);
#3694=ORIENTED_EDGE('',*,*,#2709,.T.);
#3695=ORIENTED_EDGE('',*,*,#2706,.T.);
#3696=ORIENTED_EDGE('',*,*,#2703,.T.);
#3697=ORIENTED_EDGE('',*,*,#2700,.T.);
#3698=ORIENTED_EDGE('',*,*,#2697,.T.);
#3699=ORIENTED_EDGE('',*,*,#2694,.T.);
#3700=ORIENTED_EDGE('',*,*,#2691,.T.);
#3701=ORIENTED_EDGE('',*,*,#2688,.T.);
#3702=ORIENTED_EDGE('',*,*,#2685,.T.);
#3703=ORIENTED_EDGE('',*,*,#2682,.T.);
#3704=ORIENTED_EDGE('',*,*,#2679,.T.);
#3705=ORIENTED_EDGE('',*,*,#2676,.T.);
#3706=ORIENTED_EDGE('',*,*,#2673,.T.);
#3707=ORIENTED_EDGE('',*,*,#2670,.T.);
#3708=ORIENTED_EDGE('',*,*,#2667,.T.);
#3709=ORIENTED_EDGE('',*,*,#2664,.T.);
#3710=ORIENTED_EDGE('',*,*,#2661,.T.);
#3711=ORIENTED_EDGE('',*,*,#2658,.T.);
#3712=ORIENTED_EDGE('',*,*,#2655,.T.);
#3713=ORIENTED_EDGE('',*,*,#2652,.T.);
#3714=ORIENTED_EDGE('',*,*,#2649,.T.);
#3715=ORIENTED_EDGE('',*,*,#2646,.T.);
#3716=ORIENTED_EDGE('',*,*,#2643,.T.);
#3717=ORIENTED_EDGE('',*,*,#2640,.T.);
#3718=ORIENTED_EDGE('',*,*,#2637,.T.);
#3719=ORIENTED_EDGE('',*,*,#2634,.T.);
#3720=ORIENTED_EDGE('',*,*,#2631,.T.);
#3721=ORIENTED_EDGE('',*,*,#2628,.T.);
#3722=ORIENTED_EDGE('',*,*,#2625,.T.);
#3723=ORIENTED_EDGE('',*,*,#2622,.T.);
#3724=ORIENTED_EDGE('',*,*,#2619,.T.);
#3725=ORIENTED_EDGE('',*,*,#2616,.T.);
#3726=ORIENTED_EDGE('',*,*,#2613,.T.);
#3727=ORIENTED_EDGE('',*,*,#2610,.T.);
#3728=ORIENTED_EDGE('',*,*,#2607,.T.);
#3729=ORIENTED_EDGE('',*,*,#2604,.T.);
#3730=ORIENTED_EDGE('',*,*,#2601,.T.);
#3731=ORIENTED_EDGE('',*,*,#2598,.T.);
#3732=ORIENTED_EDGE('',*,*,#2595,.T.);
#3733=ORIENTED_EDGE('',*,*,#2592,.T.);
#3734=ORIENTED_EDGE('',*,*,#2589,.T.);
#3735=ORIENTED_EDGE('',*,*,#2586,.T.);
#3736=ORIENTED_EDGE('',*,*,#2583,.T.);
#3737=ORIENTED_EDGE('',*,*,#2580,.T.);
#3738=ORIENTED_EDGE('',*,*,#2577,.T.);
#3739=ORIENTED_EDGE('',*,*,#2574,.T.);
#3740=ORIENTED_EDGE('',*,*,#2569,.T.);
#3741=ORIENTED_EDGE('',*,*,#2566,.T.);
#3742=ORIENTED_EDGE('',*,*,#2565,.T.);
#3743=ORIENTED_EDGE('',*,*,#2562,.T.);
#3744=ORIENTED_EDGE('',*,*,#2559,.T.);
#3745=ORIENTED_EDGE('',*,*,#2556,.T.);
#3746=ORIENTED_EDGE('',*,*,#2553,.T.);
#3747=ORIENTED_EDGE('',*,*,#2550,.T.);
#3748=ORIENTED_EDGE('',*,*,#2547,.T.);
#3749=ORIENTED_EDGE('',*,*,#2544,.T.);
#3750=ORIENTED_EDGE('',*,*,#2541,.T.);
#3751=ORIENTED_EDGE('',*,*,#2538,.T.);
#3752=ORIENTED_EDGE('',*,*,#2535,.T.);
#3753=ORIENTED_EDGE('',*,*,#2532,.T.);
#3754=ORIENTED_EDGE('',*,*,#2529,.T.);
#3755=ORIENTED_EDGE('',*,*,#2526,.T.);
#3756=ORIENTED_EDGE('',*,*,#2523,.T.);
#3757=ORIENTED_EDGE('',*,*,#2520,.T.);
#3758=ORIENTED_EDGE('',*,*,#2517,.T.);
#3759=ORIENTED_EDGE('',*,*,#2514,.T.);
#3760=ORIENTED_EDGE('',*,*,#2511,.T.);
#3761=ORIENTED_EDGE('',*,*,#2508,.T.);
#3762=ORIENTED_EDGE('',*,*,#2505,.T.);
#3763=ORIENTED_EDGE('',*,*,#2502,.T.);
#3764=ORIENTED_EDGE('',*,*,#2499,.T.);
#3765=ORIENTED_EDGE('',*,*,#2496,.T.);
#3766=ORIENTED_EDGE('',*,*,#2493,.T.);
#3767=ORIENTED_EDGE('',*,*,#2490,.T.);
#3768=ORIENTED_EDGE('',*,*,#2487,.T.);
#3769=ORIENTED_EDGE('',*,*,#2484,.T.);
#3770=ORIENTED_EDGE('',*,*,#2481,.T.);
#3771=ORIENTED_EDGE('',*,*,#2478,.T.);
#3772=ORIENTED_EDGE('',*,*,#2475,.T.);
#3773=ORIENTED_EDGE('',*,*,#2472,.T.);
#3774=ORIENTED_EDGE('',*,*,#2469,.T.);
#3775=ORIENTED_EDGE('',*,*,#2466,.T.);
#3776=ORIENTED_EDGE('',*,*,#2463,.T.);
#3777=ORIENTED_EDGE('',*,*,#2460,.T.);
#3778=ORIENTED_EDGE('',*,*,#2457,.T.);
#3779=ORIENTED_EDGE('',*,*,#2454,.T.);
#3780=ORIENTED_EDGE('',*,*,#2451,.T.);
#3781=ORIENTED_EDGE('',*,*,#2448,.T.);
#3782=ORIENTED_EDGE('',*,*,#2445,.T.);
#3783=ORIENTED_EDGE('',*,*,#2442,.T.);
#3784=ORIENTED_EDGE('',*,*,#2439,.T.);
#3785=ORIENTED_EDGE('',*,*,#2436,.T.);
#3786=ORIENTED_EDGE('',*,*,#2433,.T.);
#3787=ORIENTED_EDGE('',*,*,#2430,.T.);
#3788=ORIENTED_EDGE('',*,*,#2427,.T.);
#3789=ORIENTED_EDGE('',*,*,#2424,.T.);
#3790=ORIENTED_EDGE('',*,*,#2421,.T.);
#3791=ORIENTED_EDGE('',*,*,#2418,.T.);
#3792=ORIENTED_EDGE('',*,*,#2415,.T.);
#3793=ORIENTED_EDGE('',*,*,#2412,.T.);
#3794=ORIENTED_EDGE('',*,*,#2409,.T.);
#3795=ORIENTED_EDGE('',*,*,#2404,.T.);
#3796=ORIENTED_EDGE('',*,*,#2401,.T.);
#3797=ORIENTED_EDGE('',*,*,#2400,.T.);
#3798=ORIENTED_EDGE('',*,*,#2397,.T.);
#3799=ORIENTED_EDGE('',*,*,#2394,.T.);
#3800=ORIENTED_EDGE('',*,*,#2391,.T.);
#3801=ORIENTED_EDGE('',*,*,#2388,.T.);
#3802=ORIENTED_EDGE('',*,*,#2385,.T.);
#3803=ORIENTED_EDGE('',*,*,#2382,.T.);
#3804=ORIENTED_EDGE('',*,*,#2379,.T.);
#3805=ORIENTED_EDGE('',*,*,#2376,.T.);
#3806=ORIENTED_EDGE('',*,*,#2373,.T.);
#3807=ORIENTED_EDGE('',*,*,#2370,.T.);
#3808=ORIENTED_EDGE('',*,*,#2367,.T.);
#3809=ORIENTED_EDGE('',*,*,#2364,.T.);
#3810=ORIENTED_EDGE('',*,*,#2361,.T.);
#3811=ORIENTED_EDGE('',*,*,#2358,.T.);
#3812=ORIENTED_EDGE('',*,*,#2355,.T.);
#3813=ORIENTED_EDGE('',*,*,#2352,.T.);
#3814=ORIENTED_EDGE('',*,*,#2349,.T.);
#3815=ORIENTED_EDGE('',*,*,#2346,.T.);
#3816=ORIENTED_EDGE('',*,*,#2343,.T.);
#3817=ORIENTED_EDGE('',*,*,#2340,.T.);
#3818=ORIENTED_EDGE('',*,*,#2337,.T.);
#3819=ORIENTED_EDGE('',*,*,#2334,.T.);
#3820=ORIENTED_EDGE('',*,*,#2331,.T.);
#3821=ORIENTED_EDGE('',*,*,#2328,.T.);
#3822=ORIENTED_EDGE('',*,*,#2325,.T.);
#3823=ORIENTED_EDGE('',*,*,#2322,.T.);
#3824=ORIENTED_EDGE('',*,*,#2319,.T.);
#3825=ORIENTED_EDGE('',*,*,#2316,.T.);
#3826=ORIENTED_EDGE('',*,*,#2313,.T.);
#3827=ORIENTED_EDGE('',*,*,#2310,.T.);
#3828=ORIENTED_EDGE('',*,*,#2307,.T.);
#3829=ORIENTED_EDGE('',*,*,#2304,.T.);
#3830=ORIENTED_EDGE('',*,*,#2301,.T.);
#3831=ORIENTED_EDGE('',*,*,#2298,.T.);
#3832=ORIENTED_EDGE('',*,*,#2295,.T.);
#3833=ORIENTED_EDGE('',*,*,#2292,.T.);
#3834=ORIENTED_EDGE('',*,*,#2289,.T.);
#3835=ORIENTED_EDGE('',*,*,#2286,.T.);
#3836=ORIENTED_EDGE('',*,*,#2283,.T.);
#3837=ORIENTED_EDGE('',*,*,#2280,.T.);
#3838=ORIENTED_EDGE('',*,*,#2277,.T.);
#3839=ORIENTED_EDGE('',*,*,#2274,.T.);
#3840=ORIENTED_EDGE('',*,*,#2271,.T.);
#3841=ORIENTED_EDGE('',*,*,#2268,.T.);
#3842=ORIENTED_EDGE('',*,*,#2265,.T.);
#3843=ORIENTED_EDGE('',*,*,#2262,.T.);
#3844=ORIENTED_EDGE('',*,*,#2259,.T.);
#3845=ORIENTED_EDGE('',*,*,#2256,.T.);
#3846=ORIENTED_EDGE('',*,*,#2253,.T.);
#3847=ORIENTED_EDGE('',*,*,#2250,.T.);
#3848=ORIENTED_EDGE('',*,*,#2247,.T.);
#3849=ORIENTED_EDGE('',*,*,#2244,.T.);
#3850=ORIENTED_EDGE('',*,*,#2241,.T.);
#3851=ORIENTED_EDGE('',*,*,#2238,.T.);
#3852=ORIENTED_EDGE('',*,*,#2235,.T.);
#3853=ORIENTED_EDGE('',*,*,#2232,.T.);
#3854=ORIENTED_EDGE('',*,*,#2229,.T.);
#3855=ORIENTED_EDGE('',*,*,#2226,.T.);
#3856=ORIENTED_EDGE('',*,*,#2223,.T.);
#3857=ORIENTED_EDGE('',*,*,#2220,.T.);
#3858=ORIENTED_EDGE('',*,*,#2217,.T.);
#3859=ORIENTED_EDGE('',*,*,#2214,.T.);
#3860=ORIENTED_EDGE('',*,*,#2211,.T.);
#3861=ORIENTED_EDGE('',*,*,#2208,.T.);
#3862=ORIENTED_EDGE('',*,*,#2205,.T.);
#3863=ORIENTED_EDGE('',*,*,#2202,.T.);
#3864=ORIENTED_EDGE('',*,*,#2822,.F.);
#3865=ORIENTED_EDGE('',*,*,#2812,.F.);
#3866=ORIENTED_EDGE('',*,*,#2816,.F.);
#3867=ORIENTED_EDGE('',*,*,#2819,.F.);
#3868=ORIENTED_EDGE('',*,*,#2811,.F.);
#3869=ORIENTED_EDGE('',*,*,#2807,.F.);
#3870=ORIENTED_EDGE('',*,*,#2752,.F.);
#3871=ORIENTED_EDGE('',*,*,#2756,.F.);
#3872=ORIENTED_EDGE('',*,*,#2759,.F.);
#3873=ORIENTED_EDGE('',*,*,#2762,.F.);
#3874=ORIENTED_EDGE('',*,*,#2765,.F.);
#3875=ORIENTED_EDGE('',*,*,#2768,.F.);
#3876=ORIENTED_EDGE('',*,*,#2771,.F.);
#3877=ORIENTED_EDGE('',*,*,#2774,.F.);
#3878=ORIENTED_EDGE('',*,*,#2777,.F.);
#3879=ORIENTED_EDGE('',*,*,#2780,.F.);
#3880=ORIENTED_EDGE('',*,*,#2783,.F.);
#3881=ORIENTED_EDGE('',*,*,#2786,.F.);
#3882=ORIENTED_EDGE('',*,*,#2789,.F.);
#3883=ORIENTED_EDGE('',*,*,#2792,.F.);
#3884=ORIENTED_EDGE('',*,*,#2795,.F.);
#3885=ORIENTED_EDGE('',*,*,#2798,.F.);
#3886=ORIENTED_EDGE('',*,*,#2801,.F.);
#3887=ORIENTED_EDGE('',*,*,#2804,.F.);
#3888=ORIENTED_EDGE('',*,*,#2750,.F.);
#3889=ORIENTED_EDGE('',*,*,#2683,.F.);
#3890=ORIENTED_EDGE('',*,*,#2687,.F.);
#3891=ORIENTED_EDGE('',*,*,#2690,.F.);
#3892=ORIENTED_EDGE('',*,*,#2693,.F.);
#3893=ORIENTED_EDGE('',*,*,#2696,.F.);
#3894=ORIENTED_EDGE('',*,*,#2699,.F.);
#3895=ORIENTED_EDGE('',*,*,#2702,.F.);
#3896=ORIENTED_EDGE('',*,*,#2705,.F.);
#3897=ORIENTED_EDGE('',*,*,#2708,.F.);
#3898=ORIENTED_EDGE('',*,*,#2711,.F.);
#3899=ORIENTED_EDGE('',*,*,#2714,.F.);
#3900=ORIENTED_EDGE('',*,*,#2717,.F.);
#3901=ORIENTED_EDGE('',*,*,#2720,.F.);
#3902=ORIENTED_EDGE('',*,*,#2723,.F.);
#3903=ORIENTED_EDGE('',*,*,#2726,.F.);
#3904=ORIENTED_EDGE('',*,*,#2729,.F.);
#3905=ORIENTED_EDGE('',*,*,#2732,.F.);
#3906=ORIENTED_EDGE('',*,*,#2735,.F.);
#3907=ORIENTED_EDGE('',*,*,#2738,.F.);
#3908=ORIENTED_EDGE('',*,*,#2741,.F.);
#3909=ORIENTED_EDGE('',*,*,#2744,.F.);
#3910=ORIENTED_EDGE('',*,*,#2747,.F.);
#3911=ORIENTED_EDGE('',*,*,#2681,.F.);
#3912=ORIENTED_EDGE('',*,*,#2617,.F.);
#3913=ORIENTED_EDGE('',*,*,#2621,.F.);
#3914=ORIENTED_EDGE('',*,*,#2624,.F.);
#3915=ORIENTED_EDGE('',*,*,#2627,.F.);
#3916=ORIENTED_EDGE('',*,*,#2630,.F.);
#3917=ORIENTED_EDGE('',*,*,#2633,.F.);
#3918=ORIENTED_EDGE('',*,*,#2636,.F.);
#3919=ORIENTED_EDGE('',*,*,#2639,.F.);
#3920=ORIENTED_EDGE('',*,*,#2642,.F.);
#3921=ORIENTED_EDGE('',*,*,#2645,.F.);
#3922=ORIENTED_EDGE('',*,*,#2648,.F.);
#3923=ORIENTED_EDGE('',*,*,#2651,.F.);
#3924=ORIENTED_EDGE('',*,*,#2654,.F.);
#3925=ORIENTED_EDGE('',*,*,#2657,.F.);
#3926=ORIENTED_EDGE('',*,*,#2660,.F.);
#3927=ORIENTED_EDGE('',*,*,#2663,.F.);
#3928=ORIENTED_EDGE('',*,*,#2666,.F.);
#3929=ORIENTED_EDGE('',*,*,#2669,.F.);
#3930=ORIENTED_EDGE('',*,*,#2672,.F.);
#3931=ORIENTED_EDGE('',*,*,#2675,.F.);
#3932=ORIENTED_EDGE('',*,*,#2678,.F.);
#3933=ORIENTED_EDGE('',*,*,#2615,.F.);
#3934=ORIENTED_EDGE('',*,*,#2572,.F.);
#3935=ORIENTED_EDGE('',*,*,#2576,.F.);
#3936=ORIENTED_EDGE('',*,*,#2579,.F.);
#3937=ORIENTED_EDGE('',*,*,#2582,.F.);
#3938=ORIENTED_EDGE('',*,*,#2585,.F.);
#3939=ORIENTED_EDGE('',*,*,#2588,.F.);
#3940=ORIENTED_EDGE('',*,*,#2591,.F.);
#3941=ORIENTED_EDGE('',*,*,#2594,.F.);
#3942=ORIENTED_EDGE('',*,*,#2597,.F.);
#3943=ORIENTED_EDGE('',*,*,#2600,.F.);
#3944=ORIENTED_EDGE('',*,*,#2603,.F.);
#3945=ORIENTED_EDGE('',*,*,#2606,.F.);
#3946=ORIENTED_EDGE('',*,*,#2609,.F.);
#3947=ORIENTED_EDGE('',*,*,#2612,.F.);
#3948=ORIENTED_EDGE('',*,*,#2571,.F.);
#3949=ORIENTED_EDGE('',*,*,#2568,.F.);
#3950=ORIENTED_EDGE('',*,*,#2564,.F.);
#3951=ORIENTED_EDGE('',*,*,#2497,.F.);
#3952=ORIENTED_EDGE('',*,*,#2501,.F.);
#3953=ORIENTED_EDGE('',*,*,#2504,.F.);
#3954=ORIENTED_EDGE('',*,*,#2507,.F.);
#3955=ORIENTED_EDGE('',*,*,#2510,.F.);
#3956=ORIENTED_EDGE('',*,*,#2513,.F.);
#3957=ORIENTED_EDGE('',*,*,#2516,.F.);
#3958=ORIENTED_EDGE('',*,*,#2519,.F.);
#3959=ORIENTED_EDGE('',*,*,#2522,.F.);
#3960=ORIENTED_EDGE('',*,*,#2525,.F.);
#3961=ORIENTED_EDGE('',*,*,#2528,.F.);
#3962=ORIENTED_EDGE('',*,*,#2531,.F.);
#3963=ORIENTED_EDGE('',*,*,#2534,.F.);
#3964=ORIENTED_EDGE('',*,*,#2537,.F.);
#3965=ORIENTED_EDGE('',*,*,#2540,.F.);
#3966=ORIENTED_EDGE('',*,*,#2543,.F.);
#3967=ORIENTED_EDGE('',*,*,#2546,.F.);
#3968=ORIENTED_EDGE('',*,*,#2549,.F.);
#3969=ORIENTED_EDGE('',*,*,#2552,.F.);
#3970=ORIENTED_EDGE('',*,*,#2555,.F.);
#3971=ORIENTED_EDGE('',*,*,#2558,.F.);
#3972=ORIENTED_EDGE('',*,*,#2561,.F.);
#3973=ORIENTED_EDGE('',*,*,#2495,.F.);
#3974=ORIENTED_EDGE('',*,*,#2407,.F.);
#3975=ORIENTED_EDGE('',*,*,#2411,.F.);
#3976=ORIENTED_EDGE('',*,*,#2414,.F.);
#3977=ORIENTED_EDGE('',*,*,#2417,.F.);
#3978=ORIENTED_EDGE('',*,*,#2420,.F.);
#3979=ORIENTED_EDGE('',*,*,#2423,.F.);
#3980=ORIENTED_EDGE('',*,*,#2426,.F.);
#3981=ORIENTED_EDGE('',*,*,#2429,.F.);
#3982=ORIENTED_EDGE('',*,*,#2432,.F.);
#3983=ORIENTED_EDGE('',*,*,#2435,.F.);
#3984=ORIENTED_EDGE('',*,*,#2438,.F.);
#3985=ORIENTED_EDGE('',*,*,#2441,.F.);
#3986=ORIENTED_EDGE('',*,*,#2444,.F.);
#3987=ORIENTED_EDGE('',*,*,#2447,.F.);
#3988=ORIENTED_EDGE('',*,*,#2450,.F.);
#3989=ORIENTED_EDGE('',*,*,#2453,.F.);
#3990=ORIENTED_EDGE('',*,*,#2456,.F.);
#3991=ORIENTED_EDGE('',*,*,#2459,.F.);
#3992=ORIENTED_EDGE('',*,*,#2462,.F.);
#3993=ORIENTED_EDGE('',*,*,#2465,.F.);
#3994=ORIENTED_EDGE('',*,*,#2468,.F.);
#3995=ORIENTED_EDGE('',*,*,#2471,.F.);
#3996=ORIENTED_EDGE('',*,*,#2474,.F.);
#3997=ORIENTED_EDGE('',*,*,#2477,.F.);
#3998=ORIENTED_EDGE('',*,*,#2480,.F.);
#3999=ORIENTED_EDGE('',*,*,#2483,.F.);
#4000=ORIENTED_EDGE('',*,*,#2486,.F.);
#4001=ORIENTED_EDGE('',*,*,#2489,.F.);
#4002=ORIENTED_EDGE('',*,*,#2492,.F.);
#4003=ORIENTED_EDGE('',*,*,#2406,.F.);
#4004=ORIENTED_EDGE('',*,*,#2403,.F.);
#4005=ORIENTED_EDGE('',*,*,#2399,.F.);
#4006=ORIENTED_EDGE('',*,*,#2329,.F.);
#4007=ORIENTED_EDGE('',*,*,#2333,.F.);
#4008=ORIENTED_EDGE('',*,*,#2336,.F.);
#4009=ORIENTED_EDGE('',*,*,#2339,.F.);
#4010=ORIENTED_EDGE('',*,*,#2342,.F.);
#4011=ORIENTED_EDGE('',*,*,#2345,.F.);
#4012=ORIENTED_EDGE('',*,*,#2348,.F.);
#4013=ORIENTED_EDGE('',*,*,#2351,.F.);
#4014=ORIENTED_EDGE('',*,*,#2354,.F.);
#4015=ORIENTED_EDGE('',*,*,#2357,.F.);
#4016=ORIENTED_EDGE('',*,*,#2360,.F.);
#4017=ORIENTED_EDGE('',*,*,#2363,.F.);
#4018=ORIENTED_EDGE('',*,*,#2366,.F.);
#4019=ORIENTED_EDGE('',*,*,#2369,.F.);
#4020=ORIENTED_EDGE('',*,*,#2372,.F.);
#4021=ORIENTED_EDGE('',*,*,#2375,.F.);
#4022=ORIENTED_EDGE('',*,*,#2378,.F.);
#4023=ORIENTED_EDGE('',*,*,#2381,.F.);
#4024=ORIENTED_EDGE('',*,*,#2384,.F.);
#4025=ORIENTED_EDGE('',*,*,#2387,.F.);
#4026=ORIENTED_EDGE('',*,*,#2390,.F.);
#4027=ORIENTED_EDGE('',*,*,#2393,.F.);
#4028=ORIENTED_EDGE('',*,*,#2396,.F.);
#4029=ORIENTED_EDGE('',*,*,#2327,.F.);
#4030=ORIENTED_EDGE('',*,*,#2284,.F.);
#4031=ORIENTED_EDGE('',*,*,#2288,.F.);
#4032=ORIENTED_EDGE('',*,*,#2291,.F.);
#4033=ORIENTED_EDGE('',*,*,#2294,.F.);
#4034=ORIENTED_EDGE('',*,*,#2297,.F.);
#4035=ORIENTED_EDGE('',*,*,#2300,.F.);
#4036=ORIENTED_EDGE('',*,*,#2303,.F.);
#4037=ORIENTED_EDGE('',*,*,#2306,.F.);
#4038=ORIENTED_EDGE('',*,*,#2309,.F.);
#4039=ORIENTED_EDGE('',*,*,#2312,.F.);
#4040=ORIENTED_EDGE('',*,*,#2315,.F.);
#4041=ORIENTED_EDGE('',*,*,#2318,.F.);
#4042=ORIENTED_EDGE('',*,*,#2321,.F.);
#4043=ORIENTED_EDGE('',*,*,#2324,.F.);
#4044=ORIENTED_EDGE('',*,*,#2282,.F.);
#4045=ORIENTED_EDGE('',*,*,#2224,.F.);
#4046=ORIENTED_EDGE('',*,*,#2228,.F.);
#4047=ORIENTED_EDGE('',*,*,#2231,.F.);
#4048=ORIENTED_EDGE('',*,*,#2234,.F.);
#4049=ORIENTED_EDGE('',*,*,#2237,.F.);
#4050=ORIENTED_EDGE('',*,*,#2240,.F.);
#4051=ORIENTED_EDGE('',*,*,#2243,.F.);
#4052=ORIENTED_EDGE('',*,*,#2246,.F.);
#4053=ORIENTED_EDGE('',*,*,#2249,.F.);
#4054=ORIENTED_EDGE('',*,*,#2252,.F.);
#4055=ORIENTED_EDGE('',*,*,#2255,.F.);
#4056=ORIENTED_EDGE('',*,*,#2258,.F.);
#4057=ORIENTED_EDGE('',*,*,#2261,.F.);
#4058=ORIENTED_EDGE('',*,*,#2264,.F.);
#4059=ORIENTED_EDGE('',*,*,#2267,.F.);
#4060=ORIENTED_EDGE('',*,*,#2270,.F.);
#4061=ORIENTED_EDGE('',*,*,#2273,.F.);
#4062=ORIENTED_EDGE('',*,*,#2276,.F.);
#4063=ORIENTED_EDGE('',*,*,#2279,.F.);
#4064=ORIENTED_EDGE('',*,*,#2222,.F.);
#4065=ORIENTED_EDGE('',*,*,#2200,.F.);
#4066=ORIENTED_EDGE('',*,*,#2204,.F.);
#4067=ORIENTED_EDGE('',*,*,#2207,.F.);
#4068=ORIENTED_EDGE('',*,*,#2210,.F.);
#4069=ORIENTED_EDGE('',*,*,#2213,.F.);
#4070=ORIENTED_EDGE('',*,*,#2216,.F.);
#4071=ORIENTED_EDGE('',*,*,#2219,.F.);
#4072=CYLINDRICAL_SURFACE('',#4357,0.0599993201626218);
#4073=CYLINDRICAL_SURFACE('',#4361,0.0599993201538642);
#4074=CYLINDRICAL_SURFACE('',#4365,0.0599993201638296);
#4075=CYLINDRICAL_SURFACE('',#4369,0.0599993201638474);
#4076=CYLINDRICAL_SURFACE('',#4373,0.0599993201626218);
#4077=CYLINDRICAL_SURFACE('',#4377,0.0599993201538997);
#4078=CYLINDRICAL_SURFACE('',#4381,0.0599993201638651);
#4079=CYLINDRICAL_SURFACE('',#4386,0.100000456608954);
#4080=CYLINDRICAL_SURFACE('',#4399,0.059999320163883);
#4081=CYLINDRICAL_SURFACE('',#4403,0.0599993201625862);
#4082=CYLINDRICAL_SURFACE('',#4407,0.0599993201538637);
#4083=CYLINDRICAL_SURFACE('',#4411,0.0599993202038331);
#4084=CYLINDRICAL_SURFACE('',#4417,0.10000070213519);
#4085=CYLINDRICAL_SURFACE('',#4421,0.100000975968264);
#4086=CYLINDRICAL_SURFACE('',#4426,0.0599993201638835);
#4087=CYLINDRICAL_SURFACE('',#4430,0.0599993201625862);
#4088=CYLINDRICAL_SURFACE('',#4434,0.0599993201538637);
#4089=CYLINDRICAL_SURFACE('',#4438,0.0599993202038154);
#4090=CYLINDRICAL_SURFACE('',#4455,0.100000456608943);
#4091=CYLINDRICAL_SURFACE('',#4460,0.0599993201638835);
#4092=CYLINDRICAL_SURFACE('',#4464,1.45);
#4093=CYLINDRICAL_SURFACE('',#4467,1.45);
#4094=CYLINDRICAL_SURFACE('',#4470,0.059999320162604);
#4095=CYLINDRICAL_SURFACE('',#4474,0.0599993201538993);
#4096=CYLINDRICAL_SURFACE('',#4478,0.0599993202038331);
#4097=CYLINDRICAL_SURFACE('',#4500,0.100000456608943);
#4098=CYLINDRICAL_SURFACE('',#4506,0.0599993201638835);
#4099=CYLINDRICAL_SURFACE('',#4510,0.0599993201625685);
#4100=CYLINDRICAL_SURFACE('',#4514,0.0599993201538993);
#4101=CYLINDRICAL_SURFACE('',#4518,0.0599993202038331);
#4102=CYLINDRICAL_SURFACE('',#4524,0.100000456608943);
#4103=CYLINDRICAL_SURFACE('',#4529,0.100000456608968);
#4104=CYLINDRICAL_SURFACE('',#4534,0.100000456608982);
#4105=CYLINDRICAL_SURFACE('',#4540,0.100000603779297);
#4106=CYLINDRICAL_SURFACE('',#4545,0.0599993201638835);
#4107=CYLINDRICAL_SURFACE('',#4549,1.45);
#4108=CYLINDRICAL_SURFACE('',#4552,1.45);
#4109=CYLINDRICAL_SURFACE('',#4555,0.0599993201626218);
#4110=CYLINDRICAL_SURFACE('',#4559,0.0599993201538997);
#4111=CYLINDRICAL_SURFACE('',#4563,0.0599993201638296);
#4112=CYLINDRICAL_SURFACE('',#4568,0.100000456608943);
#4113=CYLINDRICAL_SURFACE('',#4573,0.0999997272995236);
#4114=CYLINDRICAL_SURFACE('',#4578,0.0599993201638119);
#4115=CYLINDRICAL_SURFACE('',#4582,0.059999320162604);
#4116=CYLINDRICAL_SURFACE('',#4586,0.0599993201538642);
#4117=CYLINDRICAL_SURFACE('',#4590,0.0599993201638296);
#4118=CYLINDRICAL_SURFACE('',#4605,0.0995346241431166);
#4119=CYLINDRICAL_SURFACE('',#4610,0.0599993201638474);
#4120=CYLINDRICAL_SURFACE('',#4614,0.0599993201625862);
#4121=CYLINDRICAL_SURFACE('',#4618,0.0599993201538637);
#4122=CYLINDRICAL_SURFACE('',#4622,0.0599993202038331);
#4123=CYLINDRICAL_SURFACE('',#4630,0.420050327792149);
#4124=CYLINDRICAL_SURFACE('',#4643,0.0599993201638835);
#4125=CYLINDRICAL_SURFACE('',#4647,0.059999320162604);
#4126=CYLINDRICAL_SURFACE('',#4651,0.0599993201538993);
#4127=CYLINDRICAL_SURFACE('',#4655,0.0599993202037621);
#4128=CYLINDRICAL_SURFACE('',#4661,0.637279847457565);
#4129=CYLINDRICAL_SURFACE('',#4672,0.0599993201638125);
#4130=CYLINDRICAL_SURFACE('',#4676,3.059999);
#4131=ADVANCED_FACE('',(#204),#4072,.F.);
#4132=ADVANCED_FACE('',(#205),#53,.T.);
#4133=ADVANCED_FACE('',(#206),#4073,.F.);
#4134=ADVANCED_FACE('',(#207),#54,.T.);
#4135=ADVANCED_FACE('',(#208),#4074,.F.);
#4136=ADVANCED_FACE('',(#209),#55,.T.);
#4137=ADVANCED_FACE('',(#210),#4075,.F.);
#4138=ADVANCED_FACE('',(#211),#56,.T.);
#4139=ADVANCED_FACE('',(#212),#4076,.F.);
#4140=ADVANCED_FACE('',(#213),#57,.T.);
#4141=ADVANCED_FACE('',(#214),#4077,.F.);
#4142=ADVANCED_FACE('',(#215),#58,.T.);
#4143=ADVANCED_FACE('',(#216),#4078,.F.);
#4144=ADVANCED_FACE('',(#217),#59,.T.);
#4145=ADVANCED_FACE('',(#218),#60,.T.);
#4146=ADVANCED_FACE('',(#219),#4079,.F.);
#4147=ADVANCED_FACE('',(#220),#61,.T.);
#4148=ADVANCED_FACE('',(#221),#62,.T.);
#4149=ADVANCED_FACE('',(#222),#63,.T.);
#4150=ADVANCED_FACE('',(#223),#64,.T.);
#4151=ADVANCED_FACE('',(#224),#65,.T.);
#4152=ADVANCED_FACE('',(#225),#66,.T.);
#4153=ADVANCED_FACE('',(#226),#67,.T.);
#4154=ADVANCED_FACE('',(#227),#68,.T.);
#4155=ADVANCED_FACE('',(#228),#69,.T.);
#4156=ADVANCED_FACE('',(#229),#70,.T.);
#4157=ADVANCED_FACE('',(#230),#4080,.F.);
#4158=ADVANCED_FACE('',(#231),#71,.T.);
#4159=ADVANCED_FACE('',(#232),#4081,.F.);
#4160=ADVANCED_FACE('',(#233),#72,.T.);
#4161=ADVANCED_FACE('',(#234),#4082,.F.);
#4162=ADVANCED_FACE('',(#235),#73,.T.);
#4163=ADVANCED_FACE('',(#236),#4083,.F.);
#4164=ADVANCED_FACE('',(#237),#74,.T.);
#4165=ADVANCED_FACE('',(#238),#75,.T.);
#4166=ADVANCED_FACE('',(#239),#76,.T.);
#4167=ADVANCED_FACE('',(#240),#4084,.F.);
#4168=ADVANCED_FACE('',(#241),#77,.T.);
#4169=ADVANCED_FACE('',(#242),#4085,.F.);
#4170=ADVANCED_FACE('',(#243),#78,.T.);
#4171=ADVANCED_FACE('',(#244),#79,.T.);
#4172=ADVANCED_FACE('',(#245),#4086,.F.);
#4173=ADVANCED_FACE('',(#246),#80,.T.);
#4174=ADVANCED_FACE('',(#247),#4087,.F.);
#4175=ADVANCED_FACE('',(#248),#81,.T.);
#4176=ADVANCED_FACE('',(#249),#4088,.F.);
#4177=ADVANCED_FACE('',(#250),#82,.T.);
#4178=ADVANCED_FACE('',(#251),#4089,.F.);
#4179=ADVANCED_FACE('',(#252),#83,.T.);
#4180=ADVANCED_FACE('',(#253),#84,.T.);
#4181=ADVANCED_FACE('',(#254),#85,.T.);
#4182=ADVANCED_FACE('',(#255),#86,.T.);
#4183=ADVANCED_FACE('',(#256),#87,.T.);
#4184=ADVANCED_FACE('',(#257),#88,.T.);
#4185=ADVANCED_FACE('',(#258),#89,.T.);
#4186=ADVANCED_FACE('',(#259),#90,.T.);
#4187=ADVANCED_FACE('',(#260),#91,.T.);
#4188=ADVANCED_FACE('',(#261),#92,.T.);
#4189=ADVANCED_FACE('',(#262),#93,.T.);
#4190=ADVANCED_FACE('',(#263),#94,.T.);
#4191=ADVANCED_FACE('',(#264),#95,.T.);
#4192=ADVANCED_FACE('',(#265),#96,.T.);
#4193=ADVANCED_FACE('',(#266),#4090,.F.);
#4194=ADVANCED_FACE('',(#267),#97,.T.);
#4195=ADVANCED_FACE('',(#268),#98,.T.);
#4196=ADVANCED_FACE('',(#269),#4091,.F.);
#4197=ADVANCED_FACE('',(#270),#99,.T.);
#4198=ADVANCED_FACE('',(#271),#4092,.F.);
#4199=ADVANCED_FACE('',(#272),#4093,.F.);
#4200=ADVANCED_FACE('',(#273),#4094,.F.);
#4201=ADVANCED_FACE('',(#274),#100,.T.);
#4202=ADVANCED_FACE('',(#275),#4095,.F.);
#4203=ADVANCED_FACE('',(#276),#101,.T.);
#4204=ADVANCED_FACE('',(#277),#4096,.F.);
#4205=ADVANCED_FACE('',(#278),#102,.T.);
#4206=ADVANCED_FACE('',(#279),#103,.T.);
#4207=ADVANCED_FACE('',(#280),#104,.T.);
#4208=ADVANCED_FACE('',(#281),#105,.T.);
#4209=ADVANCED_FACE('',(#282),#106,.T.);
#4210=ADVANCED_FACE('',(#283),#107,.T.);
#4211=ADVANCED_FACE('',(#284),#108,.T.);
#4212=ADVANCED_FACE('',(#285),#109,.T.);
#4213=ADVANCED_FACE('',(#286),#110,.T.);
#4214=ADVANCED_FACE('',(#287),#111,.T.);
#4215=ADVANCED_FACE('',(#288),#112,.T.);
#4216=ADVANCED_FACE('',(#289),#113,.T.);
#4217=ADVANCED_FACE('',(#290),#114,.T.);
#4218=ADVANCED_FACE('',(#291),#115,.T.);
#4219=ADVANCED_FACE('',(#292),#116,.T.);
#4220=ADVANCED_FACE('',(#293),#117,.T.);
#4221=ADVANCED_FACE('',(#294),#118,.T.);
#4222=ADVANCED_FACE('',(#295),#119,.T.);
#4223=ADVANCED_FACE('',(#296),#120,.T.);
#4224=ADVANCED_FACE('',(#297),#4097,.F.);
#4225=ADVANCED_FACE('',(#298),#121,.T.);
#4226=ADVANCED_FACE('',(#299),#122,.T.);
#4227=ADVANCED_FACE('',(#300),#123,.T.);
#4228=ADVANCED_FACE('',(#301),#4098,.F.);
#4229=ADVANCED_FACE('',(#302),#124,.T.);
#4230=ADVANCED_FACE('',(#303),#4099,.F.);
#4231=ADVANCED_FACE('',(#304),#125,.T.);
#4232=ADVANCED_FACE('',(#305),#4100,.F.);
#4233=ADVANCED_FACE('',(#306),#126,.T.);
#4234=ADVANCED_FACE('',(#307),#4101,.F.);
#4235=ADVANCED_FACE('',(#308),#127,.T.);
#4236=ADVANCED_FACE('',(#309),#128,.T.);
#4237=ADVANCED_FACE('',(#310),#129,.T.);
#4238=ADVANCED_FACE('',(#311),#4102,.F.);
#4239=ADVANCED_FACE('',(#312),#130,.T.);
#4240=ADVANCED_FACE('',(#313),#131,.T.);
#4241=ADVANCED_FACE('',(#314),#4103,.F.);
#4242=ADVANCED_FACE('',(#315),#132,.T.);
#4243=ADVANCED_FACE('',(#316),#133,.T.);
#4244=ADVANCED_FACE('',(#317),#4104,.F.);
#4245=ADVANCED_FACE('',(#318),#134,.T.);
#4246=ADVANCED_FACE('',(#319),#135,.T.);
#4247=ADVANCED_FACE('',(#320),#136,.T.);
#4248=ADVANCED_FACE('',(#321),#4105,.F.);
#4249=ADVANCED_FACE('',(#322),#137,.T.);
#4250=ADVANCED_FACE('',(#323),#138,.T.);
#4251=ADVANCED_FACE('',(#324),#4106,.F.);
#4252=ADVANCED_FACE('',(#325),#139,.T.);
#4253=ADVANCED_FACE('',(#326),#4107,.F.);
#4254=ADVANCED_FACE('',(#327),#4108,.F.);
#4255=ADVANCED_FACE('',(#328),#4109,.F.);
#4256=ADVANCED_FACE('',(#329),#140,.T.);
#4257=ADVANCED_FACE('',(#330),#4110,.F.);
#4258=ADVANCED_FACE('',(#331),#141,.T.);
#4259=ADVANCED_FACE('',(#332),#4111,.F.);
#4260=ADVANCED_FACE('',(#333),#142,.T.);
#4261=ADVANCED_FACE('',(#334),#143,.T.);
#4262=ADVANCED_FACE('',(#335),#4112,.F.);
#4263=ADVANCED_FACE('',(#336),#144,.T.);
#4264=ADVANCED_FACE('',(#337),#145,.T.);
#4265=ADVANCED_FACE('',(#338),#4113,.F.);
#4266=ADVANCED_FACE('',(#339),#146,.T.);
#4267=ADVANCED_FACE('',(#340),#147,.T.);
#4268=ADVANCED_FACE('',(#341),#4114,.F.);
#4269=ADVANCED_FACE('',(#342),#148,.T.);
#4270=ADVANCED_FACE('',(#343),#4115,.F.);
#4271=ADVANCED_FACE('',(#344),#149,.T.);
#4272=ADVANCED_FACE('',(#345),#4116,.F.);
#4273=ADVANCED_FACE('',(#346),#150,.T.);
#4274=ADVANCED_FACE('',(#347),#4117,.F.);
#4275=ADVANCED_FACE('',(#348),#151,.T.);
#4276=ADVANCED_FACE('',(#349),#152,.T.);
#4277=ADVANCED_FACE('',(#350),#153,.T.);
#4278=ADVANCED_FACE('',(#351),#154,.T.);
#4279=ADVANCED_FACE('',(#352),#155,.T.);
#4280=ADVANCED_FACE('',(#353),#156,.T.);
#4281=ADVANCED_FACE('',(#354),#157,.T.);
#4282=ADVANCED_FACE('',(#355),#158,.T.);
#4283=ADVANCED_FACE('',(#356),#159,.T.);
#4284=ADVANCED_FACE('',(#357),#160,.T.);
#4285=ADVANCED_FACE('',(#358),#161,.T.);
#4286=ADVANCED_FACE('',(#359),#162,.T.);
#4287=ADVANCED_FACE('',(#360),#4118,.F.);
#4288=ADVANCED_FACE('',(#361),#163,.T.);
#4289=ADVANCED_FACE('',(#362),#164,.T.);
#4290=ADVANCED_FACE('',(#363),#4119,.F.);
#4291=ADVANCED_FACE('',(#364),#165,.T.);
#4292=ADVANCED_FACE('',(#365),#4120,.F.);
#4293=ADVANCED_FACE('',(#366),#166,.T.);
#4294=ADVANCED_FACE('',(#367),#4121,.F.);
#4295=ADVANCED_FACE('',(#368),#167,.T.);
#4296=ADVANCED_FACE('',(#369),#4122,.F.);
#4297=ADVANCED_FACE('',(#370),#168,.T.);
#4298=ADVANCED_FACE('',(#371),#169,.T.);
#4299=ADVANCED_FACE('',(#372),#170,.T.);
#4300=ADVANCED_FACE('',(#373),#171,.T.);
#4301=ADVANCED_FACE('',(#374),#172,.T.);
#4302=ADVANCED_FACE('',(#375),#4123,.F.);
#4303=ADVANCED_FACE('',(#376),#173,.T.);
#4304=ADVANCED_FACE('',(#377),#174,.T.);
#4305=ADVANCED_FACE('',(#378),#175,.T.);
#4306=ADVANCED_FACE('',(#379),#176,.T.);
#4307=ADVANCED_FACE('',(#380),#177,.T.);
#4308=ADVANCED_FACE('',(#381),#178,.T.);
#4309=ADVANCED_FACE('',(#382),#179,.T.);
#4310=ADVANCED_FACE('',(#383),#180,.T.);
#4311=ADVANCED_FACE('',(#384),#181,.T.);
#4312=ADVANCED_FACE('',(#385),#182,.T.);
#4313=ADVANCED_FACE('',(#386),#4124,.F.);
#4314=ADVANCED_FACE('',(#387),#183,.T.);
#4315=ADVANCED_FACE('',(#388),#4125,.F.);
#4316=ADVANCED_FACE('',(#389),#184,.T.);
#4317=ADVANCED_FACE('',(#390),#4126,.F.);
#4318=ADVANCED_FACE('',(#391),#185,.T.);
#4319=ADVANCED_FACE('',(#392),#4127,.F.);
#4320=ADVANCED_FACE('',(#393),#186,.T.);
#4321=ADVANCED_FACE('',(#394),#187,.T.);
#4322=ADVANCED_FACE('',(#395),#188,.T.);
#4323=ADVANCED_FACE('',(#396),#4128,.F.);
#4324=ADVANCED_FACE('',(#397),#189,.T.);
#4325=ADVANCED_FACE('',(#398),#190,.T.);
#4326=ADVANCED_FACE('',(#399),#191,.T.);
#4327=ADVANCED_FACE('',(#400),#192,.T.);
#4328=ADVANCED_FACE('',(#401),#193,.T.);
#4329=ADVANCED_FACE('',(#402),#194,.T.);
#4330=ADVANCED_FACE('',(#403),#195,.T.);
#4331=ADVANCED_FACE('',(#404),#196,.T.);
#4332=ADVANCED_FACE('',(#405),#4129,.F.);
#4333=ADVANCED_FACE('',(#406),#197,.T.);
#4334=ADVANCED_FACE('',(#407),#4130,.F.);
#4335=ADVANCED_FACE('',(#408),#198,.T.);
#4336=ADVANCED_FACE('',(#409),#199,.T.);
#4337=ADVANCED_FACE('',(#410),#200,.T.);
#4338=ADVANCED_FACE('',(#411),#201,.T.);
#4339=ADVANCED_FACE('',(#412,#23,#24,#25,#26,#27,#28,#29,#30,#31,#32,#33,
#34,#35,#36,#37),#202,.T.);
#4340=ADVANCED_FACE('',(#413,#38,#39,#40,#41,#42,#43,#44,#45,#46,#47,#48,
#49,#50,#51,#52),#203,.F.);
#4341=CLOSED_SHELL('',(#4131,#4132,#4133,#4134,#4135,#4136,#4137,#4138,
#4139,#4140,#4141,#4142,#4143,#4144,#4145,#4146,#4147,#4148,#4149,#4150,
#4151,#4152,#4153,#4154,#4155,#4156,#4157,#4158,#4159,#4160,#4161,#4162,
#4163,#4164,#4165,#4166,#4167,#4168,#4169,#4170,#4171,#4172,#4173,#4174,
#4175,#4176,#4177,#4178,#4179,#4180,#4181,#4182,#4183,#4184,#4185,#4186,
#4187,#4188,#4189,#4190,#4191,#4192,#4193,#4194,#4195,#4196,#4197,#4198,
#4199,#4200,#4201,#4202,#4203,#4204,#4205,#4206,#4207,#4208,#4209,#4210,
#4211,#4212,#4213,#4214,#4215,#4216,#4217,#4218,#4219,#4220,#4221,#4222,
#4223,#4224,#4225,#4226,#4227,#4228,#4229,#4230,#4231,#4232,#4233,#4234,
#4235,#4236,#4237,#4238,#4239,#4240,#4241,#4242,#4243,#4244,#4245,#4246,
#4247,#4248,#4249,#4250,#4251,#4252,#4253,#4254,#4255,#4256,#4257,#4258,
#4259,#4260,#4261,#4262,#4263,#4264,#4265,#4266,#4267,#4268,#4269,#4270,
#4271,#4272,#4273,#4274,#4275,#4276,#4277,#4278,#4279,#4280,#4281,#4282,
#4283,#4284,#4285,#4286,#4287,#4288,#4289,#4290,#4291,#4292,#4293,#4294,
#4295,#4296,#4297,#4298,#4299,#4300,#4301,#4302,#4303,#4304,#4305,#4306,
#4307,#4308,#4309,#4310,#4311,#4312,#4313,#4314,#4315,#4316,#4317,#4318,
#4319,#4320,#4321,#4322,#4323,#4324,#4325,#4326,#4327,#4328,#4329,#4330,
#4331,#4332,#4333,#4334,#4335,#4336,#4337,#4338,#4339,#4340));
#4342=DERIVED_UNIT_ELEMENT(#4344,1.);
#4343=DERIVED_UNIT_ELEMENT(#7123,-3.);
#4344=(
MASS_UNIT()
NAMED_UNIT(*)
SI_UNIT(.KILO.,.GRAM.)
);
#4345=DERIVED_UNIT((#4342,#4343));
#4346=MEASURE_REPRESENTATION_ITEM('density measure',
POSITIVE_RATIO_MEASURE(7850.),#4345);
#4347=PROPERTY_DEFINITION_REPRESENTATION(#4352,#4349);
#4348=PROPERTY_DEFINITION_REPRESENTATION(#4353,#4350);
#4349=REPRESENTATION('material name',(#4351),#7120);
#4350=REPRESENTATION('density',(#4346),#7120);
#4351=DESCRIPTIVE_REPRESENTATION_ITEM('Steel','Steel');
#4352=PROPERTY_DEFINITION('material property','material name',#7140);
#4353=PROPERTY_DEFINITION('material property','density of part',#7140);
#4354=AXIS2_PLACEMENT_3D('',#5859,#4687,#4688);
#4355=AXIS2_PLACEMENT_3D('',#5860,#4689,#4690);
#4356=AXIS2_PLACEMENT_3D('',#5861,#4691,#4692);
#4357=AXIS2_PLACEMENT_3D('',#5862,#4693,#4694);
#4358=AXIS2_PLACEMENT_3D('',#5865,#4695,#4696);
#4359=AXIS2_PLACEMENT_3D('',#5869,#4698,#4699);
#4360=AXIS2_PLACEMENT_3D('',#5871,#4701,#4702);
#4361=AXIS2_PLACEMENT_3D('',#5877,#4706,#4707);
#4362=AXIS2_PLACEMENT_3D('',#5879,#4708,#4709);
#4363=AXIS2_PLACEMENT_3D('',#5881,#4710,#4711);
#4364=AXIS2_PLACEMENT_3D('',#5883,#4713,#4714);
#4365=AXIS2_PLACEMENT_3D('',#5889,#4718,#4719);
#4366=AXIS2_PLACEMENT_3D('',#5891,#4720,#4721);
#4367=AXIS2_PLACEMENT_3D('',#5893,#4722,#4723);
#4368=AXIS2_PLACEMENT_3D('',#5895,#4725,#4726);
#4369=AXIS2_PLACEMENT_3D('',#5901,#4730,#4731);
#4370=AXIS2_PLACEMENT_3D('',#5903,#4732,#4733);
#4371=AXIS2_PLACEMENT_3D('',#5905,#4734,#4735);
#4372=AXIS2_PLACEMENT_3D('',#5907,#4737,#4738);
#4373=AXIS2_PLACEMENT_3D('',#5910,#4741,#4742);
#4374=AXIS2_PLACEMENT_3D('',#5913,#4743,#4744);
#4375=AXIS2_PLACEMENT_3D('',#5917,#4746,#4747);
#4376=AXIS2_PLACEMENT_3D('',#5919,#4749,#4750);
#4377=AXIS2_PLACEMENT_3D('',#5925,#4754,#4755);
#4378=AXIS2_PLACEMENT_3D('',#5927,#4756,#4757);
#4379=AXIS2_PLACEMENT_3D('',#5929,#4758,#4759);
#4380=AXIS2_PLACEMENT_3D('',#5931,#4761,#4762);
#4381=AXIS2_PLACEMENT_3D('',#5937,#4766,#4767);
#4382=AXIS2_PLACEMENT_3D('',#5939,#4768,#4769);
#4383=AXIS2_PLACEMENT_3D('',#5941,#4770,#4771);
#4384=AXIS2_PLACEMENT_3D('',#5943,#4773,#4774);
#4385=AXIS2_PLACEMENT_3D('',#5949,#4778,#4779);
#4386=AXIS2_PLACEMENT_3D('',#5955,#4783,#4784);
#4387=AXIS2_PLACEMENT_3D('',#5957,#4785,#4786);
#4388=AXIS2_PLACEMENT_3D('',#5959,#4787,#4788);
#4389=AXIS2_PLACEMENT_3D('',#5961,#4790,#4791);
#4390=AXIS2_PLACEMENT_3D('',#5967,#4795,#4796);
#4391=AXIS2_PLACEMENT_3D('',#5973,#4800,#4801);
#4392=AXIS2_PLACEMENT_3D('',#5979,#4805,#4806);
#4393=AXIS2_PLACEMENT_3D('',#5985,#4810,#4811);
#4394=AXIS2_PLACEMENT_3D('',#5991,#4815,#4816);
#4395=AXIS2_PLACEMENT_3D('',#5997,#4820,#4821);
#4396=AXIS2_PLACEMENT_3D('',#6003,#4825,#4826);
#4397=AXIS2_PLACEMENT_3D('',#6009,#4830,#4831);
#4398=AXIS2_PLACEMENT_3D('',#6015,#4835,#4836);
#4399=AXIS2_PLACEMENT_3D('',#6021,#4840,#4841);
#4400=AXIS2_PLACEMENT_3D('',#6023,#4842,#4843);
#4401=AXIS2_PLACEMENT_3D('',#6025,#4844,#4845);
#4402=AXIS2_PLACEMENT_3D('',#6027,#4847,#4848);
#4403=AXIS2_PLACEMENT_3D('',#6030,#4851,#4852);
#4404=AXIS2_PLACEMENT_3D('',#6033,#4853,#4854);
#4405=AXIS2_PLACEMENT_3D('',#6037,#4856,#4857);
#4406=AXIS2_PLACEMENT_3D('',#6039,#4859,#4860);
#4407=AXIS2_PLACEMENT_3D('',#6045,#4864,#4865);
#4408=AXIS2_PLACEMENT_3D('',#6047,#4866,#4867);
#4409=AXIS2_PLACEMENT_3D('',#6049,#4868,#4869);
#4410=AXIS2_PLACEMENT_3D('',#6051,#4871,#4872);
#4411=AXIS2_PLACEMENT_3D('',#6057,#4876,#4877);
#4412=AXIS2_PLACEMENT_3D('',#6059,#4878,#4879);
#4413=AXIS2_PLACEMENT_3D('',#6061,#4880,#4881);
#4414=AXIS2_PLACEMENT_3D('',#6063,#4883,#4884);
#4415=AXIS2_PLACEMENT_3D('',#6069,#4888,#4889);
#4416=AXIS2_PLACEMENT_3D('',#6075,#4893,#4894);
#4417=AXIS2_PLACEMENT_3D('',#6081,#4898,#4899);
#4418=AXIS2_PLACEMENT_3D('',#6083,#4900,#4901);
#4419=AXIS2_PLACEMENT_3D('',#6085,#4902,#4903);
#4420=AXIS2_PLACEMENT_3D('',#6087,#4905,#4906);
#4421=AXIS2_PLACEMENT_3D('',#6093,#4910,#4911);
#4422=AXIS2_PLACEMENT_3D('',#6095,#4912,#4913);
#4423=AXIS2_PLACEMENT_3D('',#6097,#4914,#4915);
#4424=AXIS2_PLACEMENT_3D('',#6099,#4917,#4918);
#4425=AXIS2_PLACEMENT_3D('',#6105,#4922,#4923);
#4426=AXIS2_PLACEMENT_3D('',#6111,#4927,#4928);
#4427=AXIS2_PLACEMENT_3D('',#6113,#4929,#4930);
#4428=AXIS2_PLACEMENT_3D('',#6115,#4931,#4932);
#4429=AXIS2_PLACEMENT_3D('',#6117,#4934,#4935);
#4430=AXIS2_PLACEMENT_3D('',#6120,#4938,#4939);
#4431=AXIS2_PLACEMENT_3D('',#6123,#4940,#4941);
#4432=AXIS2_PLACEMENT_3D('',#6127,#4943,#4944);
#4433=AXIS2_PLACEMENT_3D('',#6129,#4946,#4947);
#4434=AXIS2_PLACEMENT_3D('',#6135,#4951,#4952);
#4435=AXIS2_PLACEMENT_3D('',#6137,#4953,#4954);
#4436=AXIS2_PLACEMENT_3D('',#6139,#4955,#4956);
#4437=AXIS2_PLACEMENT_3D('',#6141,#4958,#4959);
#4438=AXIS2_PLACEMENT_3D('',#6147,#4963,#4964);
#4439=AXIS2_PLACEMENT_3D('',#6149,#4965,#4966);
#4440=AXIS2_PLACEMENT_3D('',#6151,#4967,#4968);
#4441=AXIS2_PLACEMENT_3D('',#6153,#4970,#4971);
#4442=AXIS2_PLACEMENT_3D('',#6159,#4975,#4976);
#4443=AXIS2_PLACEMENT_3D('',#6165,#4980,#4981);
#4444=AXIS2_PLACEMENT_3D('',#6171,#4985,#4986);
#4445=AXIS2_PLACEMENT_3D('',#6177,#4990,#4991);
#4446=AXIS2_PLACEMENT_3D('',#6183,#4995,#4996);
#4447=AXIS2_PLACEMENT_3D('',#6189,#5000,#5001);
#4448=AXIS2_PLACEMENT_3D('',#6195,#5005,#5006);
#4449=AXIS2_PLACEMENT_3D('',#6201,#5010,#5011);
#4450=AXIS2_PLACEMENT_3D('',#6207,#5015,#5016);
#4451=AXIS2_PLACEMENT_3D('',#6213,#5020,#5021);
#4452=AXIS2_PLACEMENT_3D('',#6219,#5025,#5026);
#4453=AXIS2_PLACEMENT_3D('',#6225,#5030,#5031);
#4454=AXIS2_PLACEMENT_3D('',#6231,#5035,#5036);
#4455=AXIS2_PLACEMENT_3D('',#6237,#5040,#5041);
#4456=AXIS2_PLACEMENT_3D('',#6239,#5042,#5043);
#4457=AXIS2_PLACEMENT_3D('',#6241,#5044,#5045);
#4458=AXIS2_PLACEMENT_3D('',#6243,#5047,#5048);
#4459=AXIS2_PLACEMENT_3D('',#6249,#5052,#5053);
#4460=AXIS2_PLACEMENT_3D('',#6255,#5057,#5058);
#4461=AXIS2_PLACEMENT_3D('',#6257,#5059,#5060);
#4462=AXIS2_PLACEMENT_3D('',#6259,#5061,#5062);
#4463=AXIS2_PLACEMENT_3D('',#6261,#5064,#5065);
#4464=AXIS2_PLACEMENT_3D('',#6264,#5068,#5069);
#4465=AXIS2_PLACEMENT_3D('',#6266,#5070,#5071);
#4466=AXIS2_PLACEMENT_3D('',#6269,#5073,#5074);
#4467=AXIS2_PLACEMENT_3D('',#6270,#5075,#5076);
#4468=AXIS2_PLACEMENT_3D('',#6272,#5077,#5078);
#4469=AXIS2_PLACEMENT_3D('',#6275,#5080,#5081);
#4470=AXIS2_PLACEMENT_3D('',#6276,#5082,#5083);
#4471=AXIS2_PLACEMENT_3D('',#6279,#5084,#5085);
#4472=AXIS2_PLACEMENT_3D('',#6283,#5087,#5088);
#4473=AXIS2_PLACEMENT_3D('',#6285,#5090,#5091);
#4474=AXIS2_PLACEMENT_3D('',#6291,#5095,#5096);
#4475=AXIS2_PLACEMENT_3D('',#6293,#5097,#5098);
#4476=AXIS2_PLACEMENT_3D('',#6295,#5099,#5100);
#4477=AXIS2_PLACEMENT_3D('',#6297,#5102,#5103);
#4478=AXIS2_PLACEMENT_3D('',#6303,#5107,#5108);
#4479=AXIS2_PLACEMENT_3D('',#6305,#5109,#5110);
#4480=AXIS2_PLACEMENT_3D('',#6307,#5111,#5112);
#4481=AXIS2_PLACEMENT_3D('',#6309,#5114,#5115);
#4482=AXIS2_PLACEMENT_3D('',#6315,#5119,#5120);
#4483=AXIS2_PLACEMENT_3D('',#6321,#5124,#5125);
#4484=AXIS2_PLACEMENT_3D('',#6327,#5129,#5130);
#4485=AXIS2_PLACEMENT_3D('',#6333,#5134,#5135);
#4486=AXIS2_PLACEMENT_3D('',#6339,#5139,#5140);
#4487=AXIS2_PLACEMENT_3D('',#6345,#5144,#5145);
#4488=AXIS2_PLACEMENT_3D('',#6351,#5149,#5150);
#4489=AXIS2_PLACEMENT_3D('',#6357,#5154,#5155);
#4490=AXIS2_PLACEMENT_3D('',#6363,#5159,#5160);
#4491=AXIS2_PLACEMENT_3D('',#6369,#5164,#5165);
#4492=AXIS2_PLACEMENT_3D('',#6375,#5169,#5170);
#4493=AXIS2_PLACEMENT_3D('',#6381,#5174,#5175);
#4494=AXIS2_PLACEMENT_3D('',#6387,#5179,#5180);
#4495=AXIS2_PLACEMENT_3D('',#6393,#5184,#5185);
#4496=AXIS2_PLACEMENT_3D('',#6399,#5189,#5190);
#4497=AXIS2_PLACEMENT_3D('',#6405,#5194,#5195);
#4498=AXIS2_PLACEMENT_3D('',#6411,#5199,#5200);
#4499=AXIS2_PLACEMENT_3D('',#6417,#5204,#5205);
#4500=AXIS2_PLACEMENT_3D('',#6423,#5209,#5210);
#4501=AXIS2_PLACEMENT_3D('',#6425,#5211,#5212);
#4502=AXIS2_PLACEMENT_3D('',#6427,#5213,#5214);
#4503=AXIS2_PLACEMENT_3D('',#6429,#5216,#5217);
#4504=AXIS2_PLACEMENT_3D('',#6435,#5221,#5222);
#4505=AXIS2_PLACEMENT_3D('',#6441,#5226,#5227);
#4506=AXIS2_PLACEMENT_3D('',#6447,#5231,#5232);
#4507=AXIS2_PLACEMENT_3D('',#6449,#5233,#5234);
#4508=AXIS2_PLACEMENT_3D('',#6451,#5235,#5236);
#4509=AXIS2_PLACEMENT_3D('',#6453,#5238,#5239);
#4510=AXIS2_PLACEMENT_3D('',#6456,#5242,#5243);
#4511=AXIS2_PLACEMENT_3D('',#6459,#5244,#5245);
#4512=AXIS2_PLACEMENT_3D('',#6463,#5247,#5248);
#4513=AXIS2_PLACEMENT_3D('',#6465,#5250,#5251);
#4514=AXIS2_PLACEMENT_3D('',#6471,#5255,#5256);
#4515=AXIS2_PLACEMENT_3D('',#6473,#5257,#5258);
#4516=AXIS2_PLACEMENT_3D('',#6475,#5259,#5260);
#4517=AXIS2_PLACEMENT_3D('',#6477,#5262,#5263);
#4518=AXIS2_PLACEMENT_3D('',#6483,#5267,#5268);
#4519=AXIS2_PLACEMENT_3D('',#6485,#5269,#5270);
#4520=AXIS2_PLACEMENT_3D('',#6487,#5271,#5272);
#4521=AXIS2_PLACEMENT_3D('',#6489,#5274,#5275);
#4522=AXIS2_PLACEMENT_3D('',#6495,#5279,#5280);
#4523=AXIS2_PLACEMENT_3D('',#6501,#5284,#5285);
#4524=AXIS2_PLACEMENT_3D('',#6507,#5289,#5290);
#4525=AXIS2_PLACEMENT_3D('',#6509,#5291,#5292);
#4526=AXIS2_PLACEMENT_3D('',#6511,#5293,#5294);
#4527=AXIS2_PLACEMENT_3D('',#6513,#5296,#5297);
#4528=AXIS2_PLACEMENT_3D('',#6519,#5301,#5302);
#4529=AXIS2_PLACEMENT_3D('',#6525,#5306,#5307);
#4530=AXIS2_PLACEMENT_3D('',#6527,#5308,#5309);
#4531=AXIS2_PLACEMENT_3D('',#6529,#5310,#5311);
#4532=AXIS2_PLACEMENT_3D('',#6531,#5313,#5314);
#4533=AXIS2_PLACEMENT_3D('',#6537,#5318,#5319);
#4534=AXIS2_PLACEMENT_3D('',#6543,#5323,#5324);
#4535=AXIS2_PLACEMENT_3D('',#6545,#5325,#5326);
#4536=AXIS2_PLACEMENT_3D('',#6547,#5327,#5328);
#4537=AXIS2_PLACEMENT_3D('',#6549,#5330,#5331);
#4538=AXIS2_PLACEMENT_3D('',#6555,#5335,#5336);
#4539=AXIS2_PLACEMENT_3D('',#6561,#5340,#5341);
#4540=AXIS2_PLACEMENT_3D('',#6567,#5345,#5346);
#4541=AXIS2_PLACEMENT_3D('',#6569,#5347,#5348);
#4542=AXIS2_PLACEMENT_3D('',#6571,#5349,#5350);
#4543=AXIS2_PLACEMENT_3D('',#6573,#5352,#5353);
#4544=AXIS2_PLACEMENT_3D('',#6579,#5357,#5358);
#4545=AXIS2_PLACEMENT_3D('',#6585,#5362,#5363);
#4546=AXIS2_PLACEMENT_3D('',#6587,#5364,#5365);
#4547=AXIS2_PLACEMENT_3D('',#6589,#5366,#5367);
#4548=AXIS2_PLACEMENT_3D('',#6591,#5369,#5370);
#4549=AXIS2_PLACEMENT_3D('',#6594,#5373,#5374);
#4550=AXIS2_PLACEMENT_3D('',#6596,#5375,#5376);
#4551=AXIS2_PLACEMENT_3D('',#6599,#5378,#5379);
#4552=AXIS2_PLACEMENT_3D('',#6600,#5380,#5381);
#4553=AXIS2_PLACEMENT_3D('',#6602,#5382,#5383);
#4554=AXIS2_PLACEMENT_3D('',#6605,#5385,#5386);
#4555=AXIS2_PLACEMENT_3D('',#6606,#5387,#5388);
#4556=AXIS2_PLACEMENT_3D('',#6609,#5389,#5390);
#4557=AXIS2_PLACEMENT_3D('',#6613,#5392,#5393);
#4558=AXIS2_PLACEMENT_3D('',#6615,#5395,#5396);
#4559=AXIS2_PLACEMENT_3D('',#6621,#5400,#5401);
#4560=AXIS2_PLACEMENT_3D('',#6623,#5402,#5403);
#4561=AXIS2_PLACEMENT_3D('',#6625,#5404,#5405);
#4562=AXIS2_PLACEMENT_3D('',#6627,#5407,#5408);
#4563=AXIS2_PLACEMENT_3D('',#6633,#5412,#5413);
#4564=AXIS2_PLACEMENT_3D('',#6635,#5414,#5415);
#4565=AXIS2_PLACEMENT_3D('',#6637,#5416,#5417);
#4566=AXIS2_PLACEMENT_3D('',#6639,#5419,#5420);
#4567=AXIS2_PLACEMENT_3D('',#6645,#5424,#5425);
#4568=AXIS2_PLACEMENT_3D('',#6651,#5429,#5430);
#4569=AXIS2_PLACEMENT_3D('',#6653,#5431,#5432);
#4570=AXIS2_PLACEMENT_3D('',#6655,#5433,#5434);
#4571=AXIS2_PLACEMENT_3D('',#6657,#5436,#5437);
#4572=AXIS2_PLACEMENT_3D('',#6663,#5441,#5442);
#4573=AXIS2_PLACEMENT_3D('',#6669,#5446,#5447);
#4574=AXIS2_PLACEMENT_3D('',#6671,#5448,#5449);
#4575=AXIS2_PLACEMENT_3D('',#6673,#5450,#5451);
#4576=AXIS2_PLACEMENT_3D('',#6675,#5453,#5454);
#4577=AXIS2_PLACEMENT_3D('',#6681,#5458,#5459);
#4578=AXIS2_PLACEMENT_3D('',#6687,#5463,#5464);
#4579=AXIS2_PLACEMENT_3D('',#6689,#5465,#5466);
#4580=AXIS2_PLACEMENT_3D('',#6691,#5467,#5468);
#4581=AXIS2_PLACEMENT_3D('',#6693,#5470,#5471);
#4582=AXIS2_PLACEMENT_3D('',#6696,#5474,#5475);
#4583=AXIS2_PLACEMENT_3D('',#6699,#5476,#5477);
#4584=AXIS2_PLACEMENT_3D('',#6703,#5479,#5480);
#4585=AXIS2_PLACEMENT_3D('',#6705,#5482,#5483);
#4586=AXIS2_PLACEMENT_3D('',#6711,#5487,#5488);
#4587=AXIS2_PLACEMENT_3D('',#6713,#5489,#5490);
#4588=AXIS2_PLACEMENT_3D('',#6715,#5491,#5492);
#4589=AXIS2_PLACEMENT_3D('',#6717,#5494,#5495);
#4590=AXIS2_PLACEMENT_3D('',#6723,#5499,#5500);
#4591=AXIS2_PLACEMENT_3D('',#6725,#5501,#5502);
#4592=AXIS2_PLACEMENT_3D('',#6727,#5503,#5504);
#4593=AXIS2_PLACEMENT_3D('',#6729,#5506,#5507);
#4594=AXIS2_PLACEMENT_3D('',#6735,#5511,#5512);
#4595=AXIS2_PLACEMENT_3D('',#6741,#5516,#5517);
#4596=AXIS2_PLACEMENT_3D('',#6747,#5521,#5522);
#4597=AXIS2_PLACEMENT_3D('',#6753,#5526,#5527);
#4598=AXIS2_PLACEMENT_3D('',#6759,#5531,#5532);
#4599=AXIS2_PLACEMENT_3D('',#6765,#5536,#5537);
#4600=AXIS2_PLACEMENT_3D('',#6771,#5541,#5542);
#4601=AXIS2_PLACEMENT_3D('',#6777,#5546,#5547);
#4602=AXIS2_PLACEMENT_3D('',#6783,#5551,#5552);
#4603=AXIS2_PLACEMENT_3D('',#6789,#5556,#5557);
#4604=AXIS2_PLACEMENT_3D('',#6795,#5561,#5562);
#4605=AXIS2_PLACEMENT_3D('',#6801,#5566,#5567);
#4606=AXIS2_PLACEMENT_3D('',#6803,#5568,#5569);
#4607=AXIS2_PLACEMENT_3D('',#6805,#5570,#5571);
#4608=AXIS2_PLACEMENT_3D('',#6807,#5573,#5574);
#4609=AXIS2_PLACEMENT_3D('',#6813,#5578,#5579);
#4610=AXIS2_PLACEMENT_3D('',#6819,#5583,#5584);
#4611=AXIS2_PLACEMENT_3D('',#6821,#5585,#5586);
#4612=AXIS2_PLACEMENT_3D('',#6823,#5587,#5588);
#4613=AXIS2_PLACEMENT_3D('',#6825,#5590,#5591);
#4614=AXIS2_PLACEMENT_3D('',#6828,#5594,#5595);
#4615=AXIS2_PLACEMENT_3D('',#6831,#5596,#5597);
#4616=AXIS2_PLACEMENT_3D('',#6835,#5599,#5600);
#4617=AXIS2_PLACEMENT_3D('',#6837,#5602,#5603);
#4618=AXIS2_PLACEMENT_3D('',#6843,#5607,#5608);
#4619=AXIS2_PLACEMENT_3D('',#6845,#5609,#5610);
#4620=AXIS2_PLACEMENT_3D('',#6847,#5611,#5612);
#4621=AXIS2_PLACEMENT_3D('',#6849,#5614,#5615);
#4622=AXIS2_PLACEMENT_3D('',#6855,#5619,#5620);
#4623=AXIS2_PLACEMENT_3D('',#6857,#5621,#5622);
#4624=AXIS2_PLACEMENT_3D('',#6859,#5623,#5624);
#4625=AXIS2_PLACEMENT_3D('',#6861,#5626,#5627);
#4626=AXIS2_PLACEMENT_3D('',#6867,#5631,#5632);
#4627=AXIS2_PLACEMENT_3D('',#6873,#5636,#5637);
#4628=AXIS2_PLACEMENT_3D('',#6879,#5641,#5642);
#4629=AXIS2_PLACEMENT_3D('',#6885,#5646,#5647);
#4630=AXIS2_PLACEMENT_3D('',#6891,#5651,#5652);
#4631=AXIS2_PLACEMENT_3D('',#6893,#5653,#5654);
#4632=AXIS2_PLACEMENT_3D('',#6895,#5655,#5656);
#4633=AXIS2_PLACEMENT_3D('',#6897,#5658,#5659);
#4634=AXIS2_PLACEMENT_3D('',#6903,#5663,#5664);
#4635=AXIS2_PLACEMENT_3D('',#6909,#5668,#5669);
#4636=AXIS2_PLACEMENT_3D('',#6915,#5673,#5674);
#4637=AXIS2_PLACEMENT_3D('',#6921,#5678,#5679);
#4638=AXIS2_PLACEMENT_3D('',#6927,#5683,#5684);
#4639=AXIS2_PLACEMENT_3D('',#6933,#5688,#5689);
#4640=AXIS2_PLACEMENT_3D('',#6939,#5693,#5694);
#4641=AXIS2_PLACEMENT_3D('',#6945,#5698,#5699);
#4642=AXIS2_PLACEMENT_3D('',#6951,#5703,#5704);
#4643=AXIS2_PLACEMENT_3D('',#6957,#5708,#5709);
#4644=AXIS2_PLACEMENT_3D('',#6959,#5710,#5711);
#4645=AXIS2_PLACEMENT_3D('',#6961,#5712,#5713);
#4646=AXIS2_PLACEMENT_3D('',#6963,#5715,#5716);
#4647=AXIS2_PLACEMENT_3D('',#6966,#5719,#5720);
#4648=AXIS2_PLACEMENT_3D('',#6969,#5721,#5722);
#4649=AXIS2_PLACEMENT_3D('',#6973,#5724,#5725);
#4650=AXIS2_PLACEMENT_3D('',#6975,#5727,#5728);
#4651=AXIS2_PLACEMENT_3D('',#6981,#5732,#5733);
#4652=AXIS2_PLACEMENT_3D('',#6983,#5734,#5735);
#4653=AXIS2_PLACEMENT_3D('',#6985,#5736,#5737);
#4654=AXIS2_PLACEMENT_3D('',#6987,#5739,#5740);
#4655=AXIS2_PLACEMENT_3D('',#6993,#5744,#5745);
#4656=AXIS2_PLACEMENT_3D('',#6995,#5746,#5747);
#4657=AXIS2_PLACEMENT_3D('',#6997,#5748,#5749);
#4658=AXIS2_PLACEMENT_3D('',#6999,#5751,#5752);
#4659=AXIS2_PLACEMENT_3D('',#7005,#5756,#5757);
#4660=AXIS2_PLACEMENT_3D('',#7011,#5761,#5762);
#4661=AXIS2_PLACEMENT_3D('',#7017,#5766,#5767);
#4662=AXIS2_PLACEMENT_3D('',#7019,#5768,#5769);
#4663=AXIS2_PLACEMENT_3D('',#7021,#5770,#5771);
#4664=AXIS2_PLACEMENT_3D('',#7023,#5773,#5774);
#4665=AXIS2_PLACEMENT_3D('',#7029,#5778,#5779);
#4666=AXIS2_PLACEMENT_3D('',#7035,#5783,#5784);
#4667=AXIS2_PLACEMENT_3D('',#7041,#5788,#5789);
#4668=AXIS2_PLACEMENT_3D('',#7047,#5793,#5794);
#4669=AXIS2_PLACEMENT_3D('',#7053,#5798,#5799);
#4670=AXIS2_PLACEMENT_3D('',#7059,#5803,#5804);
#4671=AXIS2_PLACEMENT_3D('',#7065,#5808,#5809);
#4672=AXIS2_PLACEMENT_3D('',#7071,#5813,#5814);
#4673=AXIS2_PLACEMENT_3D('',#7073,#5815,#5816);
#4674=AXIS2_PLACEMENT_3D('',#7075,#5817,#5818);
#4675=AXIS2_PLACEMENT_3D('',#7077,#5820,#5821);
#4676=AXIS2_PLACEMENT_3D('',#7080,#5824,#5825);
#4677=AXIS2_PLACEMENT_3D('',#7082,#5826,#5827);
#4678=AXIS2_PLACEMENT_3D('',#7085,#5829,#5830);
#4679=AXIS2_PLACEMENT_3D('',#7086,#5831,#5832);
#4680=AXIS2_PLACEMENT_3D('',#7095,#5837,#5838);
#4681=AXIS2_PLACEMENT_3D('',#7101,#5842,#5843);
#4682=AXIS2_PLACEMENT_3D('',#7107,#5847,#5848);
#4683=AXIS2_PLACEMENT_3D('',#7110,#5851,#5852);
#4684=AXIS2_PLACEMENT_3D('',#7111,#5853,#5854);
#4685=AXIS2_PLACEMENT_3D('',#7112,#5855,#5856);
#4686=AXIS2_PLACEMENT_3D('',#7113,#5857,#5858);
#4687=DIRECTION('axis',(0.,0.,1.));
#4688=DIRECTION('refdir',(1.,0.,0.));
#4689=DIRECTION('axis',(0.,0.,1.));
#4690=DIRECTION('refdir',(1.,0.,0.));
#4691=DIRECTION('axis',(0.,0.,1.));
#4692=DIRECTION('refdir',(1.,0.,0.));
#4693=DIRECTION('center_axis',(0.,0.,1.));
#4694=DIRECTION('ref_axis',(1.13309621396065E-5,0.999999999935805,0.));
#4695=DIRECTION('center_axis',(0.,0.,-1.));
#4696=DIRECTION('ref_axis',(1.13309621396065E-5,0.999999999935805,0.));
#4697=DIRECTION('',(0.,0.,1.));
#4698=DIRECTION('center_axis',(0.,0.,-1.));
#4699=DIRECTION('ref_axis',(1.13309621396065E-5,0.999999999935805,0.));
#4700=DIRECTION('',(0.,0.,1.));
#4701=DIRECTION('center_axis',(1.,7.3422749361877E-13,0.));
#4702=DIRECTION('ref_axis',(-7.3422749361877E-13,1.,0.));
#4703=DIRECTION('',(-7.3422749361877E-13,1.,0.));
#4704=DIRECTION('',(-7.3422749361877E-13,1.,0.));
#4705=DIRECTION('',(0.,0.,1.));
#4706=DIRECTION('center_axis',(0.,0.,1.));
#4707=DIRECTION('ref_axis',(-0.999999999935807,1.13307947177312E-5,0.));
#4708=DIRECTION('center_axis',(0.,0.,-1.));
#4709=DIRECTION('ref_axis',(-0.999999999935807,1.13307947177312E-5,0.));
#4710=DIRECTION('center_axis',(0.,0.,-1.));
#4711=DIRECTION('ref_axis',(-0.999999999935807,1.13307947177312E-5,0.));
#4712=DIRECTION('',(0.,0.,1.));
#4713=DIRECTION('center_axis',(3.24886316679783E-14,1.,0.));
#4714=DIRECTION('ref_axis',(-1.,3.24886316679783E-14,0.));
#4715=DIRECTION('',(-1.,3.24886316679783E-14,0.));
#4716=DIRECTION('',(-1.,3.24886316679783E-14,0.));
#4717=DIRECTION('',(0.,0.,1.));
#4718=DIRECTION('center_axis',(0.,0.,1.));
#4719=DIRECTION('ref_axis',(-1.13307957520692E-5,-0.999999999935807,0.));
#4720=DIRECTION('center_axis',(0.,0.,-1.));
#4721=DIRECTION('ref_axis',(-1.13307957520692E-5,-0.999999999935807,0.));
#4722=DIRECTION('center_axis',(0.,0.,-1.));
#4723=DIRECTION('ref_axis',(-1.13307957520692E-5,-0.999999999935807,0.));
#4724=DIRECTION('',(0.,0.,1.));
#4725=DIRECTION('center_axis',(-1.,9.76996261670138E-14,0.));
#4726=DIRECTION('ref_axis',(-9.76996261670138E-14,-1.,0.));
#4727=DIRECTION('',(-9.76996261670138E-14,-1.,0.));
#4728=DIRECTION('',(-9.76996261670138E-14,-1.,0.));
#4729=DIRECTION('',(0.,0.,1.));
#4730=DIRECTION('center_axis',(0.,0.,1.));
#4731=DIRECTION('ref_axis',(0.999999999935805,-1.13309616952808E-5,0.));
#4732=DIRECTION('center_axis',(0.,0.,-1.));
#4733=DIRECTION('ref_axis',(0.999999999935805,-1.13309616952808E-5,0.));
#4734=DIRECTION('center_axis',(0.,0.,-1.));
#4735=DIRECTION('ref_axis',(0.999999999935805,-1.13309616952808E-5,0.));
#4736=DIRECTION('',(0.,0.,1.));
#4737=DIRECTION('center_axis',(-2.3373116307898E-16,-1.,0.));
#4738=DIRECTION('ref_axis',(1.,-2.3373116307898E-16,0.));
#4739=DIRECTION('',(1.,-2.3373116307898E-16,0.));
#4740=DIRECTION('',(1.,-2.3373116307898E-16,0.));
#4741=DIRECTION('center_axis',(0.,0.,1.));
#4742=DIRECTION('ref_axis',(1.13309615474809E-5,0.999999999935805,0.));
#4743=DIRECTION('center_axis',(0.,0.,-1.));
#4744=DIRECTION('ref_axis',(1.13309615474809E-5,0.999999999935805,0.));
#4745=DIRECTION('',(0.,0.,1.));
#4746=DIRECTION('center_axis',(0.,0.,-1.));
#4747=DIRECTION('ref_axis',(1.13309615474809E-5,0.999999999935805,0.));
#4748=DIRECTION('',(0.,0.,1.));
#4749=DIRECTION('center_axis',(1.,6.28146226674104E-13,0.));
#4750=DIRECTION('ref_axis',(-6.28146226674104E-13,1.,0.));
#4751=DIRECTION('',(-6.28146226674104E-13,1.,0.));
#4752=DIRECTION('',(-6.28146226674104E-13,1.,0.));
#4753=DIRECTION('',(0.,0.,1.));
#4754=DIRECTION('center_axis',(0.,0.,1.));
#4755=DIRECTION('ref_axis',(-0.999999999935807,1.13307945696931E-5,0.));
#4756=DIRECTION('center_axis',(0.,0.,-1.));
#4757=DIRECTION('ref_axis',(-0.999999999935807,1.13307945696931E-5,0.));
#4758=DIRECTION('center_axis',(0.,0.,-1.));
#4759=DIRECTION('ref_axis',(-0.999999999935807,1.13307945696931E-5,0.));
#4760=DIRECTION('',(0.,0.,1.));
#4761=DIRECTION('center_axis',(8.64654724976499E-14,1.,0.));
#4762=DIRECTION('ref_axis',(-1.,8.64654724976499E-14,0.));
#4763=DIRECTION('',(-1.,8.64654724976499E-14,0.));
#4764=DIRECTION('',(-1.,8.64654724976499E-14,0.));
#4765=DIRECTION('',(0.,0.,1.));
#4766=DIRECTION('center_axis',(0.,0.,1.));
#4767=DIRECTION('ref_axis',(-1.13307939756855E-5,-0.999999999935807,0.));
#4768=DIRECTION('center_axis',(0.,0.,-1.));
#4769=DIRECTION('ref_axis',(-1.13307939756855E-5,-0.999999999935807,0.));
#4770=DIRECTION('center_axis',(0.,0.,-1.));
#4771=DIRECTION('ref_axis',(-1.13307939756855E-5,-0.999999999935807,0.));
#4772=DIRECTION('',(0.,0.,1.));
#4773=DIRECTION('center_axis',(-1.,2.33388538176132E-12,0.));
#4774=DIRECTION('ref_axis',(-2.33388538176132E-12,-1.,0.));
#4775=DIRECTION('',(-2.33388538176132E-12,-1.,0.));
#4776=DIRECTION('',(-2.33388538176132E-12,-1.,0.));
#4777=DIRECTION('',(0.,0.,1.));
#4778=DIRECTION('center_axis',(-0.00461315943367806,0.999989359323408,0.));
#4779=DIRECTION('ref_axis',(-0.999989359323408,-0.00461315943367806,0.));
#4780=DIRECTION('',(-0.999989359323408,-0.00461315943367806,0.));
#4781=DIRECTION('',(-0.999989359323408,-0.00461315943367806,0.));
#4782=DIRECTION('',(0.,0.,1.));
#4783=DIRECTION('center_axis',(0.,0.,1.));
#4784=DIRECTION('ref_axis',(0.195089109205368,-0.98078552164551,0.));
#4785=DIRECTION('center_axis',(0.,0.,-1.));
#4786=DIRECTION('ref_axis',(0.195089109205368,-0.98078552164551,0.));
#4787=DIRECTION('center_axis',(0.,0.,-1.));
#4788=DIRECTION('ref_axis',(0.195089109205368,-0.98078552164551,0.));
#4789=DIRECTION('',(0.,0.,1.));
#4790=DIRECTION('center_axis',(-0.00483710164947358,-0.999988301155385,
0.));
#4791=DIRECTION('ref_axis',(0.999988301155385,-0.00483710164947358,0.));
#4792=DIRECTION('',(0.999988301155385,-0.00483710164947358,0.));
#4793=DIRECTION('',(0.999988301155385,-0.00483710164947358,0.));
#4794=DIRECTION('',(0.,0.,1.));
#4795=DIRECTION('center_axis',(-0.707107663486825,0.707105898885169,0.));
#4796=DIRECTION('ref_axis',(-0.707105898885169,-0.707107663486825,0.));
#4797=DIRECTION('',(-0.707105898885169,-0.707107663486825,0.));
#4798=DIRECTION('',(-0.707105898885169,-0.707107663486825,0.));
#4799=DIRECTION('',(0.,0.,1.));
#4800=DIRECTION('center_axis',(-0.795019815407746,0.606583459310451,0.));
#4801=DIRECTION('ref_axis',(-0.606583459310451,-0.795019815407746,0.));
#4802=DIRECTION('',(-0.606583459310451,-0.795019815407746,0.));
#4803=DIRECTION('',(-0.606583459310451,-0.795019815407746,0.));
#4804=DIRECTION('',(0.,0.,1.));
#4805=DIRECTION('center_axis',(-0.948683825470826,0.316226183751504,0.));
#4806=DIRECTION('ref_axis',(-0.316226183751504,-0.948683825470826,0.));
#4807=DIRECTION('',(-0.316226183751504,-0.948683825470826,0.));
#4808=DIRECTION('',(-0.316226183751504,-0.948683825470826,0.));
#4809=DIRECTION('',(0.,0.,1.));
#4810=DIRECTION('center_axis',(-0.999815004132791,-0.0192342795796446,0.));
#4811=DIRECTION('ref_axis',(0.0192342795796446,-0.999815004132791,0.));
#4812=DIRECTION('',(0.0192342795796446,-0.999815004132791,0.));
#4813=DIRECTION('',(0.0192342795796446,-0.999815004132791,0.));
#4814=DIRECTION('',(0.,0.,1.));
#4815=DIRECTION('center_axis',(-0.901768081384066,-0.432220230203192,0.));
#4816=DIRECTION('ref_axis',(0.432220230203192,-0.901768081384066,0.));
#4817=DIRECTION('',(0.432220230203192,-0.901768081384066,0.));
#4818=DIRECTION('',(0.432220230203192,-0.901768081384066,0.));
#4819=DIRECTION('',(0.,0.,1.));
#4820=DIRECTION('center_axis',(-0.713643076472395,-0.700509499866358,0.));
#4821=DIRECTION('ref_axis',(0.700509499866358,-0.713643076472395,0.));
#4822=DIRECTION('',(0.700509499866358,-0.713643076472395,0.));
#4823=DIRECTION('',(0.700509499866358,-0.713643076472395,0.));
#4824=DIRECTION('',(0.,0.,1.));
#4825=DIRECTION('center_axis',(-0.431311296170974,-0.902203173235006,0.));
#4826=DIRECTION('ref_axis',(0.902203173235006,-0.431311296170974,0.));
#4827=DIRECTION('',(0.902203173235006,-0.431311296170974,0.));
#4828=DIRECTION('',(0.902203173235006,-0.431311296170974,0.));
#4829=DIRECTION('',(0.,0.,1.));
#4830=DIRECTION('center_axis',(-0.0143753927690333,-0.99989666870269,0.));
#4831=DIRECTION('ref_axis',(0.99989666870269,-0.0143753927690333,0.));
#4832=DIRECTION('',(0.99989666870269,-0.0143753927690333,0.));
#4833=DIRECTION('',(0.99989666870269,-0.0143753927690333,0.));
#4834=DIRECTION('',(0.,0.,1.));
#4835=DIRECTION('center_axis',(-1.,0.,0.));
#4836=DIRECTION('ref_axis',(0.,-1.,0.));
#4837=DIRECTION('',(0.,-1.,0.));
#4838=DIRECTION('',(0.,-1.,0.));
#4839=DIRECTION('',(0.,0.,1.));
#4840=DIRECTION('center_axis',(0.,0.,1.));
#4841=DIRECTION('ref_axis',(0.999999999935805,-1.13309612511798E-5,0.));
#4842=DIRECTION('center_axis',(0.,0.,-1.));
#4843=DIRECTION('ref_axis',(0.999999999935805,-1.13309612511798E-5,0.));
#4844=DIRECTION('center_axis',(0.,0.,-1.));
#4845=DIRECTION('ref_axis',(0.999999999935805,-1.13309612511798E-5,0.));
#4846=DIRECTION('',(0.,0.,1.));
#4847=DIRECTION('center_axis',(-1.27155106614191E-15,-1.,0.));
#4848=DIRECTION('ref_axis',(1.,-1.27155106614191E-15,0.));
#4849=DIRECTION('',(1.,-1.27155106614191E-15,0.));
#4850=DIRECTION('',(1.,-1.27155106614191E-15,0.));
#4851=DIRECTION('center_axis',(0.,0.,1.));
#4852=DIRECTION('ref_axis',(1.13309627317389E-5,0.999999999935805,0.));
#4853=DIRECTION('center_axis',(0.,0.,-1.));
#4854=DIRECTION('ref_axis',(1.13309627317389E-5,0.999999999935805,0.));
#4855=DIRECTION('',(0.,0.,1.));
#4856=DIRECTION('center_axis',(0.,0.,-1.));
#4857=DIRECTION('ref_axis',(1.13309627317389E-5,0.999999999935805,0.));
#4858=DIRECTION('',(0.,0.,1.));
#4859=DIRECTION('center_axis',(1.,6.30689328806387E-13,0.));
#4860=DIRECTION('ref_axis',(-6.30689328806387E-13,1.,0.));
#4861=DIRECTION('',(-6.30689328806387E-13,1.,0.));
#4862=DIRECTION('',(-6.30689328806387E-13,1.,0.));
#4863=DIRECTION('',(0.,0.,1.));
#4864=DIRECTION('center_axis',(0.,0.,1.));
#4865=DIRECTION('ref_axis',(-0.999999999935814,1.13301281322744E-5,0.));
#4866=DIRECTION('center_axis',(0.,0.,-1.));
#4867=DIRECTION('ref_axis',(-0.999999999935814,1.13301281322744E-5,0.));
#4868=DIRECTION('center_axis',(0.,0.,-1.));
#4869=DIRECTION('ref_axis',(-0.999999999935814,1.13301281322744E-5,0.));
#4870=DIRECTION('',(0.,0.,1.));
#4871=DIRECTION('center_axis',(2.95635622877995E-12,1.,0.));
#4872=DIRECTION('ref_axis',(-1.,2.95635622877995E-12,0.));
#4873=DIRECTION('',(-1.,2.95635622877995E-12,0.));
#4874=DIRECTION('',(-1.,2.95635622877995E-12,0.));
#4875=DIRECTION('',(0.,0.,1.));
#4876=DIRECTION('center_axis',(0.,0.,1.));
#4877=DIRECTION('ref_axis',(-1.13307951523889E-5,-0.999999999935807,0.));
#4878=DIRECTION('center_axis',(0.,0.,-1.));
#4879=DIRECTION('ref_axis',(-1.13307951523889E-5,-0.999999999935807,0.));
#4880=DIRECTION('center_axis',(0.,0.,-1.));
#4881=DIRECTION('ref_axis',(-1.13307951523889E-5,-0.999999999935807,0.));
#4882=DIRECTION('',(0.,0.,1.));
#4883=DIRECTION('center_axis',(-1.,7.40175558505491E-13,0.));
#4884=DIRECTION('ref_axis',(-7.40175558505491E-13,-1.,0.));
#4885=DIRECTION('',(-7.40175558505491E-13,-1.,0.));
#4886=DIRECTION('',(-7.40175558505491E-13,-1.,0.));
#4887=DIRECTION('',(0.,0.,1.));
#4888=DIRECTION('center_axis',(0.,1.,0.));
#4889=DIRECTION('ref_axis',(-1.,0.,0.));
#4890=DIRECTION('',(-1.,0.,0.));
#4891=DIRECTION('',(-1.,0.,0.));
#4892=DIRECTION('',(0.,0.,1.));
#4893=DIRECTION('center_axis',(0.919934925621741,-0.392071081082655,0.));
#4894=DIRECTION('ref_axis',(0.392071081082655,0.919934925621741,0.));
#4895=DIRECTION('',(0.392071081082655,0.919934925621741,0.));
#4896=DIRECTION('',(0.392071081082655,0.919934925621741,0.));
#4897=DIRECTION('',(0.,0.,1.));
#4898=DIRECTION('center_axis',(0.,0.,1.));
#4899=DIRECTION('ref_axis',(-0.978332731281442,0.207038805308071,0.));
#4900=DIRECTION('center_axis',(0.,0.,-1.));
#4901=DIRECTION('ref_axis',(-0.978332731281442,0.207038805308071,0.));
#4902=DIRECTION('center_axis',(0.,0.,-1.));
#4903=DIRECTION('ref_axis',(-0.978332731281442,0.207038805308071,0.));
#4904=DIRECTION('',(0.,0.,1.));
#4905=DIRECTION('center_axis',(-0.919145121790852,0.393919084442578,0.));
#4906=DIRECTION('ref_axis',(-0.393919084442578,-0.919145121790852,0.));
#4907=DIRECTION('',(-0.393919084442578,-0.919145121790852,0.));
#4908=DIRECTION('',(-0.393919084442578,-0.919145121790852,0.));
#4909=DIRECTION('',(0.,0.,1.));
#4910=DIRECTION('center_axis',(0.,0.,1.));
#4911=DIRECTION('ref_axis',(0.978335751853454,-0.207024531506142,0.));
#4912=DIRECTION('center_axis',(0.,0.,-1.));
#4913=DIRECTION('ref_axis',(0.978335751853454,-0.207024531506142,0.));
#4914=DIRECTION('center_axis',(0.,0.,-1.));
#4915=DIRECTION('ref_axis',(0.978335751853454,-0.207024531506142,0.));
#4916=DIRECTION('',(0.,0.,1.));
#4917=DIRECTION('center_axis',(-0.00383384317482494,-0.99999265079625,0.));
#4918=DIRECTION('ref_axis',(0.99999265079625,-0.00383384317482494,0.));
#4919=DIRECTION('',(0.99999265079625,-0.00383384317482494,0.));
#4920=DIRECTION('',(0.99999265079625,-0.00383384317482494,0.));
#4921=DIRECTION('',(0.,0.,1.));
#4922=DIRECTION('center_axis',(-1.,0.,0.));
#4923=DIRECTION('ref_axis',(0.,-1.,0.));
#4924=DIRECTION('',(0.,-1.,0.));
#4925=DIRECTION('',(0.,-1.,0.));
#4926=DIRECTION('',(0.,0.,1.));
#4927=DIRECTION('center_axis',(0.,0.,1.));
#4928=DIRECTION('ref_axis',(0.999999999935795,-1.13317940759143E-5,0.));
#4929=DIRECTION('center_axis',(0.,0.,-1.));
#4930=DIRECTION('ref_axis',(0.999999999935795,-1.13317940759143E-5,0.));
#4931=DIRECTION('center_axis',(0.,0.,-1.));
#4932=DIRECTION('ref_axis',(0.999999999935795,-1.13317940759143E-5,0.));
#4933=DIRECTION('',(0.,0.,1.));
#4934=DIRECTION('center_axis',(-1.27155106614191E-15,-1.,0.));
#4935=DIRECTION('ref_axis',(1.,-1.27155106614191E-15,0.));
#4936=DIRECTION('',(1.,-1.27155106614191E-15,0.));
#4937=DIRECTION('',(1.,-1.27155106614191E-15,0.));
#4938=DIRECTION('center_axis',(0.,0.,1.));
#4939=DIRECTION('ref_axis',(1.13309627317389E-5,0.999999999935805,0.));
#4940=DIRECTION('center_axis',(0.,0.,-1.));
#4941=DIRECTION('ref_axis',(1.13309627317389E-5,0.999999999935805,0.));
#4942=DIRECTION('',(0.,0.,1.));
#4943=DIRECTION('center_axis',(0.,0.,-1.));
#4944=DIRECTION('ref_axis',(1.13309627317389E-5,0.999999999935805,0.));
#4945=DIRECTION('',(0.,0.,1.));
#4946=DIRECTION('center_axis',(1.,6.30689328806388E-13,0.));
#4947=DIRECTION('ref_axis',(-6.30689328806388E-13,1.,0.));
#4948=DIRECTION('',(-6.30689328806388E-13,1.,0.));
#4949=DIRECTION('',(-6.30689328806388E-13,1.,0.));
#4950=DIRECTION('',(0.,0.,1.));
#4951=DIRECTION('center_axis',(0.,0.,1.));
#4952=DIRECTION('ref_axis',(-0.999999999935814,1.13301281322744E-5,0.));
#4953=DIRECTION('center_axis',(0.,0.,-1.));
#4954=DIRECTION('ref_axis',(-0.999999999935814,1.13301281322744E-5,0.));
#4955=DIRECTION('center_axis',(0.,0.,-1.));
#4956=DIRECTION('ref_axis',(-0.999999999935814,1.13301281322744E-5,0.));
#4957=DIRECTION('',(0.,0.,1.));
#4958=DIRECTION('center_axis',(2.95127002451537E-12,1.,0.));
#4959=DIRECTION('ref_axis',(-1.,2.95127002451537E-12,0.));
#4960=DIRECTION('',(-1.,2.95127002451537E-12,0.));
#4961=DIRECTION('',(-1.,2.95127002451537E-12,0.));
#4962=DIRECTION('',(0.,0.,1.));
#4963=DIRECTION('center_axis',(0.,0.,1.));
#4964=DIRECTION('ref_axis',(-1.13307951523923E-5,-0.999999999935807,0.));
#4965=DIRECTION('center_axis',(0.,0.,-1.));
#4966=DIRECTION('ref_axis',(-1.13307951523923E-5,-0.999999999935807,0.));
#4967=DIRECTION('center_axis',(0.,0.,-1.));
#4968=DIRECTION('ref_axis',(-1.13307951523923E-5,-0.999999999935807,0.));
#4969=DIRECTION('',(0.,0.,1.));
#4970=DIRECTION('center_axis',(-1.,2.33388538176132E-12,0.));
#4971=DIRECTION('ref_axis',(-2.33388538176132E-12,-1.,0.));
#4972=DIRECTION('',(-2.33388538176132E-12,-1.,0.));
#4973=DIRECTION('',(-2.33388538176132E-12,-1.,0.));
#4974=DIRECTION('',(0.,0.,1.));
#4975=DIRECTION('center_axis',(-0.0143797533335441,0.999896606001874,0.));
#4976=DIRECTION('ref_axis',(-0.999896606001874,-0.0143797533335441,0.));
#4977=DIRECTION('',(-0.999896606001874,-0.0143797533335441,0.));
#4978=DIRECTION('',(-0.999896606001874,-0.0143797533335441,0.));
#4979=DIRECTION('',(0.,0.,1.));
#4980=DIRECTION('center_axis',(-0.432217188334814,0.901769539354678,0.));
#4981=DIRECTION('ref_axis',(-0.901769539354678,-0.432217188334814,0.));
#4982=DIRECTION('',(-0.901769539354678,-0.432217188334814,0.));
#4983=DIRECTION('',(-0.901769539354678,-0.432217188334814,0.));
#4984=DIRECTION('',(0.,0.,1.));
#4985=DIRECTION('center_axis',(-0.683523275492953,0.729928716971311,0.));
#4986=DIRECTION('ref_axis',(-0.729928716971311,-0.683523275492953,0.));
#4987=DIRECTION('',(-0.729928716971311,-0.683523275492953,0.));
#4988=DIRECTION('',(-0.729928716971311,-0.683523275492953,0.));
#4989=DIRECTION('',(0.,0.,1.));
#4990=DIRECTION('center_axis',(-0.81123939222793,0.584714159652098,0.));
#4991=DIRECTION('ref_axis',(-0.584714159652098,-0.81123939222793,0.));
#4992=DIRECTION('',(-0.584714159652098,-0.81123939222793,0.));
#4993=DIRECTION('',(-0.584714159652098,-0.81123939222793,0.));
#4994=DIRECTION('',(0.,0.,1.));
#4995=DIRECTION('center_axis',(-0.906053379964534,0.423163411290301,0.));
#4996=DIRECTION('ref_axis',(-0.423163411290301,-0.906053379964534,0.));
#4997=DIRECTION('',(-0.423163411290301,-0.906053379964534,0.));
#4998=DIRECTION('',(-0.423163411290301,-0.906053379964534,0.));
#4999=DIRECTION('',(0.,0.,1.));
#5000=DIRECTION('center_axis',(-0.999972196375365,0.00745697500517397,0.));
#5001=DIRECTION('ref_axis',(-0.00745697500517397,-0.999972196375365,0.));
#5002=DIRECTION('',(-0.00745697500517397,-0.999972196375365,0.));
#5003=DIRECTION('',(-0.00745697500517397,-0.999972196375365,0.));
#5004=DIRECTION('',(0.,0.,1.));
#5005=DIRECTION('center_axis',(-0.989732445781618,-0.142932451763541,0.));
#5006=DIRECTION('ref_axis',(0.142932451763541,-0.989732445781618,0.));
#5007=DIRECTION('',(0.142932451763541,-0.989732445781618,0.));
#5008=DIRECTION('',(0.142932451763541,-0.989732445781618,0.));
#5009=DIRECTION('',(0.,0.,1.));
#5010=DIRECTION('center_axis',(-0.90176808138409,-0.432220230203143,0.));
#5011=DIRECTION('ref_axis',(0.432220230203143,-0.90176808138409,0.));
#5012=DIRECTION('',(0.432220230203143,-0.90176808138409,0.));
#5013=DIRECTION('',(0.432220230203143,-0.90176808138409,0.));
#5014=DIRECTION('',(0.,0.,1.));
#5015=DIRECTION('center_axis',(-0.713643076472395,-0.700509499866358,0.));
#5016=DIRECTION('ref_axis',(0.700509499866358,-0.713643076472395,0.));
#5017=DIRECTION('',(0.700509499866358,-0.713643076472395,0.));
#5018=DIRECTION('',(0.700509499866358,-0.713643076472395,0.));
#5019=DIRECTION('',(0.,0.,1.));
#5020=DIRECTION('center_axis',(-0.431311296170974,-0.902203173235006,0.));
#5021=DIRECTION('ref_axis',(0.902203173235006,-0.431311296170974,0.));
#5022=DIRECTION('',(0.902203173235006,-0.431311296170974,0.));
#5023=DIRECTION('',(0.902203173235006,-0.431311296170974,0.));
#5024=DIRECTION('',(0.,0.,1.));
#5025=DIRECTION('center_axis',(-0.0143753927689559,-0.999896668702691,0.));
#5026=DIRECTION('ref_axis',(0.999896668702691,-0.0143753927689559,0.));
#5027=DIRECTION('',(0.999896668702691,-0.0143753927689559,0.));
#5028=DIRECTION('',(0.999896668702691,-0.0143753927689559,0.));
#5029=DIRECTION('',(0.,0.,1.));
#5030=DIRECTION('center_axis',(-1.,0.,0.));
#5031=DIRECTION('ref_axis',(0.,-1.,0.));
#5032=DIRECTION('',(0.,-1.,0.));
#5033=DIRECTION('',(0.,-1.,0.));
#5034=DIRECTION('',(0.,0.,1.));
#5035=DIRECTION('center_axis',(-0.00520879932950764,0.999986434112756,0.));
#5036=DIRECTION('ref_axis',(-0.999986434112756,-0.00520879932950764,0.));
#5037=DIRECTION('',(-0.999986434112756,-0.00520879932950764,0.));
#5038=DIRECTION('',(-0.999986434112756,-0.00520879932950764,0.));
#5039=DIRECTION('',(0.,0.,1.));
#5040=DIRECTION('center_axis',(0.,0.,1.));
#5041=DIRECTION('ref_axis',(0.195089109205744,-0.980785521645436,0.));
#5042=DIRECTION('center_axis',(0.,0.,-1.));
#5043=DIRECTION('ref_axis',(0.195089109205744,-0.980785521645436,0.));
#5044=DIRECTION('center_axis',(0.,0.,-1.));
#5045=DIRECTION('ref_axis',(0.195089109205744,-0.980785521645436,0.));
#5046=DIRECTION('',(0.,0.,1.));
#5047=DIRECTION('center_axis',(-0.00520879932945948,-0.999986434112756,
0.));
#5048=DIRECTION('ref_axis',(0.999986434112756,-0.00520879932945948,0.));
#5049=DIRECTION('',(0.999986434112756,-0.00520879932945947,0.));
#5050=DIRECTION('',(0.999986434112756,-0.00520879932945947,0.));
#5051=DIRECTION('',(0.,0.,1.));
#5052=DIRECTION('center_axis',(-1.,0.,0.));
#5053=DIRECTION('ref_axis',(0.,-1.,0.));
#5054=DIRECTION('',(0.,-1.,0.));
#5055=DIRECTION('',(0.,-1.,0.));
#5056=DIRECTION('',(0.,0.,1.));
#5057=DIRECTION('center_axis',(0.,0.,1.));
#5058=DIRECTION('ref_axis',(0.999999999935795,-1.13317949641028E-5,0.));
#5059=DIRECTION('center_axis',(0.,0.,-1.));
#5060=DIRECTION('ref_axis',(0.999999999935795,-1.13317949641028E-5,0.));
#5061=DIRECTION('center_axis',(0.,0.,-1.));
#5062=DIRECTION('ref_axis',(0.999999999935795,-1.13317949641028E-5,0.));
#5063=DIRECTION('',(0.,0.,1.));
#5064=DIRECTION('center_axis',(0.,-1.,0.));
#5065=DIRECTION('ref_axis',(1.,0.,0.));
#5066=DIRECTION('',(1.,0.,0.));
#5067=DIRECTION('',(1.,0.,0.));
#5068=DIRECTION('center_axis',(0.,0.,1.));
#5069=DIRECTION('ref_axis',(-1.,0.,0.));
#5070=DIRECTION('center_axis',(0.,0.,-1.));
#5071=DIRECTION('ref_axis',(-1.,0.,0.));
#5072=DIRECTION('',(0.,0.,-1.));
#5073=DIRECTION('center_axis',(0.,0.,-1.));
#5074=DIRECTION('ref_axis',(-1.,0.,0.));
#5075=DIRECTION('center_axis',(0.,0.,1.));
#5076=DIRECTION('ref_axis',(-1.,0.,0.));
#5077=DIRECTION('center_axis',(0.,0.,-1.));
#5078=DIRECTION('ref_axis',(-1.,0.,0.));
#5079=DIRECTION('',(0.,0.,-1.));
#5080=DIRECTION('center_axis',(0.,0.,-1.));
#5081=DIRECTION('ref_axis',(-1.,0.,0.));
#5082=DIRECTION('center_axis',(0.,0.,1.));
#5083=DIRECTION('ref_axis',(1.13309621396099E-5,0.999999999935805,0.));
#5084=DIRECTION('center_axis',(0.,0.,-1.));
#5085=DIRECTION('ref_axis',(1.13309621396099E-5,0.999999999935805,0.));
#5086=DIRECTION('',(0.,0.,1.));
#5087=DIRECTION('center_axis',(0.,0.,-1.));
#5088=DIRECTION('ref_axis',(1.13309621396099E-5,0.999999999935805,0.));
#5089=DIRECTION('',(0.,0.,1.));
#5090=DIRECTION('center_axis',(1.,6.28146226674104E-13,0.));
#5091=DIRECTION('ref_axis',(-6.28146226674104E-13,1.,0.));
#5092=DIRECTION('',(-6.28146226674104E-13,1.,0.));
#5093=DIRECTION('',(-6.28146226674104E-13,1.,0.));
#5094=DIRECTION('',(0.,0.,1.));
#5095=DIRECTION('center_axis',(0.,0.,1.));
#5096=DIRECTION('ref_axis',(-0.999999999935814,1.13301278362049E-5,0.));
#5097=DIRECTION('center_axis',(0.,0.,-1.));
#5098=DIRECTION('ref_axis',(-0.999999999935814,1.13301278362049E-5,0.));
#5099=DIRECTION('center_axis',(0.,0.,-1.));
#5100=DIRECTION('ref_axis',(-0.999999999935814,1.13301278362049E-5,0.));
#5101=DIRECTION('',(0.,0.,1.));
#5102=DIRECTION('center_axis',(2.94999847344924E-12,1.,0.));
#5103=DIRECTION('ref_axis',(-1.,2.94999847344924E-12,0.));
#5104=DIRECTION('',(-1.,2.94999847344924E-12,0.));
#5105=DIRECTION('',(-1.,2.94999847344924E-12,0.));
#5106=DIRECTION('',(0.,0.,1.));
#5107=DIRECTION('center_axis',(0.,0.,1.));
#5108=DIRECTION('ref_axis',(-1.13307957445146E-5,-0.999999999935807,0.));
#5109=DIRECTION('center_axis',(0.,0.,-1.));
#5110=DIRECTION('ref_axis',(-1.13307957445146E-5,-0.999999999935807,0.));
#5111=DIRECTION('center_axis',(0.,0.,-1.));
#5112=DIRECTION('ref_axis',(-1.13307957445146E-5,-0.999999999935807,0.));
#5113=DIRECTION('',(0.,0.,1.));
#5114=DIRECTION('center_axis',(-1.,2.19405095144059E-12,0.));
#5115=DIRECTION('ref_axis',(-2.19405095144059E-12,-1.,0.));
#5116=DIRECTION('',(-2.19405095144059E-12,-1.,0.));
#5117=DIRECTION('',(-2.19405095144059E-12,-1.,0.));
#5118=DIRECTION('',(0.,0.,1.));
#5119=DIRECTION('center_axis',(0.0980088073532392,0.995185547363503,0.));
#5120=DIRECTION('ref_axis',(-0.995185547363503,0.0980088073532392,0.));
#5121=DIRECTION('',(-0.995185547363503,0.0980088073532392,0.));
#5122=DIRECTION('',(-0.995185547363503,0.0980088073532392,0.));
#5123=DIRECTION('',(0.,0.,1.));
#5124=DIRECTION('center_axis',(-0.0154548942878324,0.999880565989035,0.));
#5125=DIRECTION('ref_axis',(-0.999880565989034,-0.0154548942878324,0.));
#5126=DIRECTION('',(-0.999880565989034,-0.0154548942878324,0.));
#5127=DIRECTION('',(-0.999880565989034,-0.0154548942878324,0.));
#5128=DIRECTION('',(0.,0.,1.));
#5129=DIRECTION('center_axis',(-0.432217188334814,0.901769539354678,0.));
#5130=DIRECTION('ref_axis',(-0.901769539354678,-0.432217188334814,0.));
#5131=DIRECTION('',(-0.901769539354678,-0.432217188334814,0.));
#5132=DIRECTION('',(-0.901769539354678,-0.432217188334814,0.));
#5133=DIRECTION('',(0.,0.,1.));
#5134=DIRECTION('center_axis',(-0.683523275492953,0.729928716971311,0.));
#5135=DIRECTION('ref_axis',(-0.729928716971311,-0.683523275492953,0.));
#5136=DIRECTION('',(-0.729928716971311,-0.683523275492953,0.));
#5137=DIRECTION('',(-0.729928716971311,-0.683523275492953,0.));
#5138=DIRECTION('',(0.,0.,1.));
#5139=DIRECTION('center_axis',(-0.81123939222793,0.584714159652098,0.));
#5140=DIRECTION('ref_axis',(-0.584714159652098,-0.81123939222793,0.));
#5141=DIRECTION('',(-0.584714159652098,-0.81123939222793,0.));
#5142=DIRECTION('',(-0.584714159652098,-0.81123939222793,0.));
#5143=DIRECTION('',(0.,0.,1.));
#5144=DIRECTION('center_axis',(-0.906053379964534,0.423163411290301,0.));
#5145=DIRECTION('ref_axis',(-0.423163411290301,-0.906053379964534,0.));
#5146=DIRECTION('',(-0.423163411290301,-0.906053379964534,0.));
#5147=DIRECTION('',(-0.423163411290301,-0.906053379964534,0.));
#5148=DIRECTION('',(0.,0.,1.));
#5149=DIRECTION('center_axis',(-0.999972196375365,0.00745697500517397,0.));
#5150=DIRECTION('ref_axis',(-0.00745697500517397,-0.999972196375365,0.));
#5151=DIRECTION('',(-0.00745697500517397,-0.999972196375365,0.));
#5152=DIRECTION('',(-0.00745697500517397,-0.999972196375365,0.));
#5153=DIRECTION('',(0.,0.,1.));
#5154=DIRECTION('center_axis',(-0.989732445781836,-0.142932451762032,0.));
#5155=DIRECTION('ref_axis',(0.142932451762032,-0.989732445781836,0.));
#5156=DIRECTION('',(0.142932451762032,-0.989732445781836,0.));
#5157=DIRECTION('',(0.142932451762032,-0.989732445781836,0.));
#5158=DIRECTION('',(0.,0.,1.));
#5159=DIRECTION('center_axis',(-0.90176808138409,-0.432220230203143,0.));
#5160=DIRECTION('ref_axis',(0.432220230203143,-0.90176808138409,0.));
#5161=DIRECTION('',(0.432220230203143,-0.90176808138409,0.));
#5162=DIRECTION('',(0.432220230203143,-0.90176808138409,0.));
#5163=DIRECTION('',(0.,0.,1.));
#5164=DIRECTION('center_axis',(-0.729935011601982,-0.683516553448133,0.));
#5165=DIRECTION('ref_axis',(0.683516553448133,-0.729935011601982,0.));
#5166=DIRECTION('',(0.683516553448133,-0.729935011601982,0.));
#5167=DIRECTION('',(0.683516553448133,-0.729935011601982,0.));
#5168=DIRECTION('',(0.,0.,1.));
#5169=DIRECTION('center_axis',(-0.584699353440041,-0.811250063843941,0.));
#5170=DIRECTION('ref_axis',(0.811250063843941,-0.584699353440041,0.));
#5171=DIRECTION('',(0.81125006384394,-0.584699353440041,0.));
#5172=DIRECTION('',(0.81125006384394,-0.584699353440041,0.));
#5173=DIRECTION('',(0.,0.,1.));
#5174=DIRECTION('center_axis',(-0.42316341129014,-0.906053379964609,0.));
#5175=DIRECTION('ref_axis',(0.906053379964609,-0.42316341129014,0.));
#5176=DIRECTION('',(0.906053379964609,-0.42316341129014,0.));
#5177=DIRECTION('',(0.906053379964609,-0.42316341129014,0.));
#5178=DIRECTION('',(0.,0.,1.));
#5179=DIRECTION('center_axis',(-0.00155352853422669,-0.999998793273819,
0.));
#5180=DIRECTION('ref_axis',(0.999998793273819,-0.00155352853422669,0.));
#5181=DIRECTION('',(0.999998793273818,-0.00155352853422669,0.));
#5182=DIRECTION('',(0.999998793273818,-0.00155352853422669,0.));
#5183=DIRECTION('',(0.,0.,1.));
#5184=DIRECTION('center_axis',(-1.,0.,0.));
#5185=DIRECTION('ref_axis',(0.,-1.,0.));
#5186=DIRECTION('',(0.,-1.,0.));
#5187=DIRECTION('',(0.,-1.,0.));
#5188=DIRECTION('',(0.,0.,1.));
#5189=DIRECTION('center_axis',(-0.832050294337778,0.554700196225328,0.));
#5190=DIRECTION('ref_axis',(-0.554700196225328,-0.832050294337778,0.));
#5191=DIRECTION('',(-0.554700196225328,-0.832050294337778,0.));
#5192=DIRECTION('',(-0.554700196225328,-0.832050294337778,0.));
#5193=DIRECTION('',(0.,0.,1.));
#5194=DIRECTION('center_axis',(-0.70711891254879,0.707094649616171,0.));
#5195=DIRECTION('ref_axis',(-0.707094649616171,-0.70711891254879,0.));
#5196=DIRECTION('',(-0.707094649616171,-0.70711891254879,0.));
#5197=DIRECTION('',(-0.707094649616171,-0.70711891254879,0.));
#5198=DIRECTION('',(0.,0.,1.));
#5199=DIRECTION('center_axis',(-0.447201591659148,0.894433192819634,0.));
#5200=DIRECTION('ref_axis',(-0.894433192819634,-0.447201591659148,0.));
#5201=DIRECTION('',(-0.894433192819634,-0.447201591659148,0.));
#5202=DIRECTION('',(-0.894433192819634,-0.447201591659148,0.));
#5203=DIRECTION('',(0.,0.,1.));
#5204=DIRECTION('center_axis',(-0.0103064630477936,0.999946886999227,0.));
#5205=DIRECTION('ref_axis',(-0.999946886999227,-0.0103064630477936,0.));
#5206=DIRECTION('',(-0.999946886999227,-0.0103064630477936,0.));
#5207=DIRECTION('',(-0.999946886999227,-0.0103064630477936,0.));
#5208=DIRECTION('',(0.,0.,1.));
#5209=DIRECTION('center_axis',(0.,0.,1.));
#5210=DIRECTION('ref_axis',(0.195089109205744,-0.980785521645436,0.));
#5211=DIRECTION('center_axis',(0.,0.,-1.));
#5212=DIRECTION('ref_axis',(0.195089109205744,-0.980785521645436,0.));
#5213=DIRECTION('center_axis',(0.,0.,-1.));
#5214=DIRECTION('ref_axis',(0.195089109205744,-0.980785521645436,0.));
#5215=DIRECTION('',(0.,0.,1.));
#5216=DIRECTION('center_axis',(7.74031930856753E-14,-1.,0.));
#5217=DIRECTION('ref_axis',(1.,7.74031930856753E-14,0.));
#5218=DIRECTION('',(1.,7.74031930856753E-14,0.));
#5219=DIRECTION('',(1.,7.74031930856753E-14,0.));
#5220=DIRECTION('',(0.,0.,1.));
#5221=DIRECTION('center_axis',(0.415420679283844,-0.909629407628926,0.));
#5222=DIRECTION('ref_axis',(0.909629407628926,0.415420679283844,0.));
#5223=DIRECTION('',(0.909629407628926,0.415420679283844,0.));
#5224=DIRECTION('',(0.909629407628926,0.415420679283844,0.));
#5225=DIRECTION('',(0.,0.,1.));
#5226=DIRECTION('center_axis',(-1.,0.,0.));
#5227=DIRECTION('ref_axis',(0.,-1.,0.));
#5228=DIRECTION('',(0.,-1.,0.));
#5229=DIRECTION('',(0.,-1.,0.));
#5230=DIRECTION('',(0.,0.,1.));
#5231=DIRECTION('center_axis',(0.,0.,1.));
#5232=DIRECTION('ref_axis',(0.999999999935795,-1.13317940759143E-5,0.));
#5233=DIRECTION('center_axis',(0.,0.,-1.));
#5234=DIRECTION('ref_axis',(0.999999999935795,-1.13317940759143E-5,0.));
#5235=DIRECTION('center_axis',(0.,0.,-1.));
#5236=DIRECTION('ref_axis',(0.999999999935795,-1.13317940759143E-5,0.));
#5237=DIRECTION('',(0.,0.,1.));
#5238=DIRECTION('center_axis',(-1.27155106614191E-15,-1.,0.));
#5239=DIRECTION('ref_axis',(1.,-1.27155106614191E-15,0.));
#5240=DIRECTION('',(1.,-1.27155106614191E-15,0.));
#5241=DIRECTION('',(1.,-1.27155106614191E-15,0.));
#5242=DIRECTION('center_axis',(0.,0.,1.));
#5243=DIRECTION('ref_axis',(1.13309609553653E-5,0.999999999935805,0.));
#5244=DIRECTION('center_axis',(0.,0.,-1.));
#5245=DIRECTION('ref_axis',(1.13309609553653E-5,0.999999999935805,0.));
#5246=DIRECTION('',(0.,0.,1.));
#5247=DIRECTION('center_axis',(0.,0.,-1.));
#5248=DIRECTION('ref_axis',(1.13309609553653E-5,0.999999999935805,0.));
#5249=DIRECTION('',(0.,0.,1.));
#5250=DIRECTION('center_axis',(1.,6.20516920277253E-13,0.));
#5251=DIRECTION('ref_axis',(-6.20516920277253E-13,1.,0.));
#5252=DIRECTION('',(-6.20516920277253E-13,1.,0.));
#5253=DIRECTION('',(-6.20516920277253E-13,1.,0.));
#5254=DIRECTION('',(0.,0.,1.));
#5255=DIRECTION('center_axis',(0.,0.,1.));
#5256=DIRECTION('ref_axis',(-0.999999999935814,1.13301278362049E-5,0.));
#5257=DIRECTION('center_axis',(0.,0.,-1.));
#5258=DIRECTION('ref_axis',(-0.999999999935814,1.13301278362049E-5,0.));
#5259=DIRECTION('center_axis',(0.,0.,-1.));
#5260=DIRECTION('ref_axis',(-0.999999999935814,1.13301278362049E-5,0.));
#5261=DIRECTION('',(0.,0.,1.));
#5262=DIRECTION('center_axis',(2.94999847344923E-12,1.,0.));
#5263=DIRECTION('ref_axis',(-1.,2.94999847344923E-12,0.));
#5264=DIRECTION('',(-1.,2.94999847344923E-12,0.));
#5265=DIRECTION('',(-1.,2.94999847344923E-12,0.));
#5266=DIRECTION('',(0.,0.,1.));
#5267=DIRECTION('center_axis',(0.,0.,1.));
#5268=DIRECTION('ref_axis',(-1.13307945602633E-5,-0.999999999935807,0.));
#5269=DIRECTION('center_axis',(0.,0.,-1.));
#5270=DIRECTION('ref_axis',(-1.13307945602633E-5,-0.999999999935807,0.));
#5271=DIRECTION('center_axis',(0.,0.,-1.));
#5272=DIRECTION('ref_axis',(-1.13307945602633E-5,-0.999999999935807,0.));
#5273=DIRECTION('',(0.,0.,1.));
#5274=DIRECTION('center_axis',(-1.,1.43566361000583E-12,0.));
#5275=DIRECTION('ref_axis',(-1.43566361000583E-12,-1.,0.));
#5276=DIRECTION('',(-1.43566361000583E-12,-1.,0.));
#5277=DIRECTION('',(-1.43566361000583E-12,-1.,0.));
#5278=DIRECTION('',(0.,0.,1.));
#5279=DIRECTION('center_axis',(0.,1.,0.));
#5280=DIRECTION('ref_axis',(-1.,0.,0.));
#5281=DIRECTION('',(-1.,0.,0.));
#5282=DIRECTION('',(-1.,0.,0.));
#5283=DIRECTION('',(0.,0.,1.));
#5284=DIRECTION('center_axis',(0.999971139485865,0.00759738082109552,0.));
#5285=DIRECTION('ref_axis',(-0.00759738082109552,0.999971139485865,0.));
#5286=DIRECTION('',(-0.00759738082109552,0.999971139485865,0.));
#5287=DIRECTION('',(-0.00759738082109552,0.999971139485865,0.));
#5288=DIRECTION('',(0.,0.,1.));
#5289=DIRECTION('center_axis',(0.,0.,1.));
#5290=DIRECTION('ref_axis',(-0.980785521645436,-0.195089109205744,0.));
#5291=DIRECTION('center_axis',(0.,0.,-1.));
#5292=DIRECTION('ref_axis',(-0.980785521645436,-0.195089109205744,0.));
#5293=DIRECTION('center_axis',(0.,0.,-1.));
#5294=DIRECTION('ref_axis',(-0.980785521645436,-0.195089109205744,0.));
#5295=DIRECTION('',(0.,0.,1.));
#5296=DIRECTION('center_axis',(-0.999971139485865,0.00759738082109552,0.));
#5297=DIRECTION('ref_axis',(-0.00759738082109552,-0.999971139485865,0.));
#5298=DIRECTION('',(-0.00759738082109552,-0.999971139485865,0.));
#5299=DIRECTION('',(-0.00759738082109552,-0.999971139485865,0.));
#5300=DIRECTION('',(0.,0.,1.));
#5301=DIRECTION('center_axis',(-0.0307874380039304,0.999525954470995,0.));
#5302=DIRECTION('ref_axis',(-0.999525954470995,-0.0307874380039304,0.));
#5303=DIRECTION('',(-0.999525954470995,-0.0307874380039304,0.));
#5304=DIRECTION('',(-0.999525954470995,-0.0307874380039304,0.));
#5305=DIRECTION('',(0.,0.,1.));
#5306=DIRECTION('center_axis',(0.,0.,1.));
#5307=DIRECTION('ref_axis',(0.195089109206052,-0.980785521645374,0.));
#5308=DIRECTION('center_axis',(0.,0.,-1.));
#5309=DIRECTION('ref_axis',(0.195089109206052,-0.980785521645374,0.));
#5310=DIRECTION('center_axis',(0.,0.,-1.));
#5311=DIRECTION('ref_axis',(0.195089109206052,-0.980785521645374,0.));
#5312=DIRECTION('',(0.,0.,1.));
#5313=DIRECTION('center_axis',(-0.0307874380027927,-0.99952595447103,0.));
#5314=DIRECTION('ref_axis',(0.99952595447103,-0.0307874380027927,0.));
#5315=DIRECTION('',(0.99952595447103,-0.0307874380027927,0.));
#5316=DIRECTION('',(0.99952595447103,-0.0307874380027927,0.));
#5317=DIRECTION('',(0.,0.,1.));
#5318=DIRECTION('center_axis',(-0.999971139257584,-0.00759741086743977,
0.));
#5319=DIRECTION('ref_axis',(0.00759741086743977,-0.999971139257585,0.));
#5320=DIRECTION('',(0.00759741086743977,-0.999971139257585,0.));
#5321=DIRECTION('',(0.00759741086743977,-0.999971139257585,0.));
#5322=DIRECTION('',(0.,0.,1.));
#5323=DIRECTION('center_axis',(0.,0.,1.));
#5324=DIRECTION('ref_axis',(0.980785521645415,0.195089109205847,0.));
#5325=DIRECTION('center_axis',(0.,0.,-1.));
#5326=DIRECTION('ref_axis',(0.980785521645415,0.195089109205847,0.));
#5327=DIRECTION('center_axis',(0.,0.,-1.));
#5328=DIRECTION('ref_axis',(0.980785521645415,0.195089109205847,0.));
#5329=DIRECTION('',(0.,0.,1.));
#5330=DIRECTION('center_axis',(0.999971139257588,-0.00759741086701774,0.));
#5331=DIRECTION('ref_axis',(0.00759741086701774,0.999971139257588,0.));
#5332=DIRECTION('',(0.00759741086701774,0.999971139257588,0.));
#5333=DIRECTION('',(0.00759741086701774,0.999971139257588,0.));
#5334=DIRECTION('',(0.,0.,1.));
#5335=DIRECTION('center_axis',(0.,-1.,0.));
#5336=DIRECTION('ref_axis',(1.,0.,0.));
#5337=DIRECTION('',(1.,0.,0.));
#5338=DIRECTION('',(1.,0.,0.));
#5339=DIRECTION('',(0.,0.,1.));
#5340=DIRECTION('center_axis',(-0.949637294388787,0.313351255152974,0.));
#5341=DIRECTION('ref_axis',(-0.313351255152974,-0.949637294388787,0.));
#5342=DIRECTION('',(-0.313351255152974,-0.949637294388787,0.));
#5343=DIRECTION('',(-0.313351255152974,-0.949637294388787,0.));
#5344=DIRECTION('',(0.,0.,1.));
#5345=DIRECTION('center_axis',(0.,0.,1.));
#5346=DIRECTION('ref_axis',(0.992147208620462,-0.125075642819154,0.));
#5347=DIRECTION('center_axis',(0.,0.,-1.));
#5348=DIRECTION('ref_axis',(0.992147208620462,-0.125075642819154,0.));
#5349=DIRECTION('center_axis',(0.,0.,-1.));
#5350=DIRECTION('ref_axis',(0.992147208620462,-0.125075642819154,0.));
#5351=DIRECTION('',(0.,0.,1.));
#5352=DIRECTION('center_axis',(0.934990967133934,-0.354671526032118,0.));
#5353=DIRECTION('ref_axis',(0.354671526032118,0.934990967133934,0.));
#5354=DIRECTION('',(0.354671526032118,0.934990967133934,0.));
#5355=DIRECTION('',(0.354671526032118,0.934990967133934,0.));
#5356=DIRECTION('',(0.,0.,1.));
#5357=DIRECTION('center_axis',(-1.,0.,0.));
#5358=DIRECTION('ref_axis',(0.,-1.,0.));
#5359=DIRECTION('',(0.,-1.,0.));
#5360=DIRECTION('',(0.,-1.,0.));
#5361=DIRECTION('',(0.,0.,1.));
#5362=DIRECTION('center_axis',(0.,0.,1.));
#5363=DIRECTION('ref_axis',(0.999999999935795,-1.13317949641028E-5,0.));
#5364=DIRECTION('center_axis',(0.,0.,-1.));
#5365=DIRECTION('ref_axis',(0.999999999935795,-1.13317949641028E-5,0.));
#5366=DIRECTION('center_axis',(0.,0.,-1.));
#5367=DIRECTION('ref_axis',(0.999999999935795,-1.13317949641028E-5,0.));
#5368=DIRECTION('',(0.,0.,1.));
#5369=DIRECTION('center_axis',(7.62930639685146E-15,-1.,0.));
#5370=DIRECTION('ref_axis',(1.,7.62930639685146E-15,0.));
#5371=DIRECTION('',(1.,7.62930639685146E-15,0.));
#5372=DIRECTION('',(1.,7.62930639685146E-15,0.));
#5373=DIRECTION('center_axis',(0.,0.,1.));
#5374=DIRECTION('ref_axis',(-1.,0.,0.));
#5375=DIRECTION('center_axis',(0.,0.,-1.));
#5376=DIRECTION('ref_axis',(-1.,0.,0.));
#5377=DIRECTION('',(0.,0.,-1.));
#5378=DIRECTION('center_axis',(0.,0.,-1.));
#5379=DIRECTION('ref_axis',(-1.,0.,0.));
#5380=DIRECTION('center_axis',(0.,0.,1.));
#5381=DIRECTION('ref_axis',(-1.,0.,0.));
#5382=DIRECTION('center_axis',(0.,0.,-1.));
#5383=DIRECTION('ref_axis',(-1.,0.,0.));
#5384=DIRECTION('',(0.,0.,-1.));
#5385=DIRECTION('center_axis',(0.,0.,-1.));
#5386=DIRECTION('ref_axis',(-1.,0.,0.));
#5387=DIRECTION('center_axis',(0.,0.,1.));
#5388=DIRECTION('ref_axis',(1.13309615474809E-5,0.999999999935805,0.));
#5389=DIRECTION('center_axis',(0.,0.,-1.));
#5390=DIRECTION('ref_axis',(1.13309615474809E-5,0.999999999935805,0.));
#5391=DIRECTION('',(0.,0.,1.));
#5392=DIRECTION('center_axis',(0.,0.,-1.));
#5393=DIRECTION('ref_axis',(1.13309615474809E-5,0.999999999935805,0.));
#5394=DIRECTION('',(0.,0.,1.));
#5395=DIRECTION('center_axis',(1.,6.28146226674104E-13,0.));
#5396=DIRECTION('ref_axis',(-6.28146226674104E-13,1.,0.));
#5397=DIRECTION('',(-6.28146226674104E-13,1.,0.));
#5398=DIRECTION('',(-6.28146226674104E-13,1.,0.));
#5399=DIRECTION('',(0.,0.,1.));
#5400=DIRECTION('center_axis',(0.,0.,1.));
#5401=DIRECTION('ref_axis',(-0.999999999935807,1.13307945696931E-5,0.));
#5402=DIRECTION('center_axis',(0.,0.,-1.));
#5403=DIRECTION('ref_axis',(-0.999999999935807,1.13307945696931E-5,0.));
#5404=DIRECTION('center_axis',(0.,0.,-1.));
#5405=DIRECTION('ref_axis',(-0.999999999935807,1.13307945696931E-5,0.));
#5406=DIRECTION('',(0.,0.,1.));
#5407=DIRECTION('center_axis',(8.64654724976501E-14,1.,0.));
#5408=DIRECTION('ref_axis',(-1.,8.64654724976501E-14,0.));
#5409=DIRECTION('',(-1.,8.64654724976501E-14,0.));
#5410=DIRECTION('',(-1.,8.64654724976501E-14,0.));
#5411=DIRECTION('',(0.,0.,1.));
#5412=DIRECTION('center_axis',(0.,0.,1.));
#5413=DIRECTION('ref_axis',(-1.13307957520692E-5,-0.999999999935807,0.));
#5414=DIRECTION('center_axis',(0.,0.,-1.));
#5415=DIRECTION('ref_axis',(-1.13307957520692E-5,-0.999999999935807,0.));
#5416=DIRECTION('center_axis',(0.,0.,-1.));
#5417=DIRECTION('ref_axis',(-1.13307957520692E-5,-0.999999999935807,0.));
#5418=DIRECTION('',(0.,0.,1.));
#5419=DIRECTION('center_axis',(-1.,2.20052050280353E-12,0.));
#5420=DIRECTION('ref_axis',(-2.20052050280353E-12,-1.,0.));
#5421=DIRECTION('',(-2.20052050280353E-12,-1.,0.));
#5422=DIRECTION('',(-2.20052050280353E-12,-1.,0.));
#5423=DIRECTION('',(0.,0.,1.));
#5424=DIRECTION('center_axis',(-0.00461315943367766,0.999989359323408,0.));
#5425=DIRECTION('ref_axis',(-0.999989359323408,-0.00461315943367766,0.));
#5426=DIRECTION('',(-0.999989359323408,-0.00461315943367766,0.));
#5427=DIRECTION('',(-0.999989359323408,-0.00461315943367766,0.));
#5428=DIRECTION('',(0.,0.,1.));
#5429=DIRECTION('center_axis',(0.,0.,1.));
#5430=DIRECTION('ref_axis',(0.195089109205744,-0.980785521645436,0.));
#5431=DIRECTION('center_axis',(0.,0.,-1.));
#5432=DIRECTION('ref_axis',(0.195089109205744,-0.980785521645436,0.));
#5433=DIRECTION('center_axis',(0.,0.,-1.));
#5434=DIRECTION('ref_axis',(0.195089109205744,-0.980785521645436,0.));
#5435=DIRECTION('',(0.,0.,1.));
#5436=DIRECTION('center_axis',(-0.00936013919790106,-0.999956192937569,
0.));
#5437=DIRECTION('ref_axis',(0.999956192937569,-0.00936013919790105,0.));
#5438=DIRECTION('',(0.999956192937569,-0.00936013919790105,0.));
#5439=DIRECTION('',(0.999956192937569,-0.00936013919790105,0.));
#5440=DIRECTION('',(0.,0.,1.));
#5441=DIRECTION('center_axis',(-1.,0.,0.));
#5442=DIRECTION('ref_axis',(0.,-1.,0.));
#5443=DIRECTION('',(0.,-1.,0.));
#5444=DIRECTION('',(0.,-1.,0.));
#5445=DIRECTION('',(0.,0.,1.));
#5446=DIRECTION('center_axis',(0.,0.,1.));
#5447=DIRECTION('ref_axis',(0.999999999904597,-1.38132382077144E-5,0.));
#5448=DIRECTION('center_axis',(0.,0.,-1.));
#5449=DIRECTION('ref_axis',(0.999999999904597,-1.38132382077144E-5,0.));
#5450=DIRECTION('center_axis',(0.,0.,-1.));
#5451=DIRECTION('ref_axis',(0.999999999904597,-1.38132382077144E-5,0.));
#5452=DIRECTION('',(0.,0.,1.));
#5453=DIRECTION('center_axis',(0.816509445341847,-0.577332075730726,0.));
#5454=DIRECTION('ref_axis',(0.577332075730726,0.816509445341847,0.));
#5455=DIRECTION('',(0.577332075730726,0.816509445341847,0.));
#5456=DIRECTION('',(0.577332075730726,0.816509445341847,0.));
#5457=DIRECTION('',(0.,0.,1.));
#5458=DIRECTION('center_axis',(-1.,0.,0.));
#5459=DIRECTION('ref_axis',(0.,-1.,0.));
#5460=DIRECTION('',(0.,-1.,0.));
#5461=DIRECTION('',(0.,-1.,0.));
#5462=DIRECTION('',(0.,0.,1.));
#5463=DIRECTION('center_axis',(0.,0.,1.));
#5464=DIRECTION('ref_axis',(0.999999999935805,-1.13309615472561E-5,0.));
#5465=DIRECTION('center_axis',(0.,0.,-1.));
#5466=DIRECTION('ref_axis',(0.999999999935805,-1.13309615472561E-5,0.));
#5467=DIRECTION('center_axis',(0.,0.,-1.));
#5468=DIRECTION('ref_axis',(0.999999999935805,-1.13309615472561E-5,0.));
#5469=DIRECTION('',(0.,0.,1.));
#5470=DIRECTION('center_axis',(-2.54310213228383E-15,-1.,0.));
#5471=DIRECTION('ref_axis',(1.,-2.54310213228383E-15,0.));
#5472=DIRECTION('',(1.,-2.54310213228383E-15,0.));
#5473=DIRECTION('',(1.,-2.54310213228383E-15,0.));
#5474=DIRECTION('center_axis',(0.,0.,1.));
#5475=DIRECTION('ref_axis',(1.13309621396099E-5,0.999999999935805,0.));
#5476=DIRECTION('center_axis',(0.,0.,-1.));
#5477=DIRECTION('ref_axis',(1.13309621396099E-5,0.999999999935805,0.));
#5478=DIRECTION('',(0.,0.,1.));
#5479=DIRECTION('center_axis',(0.,0.,-1.));
#5480=DIRECTION('ref_axis',(1.13309621396099E-5,0.999999999935805,0.));
#5481=DIRECTION('',(0.,0.,1.));
#5482=DIRECTION('center_axis',(1.,6.28146226674104E-13,0.));
#5483=DIRECTION('ref_axis',(-6.28146226674104E-13,1.,0.));
#5484=DIRECTION('',(-6.28146226674104E-13,1.,0.));
#5485=DIRECTION('',(-6.28146226674104E-13,1.,0.));
#5486=DIRECTION('',(0.,0.,1.));
#5487=DIRECTION('center_axis',(0.,0.,1.));
#5488=DIRECTION('ref_axis',(-0.999999999935807,1.13307948657626E-5,0.));
#5489=DIRECTION('center_axis',(0.,0.,-1.));
#5490=DIRECTION('ref_axis',(-0.999999999935807,1.13307948657626E-5,0.));
#5491=DIRECTION('center_axis',(0.,0.,-1.));
#5492=DIRECTION('ref_axis',(-0.999999999935807,1.13307948657626E-5,0.));
#5493=DIRECTION('',(0.,0.,1.));
#5494=DIRECTION('center_axis',(8.7737023563792E-14,1.,0.));
#5495=DIRECTION('ref_axis',(-1.,8.7737023563792E-14,0.));
#5496=DIRECTION('',(-1.,8.7737023563792E-14,0.));
#5497=DIRECTION('',(-1.,8.7737023563792E-14,0.));
#5498=DIRECTION('',(0.,0.,1.));
#5499=DIRECTION('center_axis',(0.,0.,1.));
#5500=DIRECTION('ref_axis',(-1.13307957520692E-5,-0.999999999935807,0.));
#5501=DIRECTION('center_axis',(0.,0.,-1.));
#5502=DIRECTION('ref_axis',(-1.13307957520692E-5,-0.999999999935807,0.));
#5503=DIRECTION('center_axis',(0.,0.,-1.));
#5504=DIRECTION('ref_axis',(-1.13307957520692E-5,-0.999999999935807,0.));
#5505=DIRECTION('',(0.,0.,1.));
#5506=DIRECTION('center_axis',(-1.,1.72426572678457E-12,0.));
#5507=DIRECTION('ref_axis',(-1.72426572678457E-12,-1.,0.));
#5508=DIRECTION('',(-1.72426572678457E-12,-1.,0.));
#5509=DIRECTION('',(-1.72426572678457E-12,-1.,0.));
#5510=DIRECTION('',(0.,0.,1.));
#5511=DIRECTION('center_axis',(-0.0143797533335441,0.999896606001874,0.));
#5512=DIRECTION('ref_axis',(-0.999896606001874,-0.0143797533335441,0.));
#5513=DIRECTION('',(-0.999896606001874,-0.0143797533335441,0.));
#5514=DIRECTION('',(-0.999896606001874,-0.0143797533335441,0.));
#5515=DIRECTION('',(0.,0.,1.));
#5516=DIRECTION('center_axis',(-0.432217188334814,0.901769539354678,0.));
#5517=DIRECTION('ref_axis',(-0.901769539354678,-0.432217188334814,0.));
#5518=DIRECTION('',(-0.901769539354678,-0.432217188334814,0.));
#5519=DIRECTION('',(-0.901769539354678,-0.432217188334814,0.));
#5520=DIRECTION('',(0.,0.,1.));
#5521=DIRECTION('center_axis',(-0.683523275492953,0.729928716971311,0.));
#5522=DIRECTION('ref_axis',(-0.729928716971311,-0.683523275492953,0.));
#5523=DIRECTION('',(-0.729928716971311,-0.683523275492953,0.));
#5524=DIRECTION('',(-0.729928716971311,-0.683523275492953,0.));
#5525=DIRECTION('',(0.,0.,1.));
#5526=DIRECTION('center_axis',(-0.81123939222793,0.584714159652098,0.));
#5527=DIRECTION('ref_axis',(-0.584714159652098,-0.81123939222793,0.));
#5528=DIRECTION('',(-0.584714159652098,-0.81123939222793,0.));
#5529=DIRECTION('',(-0.584714159652098,-0.81123939222793,0.));
#5530=DIRECTION('',(0.,0.,1.));
#5531=DIRECTION('center_axis',(-0.906053379964558,0.423163411290249,0.));
#5532=DIRECTION('ref_axis',(-0.423163411290249,-0.906053379964558,0.));
#5533=DIRECTION('',(-0.423163411290249,-0.906053379964558,0.));
#5534=DIRECTION('',(-0.423163411290249,-0.906053379964558,0.));
#5535=DIRECTION('',(0.,0.,1.));
#5536=DIRECTION('center_axis',(-0.999972196375365,0.00745697500517449,0.));
#5537=DIRECTION('ref_axis',(-0.00745697500517449,-0.999972196375365,0.));
#5538=DIRECTION('',(-0.00745697500517449,-0.999972196375365,0.));
#5539=DIRECTION('',(-0.00745697500517449,-0.999972196375365,0.));
#5540=DIRECTION('',(0.,0.,1.));
#5541=DIRECTION('center_axis',(-0.989732445781852,-0.142932451761923,0.));
#5542=DIRECTION('ref_axis',(0.142932451761923,-0.989732445781851,0.));
#5543=DIRECTION('',(0.142932451761923,-0.989732445781851,0.));
#5544=DIRECTION('',(0.142932451761923,-0.989732445781851,0.));
#5545=DIRECTION('',(0.,0.,1.));
#5546=DIRECTION('center_axis',(-0.901768081384066,-0.432220230203192,0.));
#5547=DIRECTION('ref_axis',(0.432220230203192,-0.901768081384066,0.));
#5548=DIRECTION('',(0.432220230203192,-0.901768081384066,0.));
#5549=DIRECTION('',(0.432220230203192,-0.901768081384066,0.));
#5550=DIRECTION('',(0.,0.,1.));
#5551=DIRECTION('center_axis',(-0.720937480768637,-0.693000107375873,0.));
#5552=DIRECTION('ref_axis',(0.693000107375873,-0.720937480768637,0.));
#5553=DIRECTION('',(0.693000107375873,-0.720937480768637,0.));
#5554=DIRECTION('',(0.693000107375873,-0.720937480768637,0.));
#5555=DIRECTION('',(0.,0.,1.));
#5556=DIRECTION('center_axis',(-0.470861062740348,-0.882207379018692,0.));
#5557=DIRECTION('ref_axis',(0.882207379018692,-0.470861062740348,0.));
#5558=DIRECTION('',(0.882207379018692,-0.470861062740348,0.));
#5559=DIRECTION('',(0.882207379018692,-0.470861062740348,0.));
#5560=DIRECTION('',(0.,0.,1.));
#5561=DIRECTION('center_axis',(-0.754656749962748,0.656119798310996,0.));
#5562=DIRECTION('ref_axis',(-0.656119798310996,-0.754656749962748,0.));
#5563=DIRECTION('',(-0.656119798310996,-0.754656749962748,0.));
#5564=DIRECTION('',(-0.656119798310996,-0.754656749962748,0.));
#5565=DIRECTION('',(0.,0.,1.));
#5566=DIRECTION('center_axis',(0.,0.,1.));
#5567=DIRECTION('ref_axis',(0.813861173610135,-0.581059368816933,0.));
#5568=DIRECTION('center_axis',(0.,0.,-1.));
#5569=DIRECTION('ref_axis',(0.813861173610135,-0.581059368816933,0.));
#5570=DIRECTION('center_axis',(0.,0.,-1.));
#5571=DIRECTION('ref_axis',(0.813861173610135,-0.581059368816933,0.));
#5572=DIRECTION('',(0.,0.,1.));
#5573=DIRECTION('center_axis',(-0.00461315943653845,-0.999989359323395,
0.));
#5574=DIRECTION('ref_axis',(0.999989359323395,-0.00461315943653845,0.));
#5575=DIRECTION('',(0.999989359323395,-0.00461315943653845,0.));
#5576=DIRECTION('',(0.999989359323395,-0.00461315943653845,0.));
#5577=DIRECTION('',(0.,0.,1.));
#5578=DIRECTION('center_axis',(-1.,0.,0.));
#5579=DIRECTION('ref_axis',(0.,-1.,0.));
#5580=DIRECTION('',(0.,-1.,0.));
#5581=DIRECTION('',(0.,-1.,0.));
#5582=DIRECTION('',(0.,0.,1.));
#5583=DIRECTION('center_axis',(0.,0.,1.));
#5584=DIRECTION('ref_axis',(0.999999999935805,-1.13309609551237E-5,0.));
#5585=DIRECTION('center_axis',(0.,0.,-1.));
#5586=DIRECTION('ref_axis',(0.999999999935805,-1.13309609551237E-5,0.));
#5587=DIRECTION('center_axis',(0.,0.,-1.));
#5588=DIRECTION('ref_axis',(0.999999999935805,-1.13309609551237E-5,0.));
#5589=DIRECTION('',(0.,0.,1.));
#5590=DIRECTION('center_axis',(-2.54310213228383E-15,-1.,0.));
#5591=DIRECTION('ref_axis',(1.,-2.54310213228383E-15,0.));
#5592=DIRECTION('',(1.,-2.54310213228383E-15,0.));
#5593=DIRECTION('',(1.,-2.54310213228383E-15,0.));
#5594=DIRECTION('center_axis',(0.,0.,1.));
#5595=DIRECTION('ref_axis',(1.13309627317389E-5,0.999999999935805,0.));
#5596=DIRECTION('center_axis',(0.,0.,-1.));
#5597=DIRECTION('ref_axis',(1.13309627317389E-5,0.999999999935805,0.));
#5598=DIRECTION('',(0.,0.,1.));
#5599=DIRECTION('center_axis',(0.,0.,-1.));
#5600=DIRECTION('ref_axis',(1.13309627317389E-5,0.999999999935805,0.));
#5601=DIRECTION('',(0.,0.,1.));
#5602=DIRECTION('center_axis',(1.,6.30689328806387E-13,0.));
#5603=DIRECTION('ref_axis',(-6.30689328806387E-13,1.,0.));
#5604=DIRECTION('',(-6.30689328806387E-13,1.,0.));
#5605=DIRECTION('',(-6.30689328806387E-13,1.,0.));
#5606=DIRECTION('',(0.,0.,1.));
#5607=DIRECTION('center_axis',(0.,0.,1.));
#5608=DIRECTION('ref_axis',(-0.999999999935814,1.13301281322744E-5,0.));
#5609=DIRECTION('center_axis',(0.,0.,-1.));
#5610=DIRECTION('ref_axis',(-0.999999999935814,1.13301281322744E-5,0.));
#5611=DIRECTION('center_axis',(0.,0.,-1.));
#5612=DIRECTION('ref_axis',(-0.999999999935814,1.13301281322744E-5,0.));
#5613=DIRECTION('',(0.,0.,1.));
#5614=DIRECTION('center_axis',(2.95635622877994E-12,1.,0.));
#5615=DIRECTION('ref_axis',(-1.,2.95635622877994E-12,0.));
#5616=DIRECTION('',(-1.,2.95635622877994E-12,0.));
#5617=DIRECTION('',(-1.,2.95635622877994E-12,0.));
#5618=DIRECTION('',(0.,0.,1.));
#5619=DIRECTION('center_axis',(0.,0.,1.));
#5620=DIRECTION('ref_axis',(-1.13307945602633E-5,-0.999999999935807,0.));
#5621=DIRECTION('center_axis',(0.,0.,-1.));
#5622=DIRECTION('ref_axis',(-1.13307945602633E-5,-0.999999999935807,0.));
#5623=DIRECTION('center_axis',(0.,0.,-1.));
#5624=DIRECTION('ref_axis',(-1.13307945602633E-5,-0.999999999935807,0.));
#5625=DIRECTION('',(0.,0.,1.));
#5626=DIRECTION('center_axis',(-1.,2.39351012884421E-12,0.));
#5627=DIRECTION('ref_axis',(-2.39351012884421E-12,-1.,0.));
#5628=DIRECTION('',(-2.39351012884421E-12,-1.,0.));
#5629=DIRECTION('',(-2.39351012884421E-12,-1.,0.));
#5630=DIRECTION('',(0.,0.,1.));
#5631=DIRECTION('center_axis',(0.0980088073543368,0.995185547363395,0.));
#5632=DIRECTION('ref_axis',(-0.995185547363395,0.0980088073543368,0.));
#5633=DIRECTION('',(-0.995185547363395,0.0980088073543368,0.));
#5634=DIRECTION('',(-0.995185547363395,0.0980088073543368,0.));
#5635=DIRECTION('',(0.,0.,1.));
#5636=DIRECTION('center_axis',(-0.0154548942878324,0.999880565989035,0.));
#5637=DIRECTION('ref_axis',(-0.999880565989034,-0.0154548942878324,0.));
#5638=DIRECTION('',(-0.999880565989034,-0.0154548942878324,0.));
#5639=DIRECTION('',(-0.999880565989034,-0.0154548942878324,0.));
#5640=DIRECTION('',(0.,0.,1.));
#5641=DIRECTION('center_axis',(-0.432217188334918,0.901769539354628,0.));
#5642=DIRECTION('ref_axis',(-0.901769539354628,-0.432217188334918,0.));
#5643=DIRECTION('',(-0.901769539354628,-0.432217188334918,0.));
#5644=DIRECTION('',(-0.901769539354628,-0.432217188334918,0.));
#5645=DIRECTION('',(0.,0.,1.));
#5646=DIRECTION('center_axis',(-0.683523275493059,0.729928716971212,0.));
#5647=DIRECTION('ref_axis',(-0.729928716971212,-0.683523275493059,0.));
#5648=DIRECTION('',(-0.729928716971212,-0.683523275493059,0.));
#5649=DIRECTION('',(-0.729928716971212,-0.683523275493059,0.));
#5650=DIRECTION('',(0.,0.,1.));
#5651=DIRECTION('center_axis',(0.,0.,1.));
#5652=DIRECTION('ref_axis',(0.783593992272616,-0.621273253306678,0.));
#5653=DIRECTION('center_axis',(0.,0.,-1.));
#5654=DIRECTION('ref_axis',(0.783593992272616,-0.621273253306678,0.));
#5655=DIRECTION('center_axis',(0.,0.,-1.));
#5656=DIRECTION('ref_axis',(0.783593992272616,-0.621273253306678,0.));
#5657=DIRECTION('',(0.,0.,1.));
#5658=DIRECTION('center_axis',(-0.759555819850375,-0.650442123890685,0.));
#5659=DIRECTION('ref_axis',(0.650442123890685,-0.759555819850375,0.));
#5660=DIRECTION('',(0.650442123890685,-0.759555819850375,0.));
#5661=DIRECTION('',(0.650442123890685,-0.759555819850375,0.));
#5662=DIRECTION('',(0.,0.,1.));
#5663=DIRECTION('center_axis',(-0.759555819907699,0.650442123823745,0.));
#5664=DIRECTION('ref_axis',(-0.650442123823745,-0.759555819907699,0.));
#5665=DIRECTION('',(-0.650442123823745,-0.759555819907699,0.));
#5666=DIRECTION('',(-0.650442123823745,-0.759555819907699,0.));
#5667=DIRECTION('',(0.,0.,1.));
#5668=DIRECTION('center_axis',(-0.906053379964558,0.423163411290249,0.));
#5669=DIRECTION('ref_axis',(-0.423163411290249,-0.906053379964558,0.));
#5670=DIRECTION('',(-0.423163411290249,-0.906053379964558,0.));
#5671=DIRECTION('',(-0.423163411290249,-0.906053379964558,0.));
#5672=DIRECTION('',(0.,0.,1.));
#5673=DIRECTION('center_axis',(-0.999883036302432,-0.0152942379552021,0.));
#5674=DIRECTION('ref_axis',(0.0152942379552021,-0.999883036302432,0.));
#5675=DIRECTION('',(0.0152942379552021,-0.999883036302432,0.));
#5676=DIRECTION('',(0.0152942379552021,-0.999883036302432,0.));
#5677=DIRECTION('',(0.,0.,1.));
#5678=DIRECTION('center_axis',(-0.90176808138409,-0.432220230203143,0.));
#5679=DIRECTION('ref_axis',(0.432220230203143,-0.90176808138409,0.));
#5680=DIRECTION('',(0.432220230203143,-0.90176808138409,0.));
#5681=DIRECTION('',(0.432220230203143,-0.90176808138409,0.));
#5682=DIRECTION('',(0.,0.,1.));
#5683=DIRECTION('center_axis',(-0.729935011601982,-0.683516553448133,0.));
#5684=DIRECTION('ref_axis',(0.683516553448133,-0.729935011601982,0.));
#5685=DIRECTION('',(0.683516553448133,-0.729935011601982,0.));
#5686=DIRECTION('',(0.683516553448133,-0.729935011601982,0.));
#5687=DIRECTION('',(0.,0.,1.));
#5688=DIRECTION('center_axis',(-0.584699353440567,-0.811250063843561,0.));
#5689=DIRECTION('ref_axis',(0.811250063843561,-0.584699353440567,0.));
#5690=DIRECTION('',(0.811250063843561,-0.584699353440567,0.));
#5691=DIRECTION('',(0.811250063843561,-0.584699353440567,0.));
#5692=DIRECTION('',(0.,0.,1.));
#5693=DIRECTION('center_axis',(-0.42316341129014,-0.906053379964609,0.));
#5694=DIRECTION('ref_axis',(0.906053379964609,-0.42316341129014,0.));
#5695=DIRECTION('',(0.906053379964609,-0.42316341129014,0.));
#5696=DIRECTION('',(0.906053379964609,-0.42316341129014,0.));
#5697=DIRECTION('',(0.,0.,1.));
#5698=DIRECTION('center_axis',(-0.00155352853422669,-0.999998793273819,
0.));
#5699=DIRECTION('ref_axis',(0.999998793273819,-0.00155352853422669,0.));
#5700=DIRECTION('',(0.999998793273818,-0.00155352853422669,0.));
#5701=DIRECTION('',(0.999998793273818,-0.00155352853422669,0.));
#5702=DIRECTION('',(0.,0.,1.));
#5703=DIRECTION('center_axis',(-1.,0.,0.));
#5704=DIRECTION('ref_axis',(0.,-1.,0.));
#5705=DIRECTION('',(0.,-1.,0.));
#5706=DIRECTION('',(0.,-1.,0.));
#5707=DIRECTION('',(0.,0.,1.));
#5708=DIRECTION('center_axis',(0.,0.,1.));
#5709=DIRECTION('ref_axis',(0.999999999935795,-1.13317949641028E-5,0.));
#5710=DIRECTION('center_axis',(0.,0.,-1.));
#5711=DIRECTION('ref_axis',(0.999999999935795,-1.13317949641028E-5,0.));
#5712=DIRECTION('center_axis',(0.,0.,-1.));
#5713=DIRECTION('ref_axis',(0.999999999935795,-1.13317949641028E-5,0.));
#5714=DIRECTION('',(0.,0.,1.));
#5715=DIRECTION('center_axis',(0.,-1.,0.));
#5716=DIRECTION('ref_axis',(1.,0.,0.));
#5717=DIRECTION('',(1.,0.,0.));
#5718=DIRECTION('',(1.,0.,0.));
#5719=DIRECTION('center_axis',(0.,0.,1.));
#5720=DIRECTION('ref_axis',(1.13309615474842E-5,0.999999999935805,0.));
#5721=DIRECTION('center_axis',(0.,0.,-1.));
#5722=DIRECTION('ref_axis',(1.13309615474842E-5,0.999999999935805,0.));
#5723=DIRECTION('',(0.,0.,1.));
#5724=DIRECTION('center_axis',(0.,0.,-1.));
#5725=DIRECTION('ref_axis',(1.13309615474842E-5,0.999999999935805,0.));
#5726=DIRECTION('',(0.,0.,1.));
#5727=DIRECTION('center_axis',(1.,6.25603124541821E-13,0.));
#5728=DIRECTION('ref_axis',(-6.25603124541821E-13,1.,0.));
#5729=DIRECTION('',(-6.25603124541821E-13,1.,0.));
#5730=DIRECTION('',(-6.25603124541821E-13,1.,0.));
#5731=DIRECTION('',(0.,0.,1.));
#5732=DIRECTION('center_axis',(0.,0.,1.));
#5733=DIRECTION('ref_axis',(-0.999999999935814,1.13301278362049E-5,0.));
#5734=DIRECTION('center_axis',(0.,0.,-1.));
#5735=DIRECTION('ref_axis',(-0.999999999935814,1.13301278362049E-5,0.));
#5736=DIRECTION('center_axis',(0.,0.,-1.));
#5737=DIRECTION('ref_axis',(-0.999999999935814,1.13301278362049E-5,0.));
#5738=DIRECTION('',(0.,0.,1.));
#5739=DIRECTION('center_axis',(2.94999847344924E-12,1.,0.));
#5740=DIRECTION('ref_axis',(-1.,2.94999847344924E-12,0.));
#5741=DIRECTION('',(-1.,2.94999847344924E-12,0.));
#5742=DIRECTION('',(-1.,2.94999847344924E-12,0.));
#5743=DIRECTION('',(0.,0.,1.));
#5744=DIRECTION('center_axis',(0.,0.,1.));
#5745=DIRECTION('ref_axis',(-1.13307963366536E-5,-0.999999999935807,0.));
#5746=DIRECTION('center_axis',(0.,0.,-1.));
#5747=DIRECTION('ref_axis',(-1.13307963366536E-5,-0.999999999935807,0.));
#5748=DIRECTION('center_axis',(0.,0.,-1.));
#5749=DIRECTION('ref_axis',(-1.13307963366536E-5,-0.999999999935807,0.));
#5750=DIRECTION('',(0.,0.,1.));
#5751=DIRECTION('center_axis',(-1.,2.52333143441053E-12,0.));
#5752=DIRECTION('ref_axis',(-2.52333143441053E-12,-1.,0.));
#5753=DIRECTION('',(-2.52333143441053E-12,-1.,0.));
#5754=DIRECTION('',(-2.52333143441053E-12,-1.,0.));
#5755=DIRECTION('',(0.,0.,1.));
#5756=DIRECTION('center_axis',(-0.0245935484231232,0.99969753294482,0.));
#5757=DIRECTION('ref_axis',(-0.99969753294482,-0.0245935484231232,0.));
#5758=DIRECTION('',(-0.99969753294482,-0.0245935484231232,0.));
#5759=DIRECTION('',(-0.99969753294482,-0.0245935484231232,0.));
#5760=DIRECTION('',(0.,0.,1.));
#5761=DIRECTION('center_axis',(-0.432217188335018,0.90176953935458,0.));
#5762=DIRECTION('ref_axis',(-0.90176953935458,-0.432217188335018,0.));
#5763=DIRECTION('',(-0.90176953935458,-0.432217188335018,0.));
#5764=DIRECTION('',(-0.90176953935458,-0.432217188335018,0.));
#5765=DIRECTION('',(0.,0.,1.));
#5766=DIRECTION('center_axis',(0.,0.,1.));
#5767=DIRECTION('ref_axis',(0.628521527580257,-0.777792189063493,0.));
#5768=DIRECTION('center_axis',(0.,0.,-1.));
#5769=DIRECTION('ref_axis',(0.628521527580257,-0.777792189063493,0.));
#5770=DIRECTION('center_axis',(0.,0.,-1.));
#5771=DIRECTION('ref_axis',(0.628521527580257,-0.777792189063493,0.));
#5772=DIRECTION('',(0.,0.,1.));
#5773=DIRECTION('center_axis',(-0.99997284935243,0.00736889123153822,0.));
#5774=DIRECTION('ref_axis',(-0.00736889123153822,-0.99997284935243,0.));
#5775=DIRECTION('',(-0.00736889123153822,-0.99997284935243,0.));
#5776=DIRECTION('',(-0.00736889123153822,-0.99997284935243,0.));
#5777=DIRECTION('',(0.,0.,1.));
#5778=DIRECTION('center_axis',(-0.989732445781852,-0.142932451761923,0.));
#5779=DIRECTION('ref_axis',(0.142932451761923,-0.989732445781851,0.));
#5780=DIRECTION('',(0.142932451761923,-0.989732445781851,0.));
#5781=DIRECTION('',(0.142932451761923,-0.989732445781851,0.));
#5782=DIRECTION('',(0.,0.,1.));
#5783=DIRECTION('center_axis',(-0.90176808138409,-0.432220230203143,0.));
#5784=DIRECTION('ref_axis',(0.432220230203143,-0.90176808138409,0.));
#5785=DIRECTION('',(0.432220230203143,-0.90176808138409,0.));
#5786=DIRECTION('',(0.432220230203143,-0.90176808138409,0.));
#5787=DIRECTION('',(0.,0.,1.));
#5788=DIRECTION('center_axis',(-0.729935011601982,-0.683516553448133,0.));
#5789=DIRECTION('ref_axis',(0.683516553448133,-0.729935011601982,0.));
#5790=DIRECTION('',(0.683516553448133,-0.729935011601982,0.));
#5791=DIRECTION('',(0.683516553448133,-0.729935011601982,0.));
#5792=DIRECTION('',(0.,0.,1.));
#5793=DIRECTION('center_axis',(-0.584699353440041,-0.811250063843941,0.));
#5794=DIRECTION('ref_axis',(0.811250063843941,-0.584699353440041,0.));
#5795=DIRECTION('',(0.81125006384394,-0.584699353440041,0.));
#5796=DIRECTION('',(0.81125006384394,-0.584699353440041,0.));
#5797=DIRECTION('',(0.,0.,1.));
#5798=DIRECTION('center_axis',(-0.42316341129014,-0.906053379964609,0.));
#5799=DIRECTION('ref_axis',(0.906053379964609,-0.42316341129014,0.));
#5800=DIRECTION('',(0.906053379964609,-0.42316341129014,0.));
#5801=DIRECTION('',(0.906053379964609,-0.42316341129014,0.));
#5802=DIRECTION('',(0.,0.,1.));
#5803=DIRECTION('center_axis',(-0.00155352853422669,-0.999998793273819,
0.));
#5804=DIRECTION('ref_axis',(0.999998793273819,-0.00155352853422669,0.));
#5805=DIRECTION('',(0.999998793273818,-0.00155352853422669,0.));
#5806=DIRECTION('',(0.999998793273818,-0.00155352853422669,0.));
#5807=DIRECTION('',(0.,0.,1.));
#5808=DIRECTION('center_axis',(-1.,0.,0.));
#5809=DIRECTION('ref_axis',(0.,-1.,0.));
#5810=DIRECTION('',(0.,-1.,0.));
#5811=DIRECTION('',(0.,-1.,0.));
#5812=DIRECTION('',(0.,0.,1.));
#5813=DIRECTION('center_axis',(0.,0.,1.));
#5814=DIRECTION('ref_axis',(0.999999999935795,-1.13317955562419E-5,0.));
#5815=DIRECTION('center_axis',(0.,0.,-1.));
#5816=DIRECTION('ref_axis',(0.999999999935795,-1.13317955562419E-5,0.));
#5817=DIRECTION('center_axis',(0.,0.,-1.));
#5818=DIRECTION('ref_axis',(0.999999999935795,-1.13317955562419E-5,0.));
#5819=DIRECTION('',(0.,0.,1.));
#5820=DIRECTION('center_axis',(-3.81465319842574E-15,-1.,0.));
#5821=DIRECTION('ref_axis',(1.,-3.81465319842574E-15,0.));
#5822=DIRECTION('',(1.,-3.81465319842574E-15,0.));
#5823=DIRECTION('',(1.,-3.81465319842574E-15,0.));
#5824=DIRECTION('center_axis',(0.,0.,1.));
#5825=DIRECTION('ref_axis',(-1.,0.,0.));
#5826=DIRECTION('center_axis',(0.,0.,-1.));
#5827=DIRECTION('ref_axis',(-1.,0.,0.));
#5828=DIRECTION('',(0.,0.,-1.));
#5829=DIRECTION('center_axis',(0.,0.,-1.));
#5830=DIRECTION('ref_axis',(-1.,0.,0.));
#5831=DIRECTION('center_axis',(0.,-1.,0.));
#5832=DIRECTION('ref_axis',(1.,0.,0.));
#5833=DIRECTION('',(1.,0.,0.));
#5834=DIRECTION('',(0.,0.,1.));
#5835=DIRECTION('',(1.,0.,0.));
#5836=DIRECTION('',(0.,0.,1.));
#5837=DIRECTION('center_axis',(-1.,0.,0.));
#5838=DIRECTION('ref_axis',(0.,-1.,0.));
#5839=DIRECTION('',(0.,-1.,0.));
#5840=DIRECTION('',(0.,-1.,0.));
#5841=DIRECTION('',(0.,0.,1.));
#5842=DIRECTION('center_axis',(8.88178419700125E-17,1.,0.));
#5843=DIRECTION('ref_axis',(-1.,8.88178419700125E-17,0.));
#5844=DIRECTION('',(-1.,8.88178419700125E-17,0.));
#5845=DIRECTION('',(-1.,8.88178419700125E-17,0.));
#5846=DIRECTION('',(0.,0.,1.));
#5847=DIRECTION('center_axis',(1.,0.,0.));
#5848=DIRECTION('ref_axis',(0.,1.,0.));
#5849=DIRECTION('',(0.,1.,0.));
#5850=DIRECTION('',(0.,1.,0.));
#5851=DIRECTION('center_axis',(0.,0.,1.));
#5852=DIRECTION('ref_axis',(-1.,0.,0.));
#5853=DIRECTION('center_axis',(0.,0.,1.));
#5854=DIRECTION('ref_axis',(-1.,0.,0.));
#5855=DIRECTION('',(0.,0.,1.));
#5856=DIRECTION('',(1.,0.,0.));
#5857=DIRECTION('',(0.,0.,1.));
#5858=DIRECTION('',(1.,0.,0.));
#5859=CARTESIAN_POINT('',(0.,0.,0.));
#5860=CARTESIAN_POINT('',(0.,0.,0.));
#5861=CARTESIAN_POINT('',(0.,0.,0.));
#5862=CARTESIAN_POINT('Origin',(172.99999932015,-65.99999932015,11.51));
#5863=CARTESIAN_POINT('',(172.939999999991,-66.,11.51));
#5864=CARTESIAN_POINT('',(173.,-65.9399999999912,11.51));
#5865=CARTESIAN_POINT('Origin',(172.99999932015,-65.99999932015,11.51));
#5866=CARTESIAN_POINT('',(173.,-65.9399999999912,14.51));
#5867=CARTESIAN_POINT('',(173.,-65.9399999999912,11.51));
#5868=CARTESIAN_POINT('',(172.939999999991,-66.,14.51));
#5869=CARTESIAN_POINT('Origin',(172.99999932015,-65.99999932015,14.51));
#5870=CARTESIAN_POINT('',(172.939999999991,-66.,11.51));
#5871=CARTESIAN_POINT('Origin',(172.94,-78.,11.51));
#5872=CARTESIAN_POINT('',(172.94,-78.,11.51));
#5873=CARTESIAN_POINT('',(172.939999999991,-66.,11.51));
#5874=CARTESIAN_POINT('',(172.94,-78.,14.51));
#5875=CARTESIAN_POINT('',(172.939999999991,-66.,14.51));
#5876=CARTESIAN_POINT('',(172.94,-78.,11.51));
#5877=CARTESIAN_POINT('Origin',(172.99999932015,-78.00000067984,11.51));
#5878=CARTESIAN_POINT('',(173.,-78.0599999999988,11.51));
#5879=CARTESIAN_POINT('Origin',(172.99999932015,-78.00000067984,11.51));
#5880=CARTESIAN_POINT('',(173.,-78.0599999999988,14.51));
#5881=CARTESIAN_POINT('Origin',(172.99999932015,-78.00000067984,14.51));
#5882=CARTESIAN_POINT('',(173.,-78.0599999999988,11.51));
#5883=CARTESIAN_POINT('Origin',(211.,-78.06,11.51));
#5884=CARTESIAN_POINT('',(211.,-78.06,11.51));
#5885=CARTESIAN_POINT('',(173.,-78.0599999999988,11.51));
#5886=CARTESIAN_POINT('',(211.,-78.06,14.51));
#5887=CARTESIAN_POINT('',(173.,-78.0599999999988,14.51));
#5888=CARTESIAN_POINT('',(211.,-78.06,11.51));
#5889=CARTESIAN_POINT('Origin',(211.00000067984,-78.00000067984,11.51));
#5890=CARTESIAN_POINT('',(211.059999999999,-78.,11.51));
#5891=CARTESIAN_POINT('Origin',(211.00000067984,-78.00000067984,11.51));
#5892=CARTESIAN_POINT('',(211.059999999999,-78.,14.51));
#5893=CARTESIAN_POINT('Origin',(211.00000067984,-78.00000067984,14.51));
#5894=CARTESIAN_POINT('',(211.059999999999,-78.,11.51));
#5895=CARTESIAN_POINT('Origin',(211.06,-66.,11.51));
#5896=CARTESIAN_POINT('',(211.06,-66.,11.51));
#5897=CARTESIAN_POINT('',(211.059999999999,-78.,11.51));
#5898=CARTESIAN_POINT('',(211.06,-66.,14.51));
#5899=CARTESIAN_POINT('',(211.059999999999,-78.,14.51));
#5900=CARTESIAN_POINT('',(211.06,-66.,11.51));
#5901=CARTESIAN_POINT('Origin',(211.00000067984,-65.99999932015,11.51));
#5902=CARTESIAN_POINT('',(211.,-65.9399999999912,11.51));
#5903=CARTESIAN_POINT('Origin',(211.00000067984,-65.99999932015,11.51));
#5904=CARTESIAN_POINT('',(211.,-65.9399999999912,14.51));
#5905=CARTESIAN_POINT('Origin',(211.00000067984,-65.99999932015,14.51));
#5906=CARTESIAN_POINT('',(211.,-65.9399999999912,11.51));
#5907=CARTESIAN_POINT('Origin',(173.,-65.9399999999912,11.51));
#5908=CARTESIAN_POINT('',(211.,-65.9399999999912,11.51));
#5909=CARTESIAN_POINT('',(211.,-65.9399999999912,14.51));
#5910=CARTESIAN_POINT('Origin',(194.43499932015,-81.01499932015,11.51));
#5911=CARTESIAN_POINT('',(194.374999999991,-81.015,11.51));
#5912=CARTESIAN_POINT('',(194.435,-80.9549999999912,11.51));
#5913=CARTESIAN_POINT('Origin',(194.43499932015,-81.01499932015,11.51));
#5914=CARTESIAN_POINT('',(194.435,-80.9549999999912,14.51));
#5915=CARTESIAN_POINT('',(194.435,-80.9549999999912,11.51));
#5916=CARTESIAN_POINT('',(194.374999999991,-81.015,14.51));
#5917=CARTESIAN_POINT('Origin',(194.43499932015,-81.01499932015,14.51));
#5918=CARTESIAN_POINT('',(194.374999999991,-81.015,11.51));
#5919=CARTESIAN_POINT('Origin',(194.375,-94.985,11.51));
#5920=CARTESIAN_POINT('',(194.375,-94.985,11.51));
#5921=CARTESIAN_POINT('',(194.374999999991,-81.015,11.51));
#5922=CARTESIAN_POINT('',(194.375,-94.985,14.51));
#5923=CARTESIAN_POINT('',(194.374999999991,-81.015,14.51));
#5924=CARTESIAN_POINT('',(194.375,-94.985,11.51));
#5925=CARTESIAN_POINT('Origin',(194.43499932015,-94.98500067984,11.51));
#5926=CARTESIAN_POINT('',(194.435,-95.0449999999988,11.51));
#5927=CARTESIAN_POINT('Origin',(194.43499932015,-94.98500067984,11.51));
#5928=CARTESIAN_POINT('',(194.435,-95.0449999999988,14.51));
#5929=CARTESIAN_POINT('Origin',(194.43499932015,-94.98500067984,14.51));
#5930=CARTESIAN_POINT('',(194.435,-95.0449999999988,11.51));
#5931=CARTESIAN_POINT('Origin',(208.405,-95.045,11.51));
#5932=CARTESIAN_POINT('',(208.405,-95.045,11.51));
#5933=CARTESIAN_POINT('',(194.435,-95.0449999999988,11.51));
#5934=CARTESIAN_POINT('',(208.405,-95.045,14.51));
#5935=CARTESIAN_POINT('',(194.435,-95.0449999999988,14.51));
#5936=CARTESIAN_POINT('',(208.405,-95.045,11.51));
#5937=CARTESIAN_POINT('Origin',(208.40500067984,-94.98500067984,11.51));
#5938=CARTESIAN_POINT('',(208.464999999999,-94.985,11.51));
#5939=CARTESIAN_POINT('Origin',(208.40500067984,-94.98500067984,11.51));
#5940=CARTESIAN_POINT('',(208.464999999999,-94.985,14.51));
#5941=CARTESIAN_POINT('Origin',(208.40500067984,-94.98500067984,14.51));
#5942=CARTESIAN_POINT('',(208.464999999999,-94.985,11.51));
#5943=CARTESIAN_POINT('Origin',(208.465,-94.452219,11.51));
#5944=CARTESIAN_POINT('',(208.465,-94.452219,11.51));
#5945=CARTESIAN_POINT('',(208.464999999999,-94.985,11.51));
#5946=CARTESIAN_POINT('',(208.465,-94.452219,14.51));
#5947=CARTESIAN_POINT('',(208.464999999999,-94.985,14.51));
#5948=CARTESIAN_POINT('',(208.465,-94.452219,11.51));
#5949=CARTESIAN_POINT('Origin',(208.881413,-94.450298,11.51));
#5950=CARTESIAN_POINT('',(208.881413,-94.450298,11.51));
#5951=CARTESIAN_POINT('',(208.465,-94.452219,11.51));
#5952=CARTESIAN_POINT('',(208.881413,-94.450298,14.51));
#5953=CARTESIAN_POINT('',(208.465,-94.452219,14.51));
#5954=CARTESIAN_POINT('',(208.881413,-94.450298,11.51));
#5955=CARTESIAN_POINT('Origin',(208.861904,-94.352219,11.51));
#5956=CARTESIAN_POINT('',(208.881413,-94.2541399999999,11.51));
#5957=CARTESIAN_POINT('Origin',(208.861904,-94.352219,11.51));
#5958=CARTESIAN_POINT('',(208.881413,-94.2541399999999,14.51));
#5959=CARTESIAN_POINT('Origin',(208.861904,-94.352219,14.51));
#5960=CARTESIAN_POINT('',(208.881413,-94.2541399999999,11.51));
#5961=CARTESIAN_POINT('Origin',(208.484279,-94.252219,11.51));
#5962=CARTESIAN_POINT('',(208.484279,-94.252219,11.51));
#5963=CARTESIAN_POINT('',(208.881413,-94.2541399999999,11.51));
#5964=CARTESIAN_POINT('',(208.484279,-94.252219,14.51));
#5965=CARTESIAN_POINT('',(208.881413,-94.2541399999999,14.51));
#5966=CARTESIAN_POINT('',(208.484279,-94.252219,11.51));
#5967=CARTESIAN_POINT('Origin',(208.884996,-93.851501,11.51));
#5968=CARTESIAN_POINT('',(208.884996,-93.851501,11.51));
#5969=CARTESIAN_POINT('',(208.484279,-94.252219,11.51));
#5970=CARTESIAN_POINT('',(208.884996,-93.851501,14.51));
#5971=CARTESIAN_POINT('',(208.484279,-94.252219,14.51));
#5972=CARTESIAN_POINT('',(208.884996,-93.851501,11.51));
#5973=CARTESIAN_POINT('Origin',(208.901162,-93.830313,11.51));
#5974=CARTESIAN_POINT('',(208.901162,-93.830313,11.51));
#5975=CARTESIAN_POINT('',(208.884996,-93.851501,11.51));
#5976=CARTESIAN_POINT('',(208.901162,-93.830313,14.51));
#5977=CARTESIAN_POINT('',(208.884996,-93.851501,14.51));
#5978=CARTESIAN_POINT('',(208.901162,-93.830313,11.51));
#5979=CARTESIAN_POINT('Origin',(208.961119,-93.650441,11.51));
#5980=CARTESIAN_POINT('',(208.961119,-93.650441,11.51));
#5981=CARTESIAN_POINT('',(208.901162,-93.830313,11.51));
#5982=CARTESIAN_POINT('',(208.961119,-93.650441,14.51));
#5983=CARTESIAN_POINT('',(208.901162,-93.830313,14.51));
#5984=CARTESIAN_POINT('',(208.961119,-93.650441,11.51));
#5985=CARTESIAN_POINT('Origin',(208.958607,-93.519865,11.51));
#5986=CARTESIAN_POINT('',(208.958607,-93.519865,11.51));
#5987=CARTESIAN_POINT('',(208.961119,-93.650441,11.51));
#5988=CARTESIAN_POINT('',(208.958607,-93.519865,14.51));
#5989=CARTESIAN_POINT('',(208.961119,-93.650441,14.51));
#5990=CARTESIAN_POINT('',(208.958607,-93.519865,11.51));
#5991=CARTESIAN_POINT('Origin',(208.898442,-93.394339,11.51));
#5992=CARTESIAN_POINT('',(208.898442,-93.394339,11.51));
#5993=CARTESIAN_POINT('',(208.958607,-93.519865,11.51));
#5994=CARTESIAN_POINT('',(208.898442,-93.394339,14.51));
#5995=CARTESIAN_POINT('',(208.958607,-93.519865,14.51));
#5996=CARTESIAN_POINT('',(208.898442,-93.394339,11.51));
#5997=CARTESIAN_POINT('Origin',(208.822223,-93.316691,11.51));
#5998=CARTESIAN_POINT('',(208.822223,-93.316691,11.51));
#5999=CARTESIAN_POINT('',(208.898442,-93.394339,11.51));
#6000=CARTESIAN_POINT('',(208.822223,-93.316691,14.51));
#6001=CARTESIAN_POINT('',(208.898442,-93.394339,14.51));
#6002=CARTESIAN_POINT('',(208.822223,-93.316691,11.51));
#6003=CARTESIAN_POINT('Origin',(208.694257,-93.255515,11.51));
#6004=CARTESIAN_POINT('',(208.694257,-93.255515,11.51));
#6005=CARTESIAN_POINT('',(208.822223,-93.316691,11.51));
#6006=CARTESIAN_POINT('',(208.694257,-93.255515,14.51));
#6007=CARTESIAN_POINT('',(208.822223,-93.316691,14.51));
#6008=CARTESIAN_POINT('',(208.694257,-93.255515,11.51));
#6009=CARTESIAN_POINT('Origin',(208.465,-93.252219,11.51));
#6010=CARTESIAN_POINT('',(208.465,-93.252219,11.51));
#6011=CARTESIAN_POINT('',(208.694257,-93.255515,11.51));
#6012=CARTESIAN_POINT('',(208.465,-93.252219,14.51));
#6013=CARTESIAN_POINT('',(208.694257,-93.255515,14.51));
#6014=CARTESIAN_POINT('',(208.465,-93.252219,11.51));
#6015=CARTESIAN_POINT('Origin',(208.465,-81.015,11.51));
#6016=CARTESIAN_POINT('',(208.465,-81.015,11.51));
#6017=CARTESIAN_POINT('',(208.465,-93.252219,11.51));
#6018=CARTESIAN_POINT('',(208.465,-81.015,14.51));
#6019=CARTESIAN_POINT('',(208.465,-93.252219,14.51));
#6020=CARTESIAN_POINT('',(208.465,-81.015,11.51));
#6021=CARTESIAN_POINT('Origin',(208.40500067984,-81.01499932015,11.51));
#6022=CARTESIAN_POINT('',(208.405,-80.9549999999912,11.51));
#6023=CARTESIAN_POINT('Origin',(208.40500067984,-81.01499932015,11.51));
#6024=CARTESIAN_POINT('',(208.405,-80.9549999999912,14.51));
#6025=CARTESIAN_POINT('Origin',(208.40500067984,-81.01499932015,14.51));
#6026=CARTESIAN_POINT('',(208.405,-80.9549999999912,11.51));
#6027=CARTESIAN_POINT('Origin',(194.435,-80.9549999999912,11.51));
#6028=CARTESIAN_POINT('',(208.405,-80.9549999999912,11.51));
#6029=CARTESIAN_POINT('',(208.405,-80.9549999999912,14.51));
#6030=CARTESIAN_POINT('Origin',(175.43499932015,-119.0149993201,11.51));
#6031=CARTESIAN_POINT('',(175.374999999991,-119.015,11.51));
#6032=CARTESIAN_POINT('',(175.435,-118.954999999941,11.51));
#6033=CARTESIAN_POINT('Origin',(175.43499932015,-119.0149993201,11.51));
#6034=CARTESIAN_POINT('',(175.435,-118.954999999941,14.51));
#6035=CARTESIAN_POINT('',(175.435,-118.954999999941,11.51));
#6036=CARTESIAN_POINT('',(175.374999999991,-119.015,14.51));
#6037=CARTESIAN_POINT('Origin',(175.43499932015,-119.0149993201,14.51));
#6038=CARTESIAN_POINT('',(175.374999999991,-119.015,11.51));
#6039=CARTESIAN_POINT('Origin',(175.375,-132.985,11.51));
#6040=CARTESIAN_POINT('',(175.375,-132.985,11.51));
#6041=CARTESIAN_POINT('',(175.374999999991,-119.015,11.51));
#6042=CARTESIAN_POINT('',(175.375,-132.985,14.51));
#6043=CARTESIAN_POINT('',(175.374999999991,-119.015,14.51));
#6044=CARTESIAN_POINT('',(175.375,-132.985,11.51));
#6045=CARTESIAN_POINT('Origin',(175.43499932015,-132.9850006798,11.51));
#6046=CARTESIAN_POINT('',(175.435,-133.044999999959,11.51));
#6047=CARTESIAN_POINT('Origin',(175.43499932015,-132.9850006798,11.51));
#6048=CARTESIAN_POINT('',(175.435,-133.044999999959,14.51));
#6049=CARTESIAN_POINT('Origin',(175.43499932015,-132.9850006798,14.51));
#6050=CARTESIAN_POINT('',(175.435,-133.044999999959,11.51));
#6051=CARTESIAN_POINT('Origin',(189.405,-133.045,11.51));
#6052=CARTESIAN_POINT('',(189.405,-133.045,11.51));
#6053=CARTESIAN_POINT('',(175.435,-133.044999999959,11.51));
#6054=CARTESIAN_POINT('',(189.405,-133.045,14.51));
#6055=CARTESIAN_POINT('',(175.435,-133.044999999959,14.51));
#6056=CARTESIAN_POINT('',(189.405,-133.045,11.51));
#6057=CARTESIAN_POINT('Origin',(189.40500067984,-132.9850006798,11.51));
#6058=CARTESIAN_POINT('',(189.464999999999,-132.985,11.51));
#6059=CARTESIAN_POINT('Origin',(189.40500067984,-132.9850006798,11.51));
#6060=CARTESIAN_POINT('',(189.464999999999,-132.985,14.51));
#6061=CARTESIAN_POINT('Origin',(189.40500067984,-132.9850006798,14.51));
#6062=CARTESIAN_POINT('',(189.464999999999,-132.985,11.51));
#6063=CARTESIAN_POINT('Origin',(189.465,-131.305061,11.51));
#6064=CARTESIAN_POINT('',(189.465,-131.305061,11.51));
#6065=CARTESIAN_POINT('',(189.464999999999,-132.985,11.51));
#6066=CARTESIAN_POINT('',(189.465,-131.305061,14.51));
#6067=CARTESIAN_POINT('',(189.464999999999,-132.985,14.51));
#6068=CARTESIAN_POINT('',(189.465,-131.305061,11.51));
#6069=CARTESIAN_POINT('Origin',(189.857868,-131.305061,11.51));
#6070=CARTESIAN_POINT('',(189.857868,-131.305061,11.51));
#6071=CARTESIAN_POINT('',(189.465,-131.305061,11.51));
#6072=CARTESIAN_POINT('',(189.857868,-131.305061,14.51));
#6073=CARTESIAN_POINT('',(189.465,-131.305061,14.51));
#6074=CARTESIAN_POINT('',(189.857868,-131.305061,11.51));
#6075=CARTESIAN_POINT('Origin',(189.483117,-132.184357,11.51));
#6076=CARTESIAN_POINT('',(189.483117,-132.184357,11.51));
#6077=CARTESIAN_POINT('',(189.857868,-131.305061,11.51));
#6078=CARTESIAN_POINT('',(189.483117,-132.184357,14.51));
#6079=CARTESIAN_POINT('',(189.857868,-131.305061,14.51));
#6080=CARTESIAN_POINT('',(189.483117,-132.184357,11.51));
#6081=CARTESIAN_POINT('Origin',(189.58095096005,-132.2050610259,11.51));
#6082=CARTESIAN_POINT('',(189.663414999954,-132.261627999968,11.51));
#6083=CARTESIAN_POINT('Origin',(189.58095096005,-132.2050610259,11.51));
#6084=CARTESIAN_POINT('',(189.663414999954,-132.261627999968,14.51));
#6085=CARTESIAN_POINT('Origin',(189.58095096005,-132.2050610259,14.51));
#6086=CARTESIAN_POINT('',(189.663414999954,-132.261627999968,11.51));
#6087=CARTESIAN_POINT('Origin',(190.107356,-131.225765,11.51));
#6088=CARTESIAN_POINT('',(190.107356,-131.225765,11.51));
#6089=CARTESIAN_POINT('',(189.663414999954,-132.261627999968,11.51));
#6090=CARTESIAN_POINT('',(190.107356,-131.225765,14.51));
#6091=CARTESIAN_POINT('',(189.663414999954,-132.261627999968,14.51));
#6092=CARTESIAN_POINT('',(190.107356,-131.225765,11.51));
#6093=CARTESIAN_POINT('Origin',(190.00952146999,-131.2050623448,11.51));
#6094=CARTESIAN_POINT('',(190.030225000014,-131.107227999934,11.51));
#6095=CARTESIAN_POINT('Origin',(190.00952146999,-131.2050623448,11.51));
#6096=CARTESIAN_POINT('',(190.030225000014,-131.107227999934,14.51));
#6097=CARTESIAN_POINT('Origin',(190.00952146999,-131.2050623448,14.51));
#6098=CARTESIAN_POINT('',(190.030225000014,-131.107227999934,11.51));
#6099=CARTESIAN_POINT('Origin',(189.465,-131.105061,11.51));
#6100=CARTESIAN_POINT('',(189.465,-131.105061,11.51));
#6101=CARTESIAN_POINT('',(190.030225000014,-131.107227999934,11.51));
#6102=CARTESIAN_POINT('',(189.465,-131.105061,14.51));
#6103=CARTESIAN_POINT('',(190.030225000014,-131.107227999934,14.51));
#6104=CARTESIAN_POINT('',(189.465,-131.105061,11.51));
#6105=CARTESIAN_POINT('Origin',(189.465,-119.015,11.51));
#6106=CARTESIAN_POINT('',(189.465,-119.015,11.51));
#6107=CARTESIAN_POINT('',(189.465,-131.105061,11.51));
#6108=CARTESIAN_POINT('',(189.465,-119.015,14.51));
#6109=CARTESIAN_POINT('',(189.465,-131.105061,14.51));
#6110=CARTESIAN_POINT('',(189.465,-119.015,11.51));
#6111=CARTESIAN_POINT('Origin',(189.40500067984,-119.0149993201,11.51));
#6112=CARTESIAN_POINT('',(189.405,-118.954999999941,11.51));
#6113=CARTESIAN_POINT('Origin',(189.40500067984,-119.0149993201,11.51));
#6114=CARTESIAN_POINT('',(189.405,-118.954999999941,14.51));
#6115=CARTESIAN_POINT('Origin',(189.40500067984,-119.0149993201,14.51));
#6116=CARTESIAN_POINT('',(189.405,-118.954999999941,11.51));
#6117=CARTESIAN_POINT('Origin',(175.435,-118.954999999941,11.51));
#6118=CARTESIAN_POINT('',(189.405,-118.954999999941,11.51));
#6119=CARTESIAN_POINT('',(189.405,-118.954999999941,14.51));
#6120=CARTESIAN_POINT('Origin',(194.43499932015,-100.0149993201,11.51));
#6121=CARTESIAN_POINT('',(194.374999999991,-100.015,11.51));
#6122=CARTESIAN_POINT('',(194.435,-99.9549999999412,11.51));
#6123=CARTESIAN_POINT('Origin',(194.43499932015,-100.0149993201,11.51));
#6124=CARTESIAN_POINT('',(194.435,-99.9549999999412,14.51));
#6125=CARTESIAN_POINT('',(194.435,-99.9549999999412,11.51));
#6126=CARTESIAN_POINT('',(194.374999999991,-100.015,14.51));
#6127=CARTESIAN_POINT('Origin',(194.43499932015,-100.0149993201,14.51));
#6128=CARTESIAN_POINT('',(194.374999999991,-100.015,11.51));
#6129=CARTESIAN_POINT('Origin',(194.375,-113.985,11.51));
#6130=CARTESIAN_POINT('',(194.375,-113.985,11.51));
#6131=CARTESIAN_POINT('',(194.374999999991,-100.015,11.51));
#6132=CARTESIAN_POINT('',(194.375,-113.985,14.51));
#6133=CARTESIAN_POINT('',(194.374999999991,-100.015,14.51));
#6134=CARTESIAN_POINT('',(194.375,-113.985,11.51));
#6135=CARTESIAN_POINT('Origin',(194.43499932015,-113.9850006798,11.51));
#6136=CARTESIAN_POINT('',(194.435,-114.044999999959,11.51));
#6137=CARTESIAN_POINT('Origin',(194.43499932015,-113.9850006798,11.51));
#6138=CARTESIAN_POINT('',(194.435,-114.044999999959,14.51));
#6139=CARTESIAN_POINT('Origin',(194.43499932015,-113.9850006798,14.51));
#6140=CARTESIAN_POINT('',(194.435,-114.044999999959,11.51));
#6141=CARTESIAN_POINT('Origin',(208.405,-114.045,11.51));
#6142=CARTESIAN_POINT('',(208.405,-114.045,11.51));
#6143=CARTESIAN_POINT('',(194.435,-114.044999999959,11.51));
#6144=CARTESIAN_POINT('',(208.405,-114.045,14.51));
#6145=CARTESIAN_POINT('',(194.435,-114.044999999959,14.51));
#6146=CARTESIAN_POINT('',(208.405,-114.045,11.51));
#6147=CARTESIAN_POINT('Origin',(208.40500067984,-113.9850006798,11.51));
#6148=CARTESIAN_POINT('',(208.464999999999,-113.985,11.51));
#6149=CARTESIAN_POINT('Origin',(208.40500067984,-113.9850006798,11.51));
#6150=CARTESIAN_POINT('',(208.464999999999,-113.985,14.51));
#6151=CARTESIAN_POINT('Origin',(208.40500067984,-113.9850006798,14.51));
#6152=CARTESIAN_POINT('',(208.464999999999,-113.985,11.51));
#6153=CARTESIAN_POINT('Origin',(208.465,-113.452219,11.51));
#6154=CARTESIAN_POINT('',(208.465,-113.452219,11.51));
#6155=CARTESIAN_POINT('',(208.464999999999,-113.985,11.51));
#6156=CARTESIAN_POINT('',(208.465,-113.452219,14.51));
#6157=CARTESIAN_POINT('',(208.464999999999,-113.985,14.51));
#6158=CARTESIAN_POINT('',(208.465,-113.452219,11.51));
#6159=CARTESIAN_POINT('Origin',(208.694257,-113.448922,11.51));
#6160=CARTESIAN_POINT('',(208.694257,-113.448922,11.51));
#6161=CARTESIAN_POINT('',(208.465,-113.452219,11.51));
#6162=CARTESIAN_POINT('',(208.694257,-113.448922,14.51));
#6163=CARTESIAN_POINT('',(208.465,-113.452219,14.51));
#6164=CARTESIAN_POINT('',(208.694257,-113.448922,11.51));
#6165=CARTESIAN_POINT('Origin',(208.819782,-113.388758,11.51));
#6166=CARTESIAN_POINT('',(208.819782,-113.388758,11.51));
#6167=CARTESIAN_POINT('',(208.694257,-113.448922,11.51));
#6168=CARTESIAN_POINT('',(208.819782,-113.388758,14.51));
#6169=CARTESIAN_POINT('',(208.694257,-113.448922,14.51));
#6170=CARTESIAN_POINT('',(208.819782,-113.388758,11.51));
#6171=CARTESIAN_POINT('Origin',(208.884996,-113.32769,11.51));
#6172=CARTESIAN_POINT('',(208.884996,-113.32769,11.51));
#6173=CARTESIAN_POINT('',(208.819782,-113.388758,11.51));
#6174=CARTESIAN_POINT('',(208.884996,-113.32769,14.51));
#6175=CARTESIAN_POINT('',(208.819782,-113.388758,14.51));
#6176=CARTESIAN_POINT('',(208.884996,-113.32769,11.51));
#6177=CARTESIAN_POINT('Origin',(208.903728,-113.301701,11.51));
#6178=CARTESIAN_POINT('',(208.903728,-113.301701,11.51));
#6179=CARTESIAN_POINT('',(208.884996,-113.32769,11.51));
#6180=CARTESIAN_POINT('',(208.903728,-113.301701,14.51));
#6181=CARTESIAN_POINT('',(208.884996,-113.32769,14.51));
#6182=CARTESIAN_POINT('',(208.903728,-113.301701,11.51));
#6183=CARTESIAN_POINT('Origin',(208.959983,-113.181251,11.51));
#6184=CARTESIAN_POINT('',(208.959983,-113.181251,11.51));
#6185=CARTESIAN_POINT('',(208.903728,-113.301701,11.51));
#6186=CARTESIAN_POINT('',(208.959983,-113.181251,14.51));
#6187=CARTESIAN_POINT('',(208.903728,-113.301701,14.51));
#6188=CARTESIAN_POINT('',(208.959983,-113.181251,11.51));
#6189=CARTESIAN_POINT('Origin',(208.961904,-112.923647,11.51));
#6190=CARTESIAN_POINT('',(208.961904,-112.923647,11.51));
#6191=CARTESIAN_POINT('',(208.959983,-113.181251,11.51));
#6192=CARTESIAN_POINT('',(208.961904,-112.923647,14.51));
#6193=CARTESIAN_POINT('',(208.959983,-113.181251,14.51));
#6194=CARTESIAN_POINT('',(208.961904,-112.923647,11.51));
#6195=CARTESIAN_POINT('Origin',(208.958607,-112.900817,11.51));
#6196=CARTESIAN_POINT('',(208.958607,-112.900817,11.51));
#6197=CARTESIAN_POINT('',(208.961904,-112.923647,11.51));
#6198=CARTESIAN_POINT('',(208.958607,-112.900817,14.51));
#6199=CARTESIAN_POINT('',(208.961904,-112.923647,14.51));
#6200=CARTESIAN_POINT('',(208.958607,-112.900817,11.51));
#6201=CARTESIAN_POINT('Origin',(208.898442,-112.775291,11.51));
#6202=CARTESIAN_POINT('',(208.898442,-112.775291,11.51));
#6203=CARTESIAN_POINT('',(208.958607,-112.900817,11.51));
#6204=CARTESIAN_POINT('',(208.898442,-112.775291,14.51));
#6205=CARTESIAN_POINT('',(208.958607,-112.900817,14.51));
#6206=CARTESIAN_POINT('',(208.898442,-112.775291,11.51));
#6207=CARTESIAN_POINT('Origin',(208.822223,-112.697643,11.51));
#6208=CARTESIAN_POINT('',(208.822223,-112.697643,11.51));
#6209=CARTESIAN_POINT('',(208.898442,-112.775291,11.51));
#6210=CARTESIAN_POINT('',(208.822223,-112.697643,14.51));
#6211=CARTESIAN_POINT('',(208.898442,-112.775291,14.51));
#6212=CARTESIAN_POINT('',(208.822223,-112.697643,11.51));
#6213=CARTESIAN_POINT('Origin',(208.694257,-112.636467,11.51));
#6214=CARTESIAN_POINT('',(208.694257,-112.636467,11.51));
#6215=CARTESIAN_POINT('',(208.822223,-112.697643,11.51));
#6216=CARTESIAN_POINT('',(208.694257,-112.636467,14.51));
#6217=CARTESIAN_POINT('',(208.822223,-112.697643,14.51));
#6218=CARTESIAN_POINT('',(208.694257,-112.636467,11.51));
#6219=CARTESIAN_POINT('Origin',(208.465,-112.633171,11.51));
#6220=CARTESIAN_POINT('',(208.465,-112.633171,11.51));
#6221=CARTESIAN_POINT('',(208.694257,-112.636467,11.51));
#6222=CARTESIAN_POINT('',(208.465,-112.633171,14.51));
#6223=CARTESIAN_POINT('',(208.694257,-112.636467,14.51));
#6224=CARTESIAN_POINT('',(208.465,-112.633171,11.51));
#6225=CARTESIAN_POINT('Origin',(208.465,-112.452219,11.51));
#6226=CARTESIAN_POINT('',(208.465,-112.452219,11.51));
#6227=CARTESIAN_POINT('',(208.465,-112.633171,11.51));
#6228=CARTESIAN_POINT('',(208.465,-112.452219,14.51));
#6229=CARTESIAN_POINT('',(208.465,-112.633171,14.51));
#6230=CARTESIAN_POINT('',(208.465,-112.452219,11.51));
#6231=CARTESIAN_POINT('Origin',(208.833794,-112.450298,11.51));
#6232=CARTESIAN_POINT('',(208.833794,-112.450298,11.51));
#6233=CARTESIAN_POINT('',(208.465,-112.452219,11.51));
#6234=CARTESIAN_POINT('',(208.833794,-112.450298,14.51));
#6235=CARTESIAN_POINT('',(208.465,-112.452219,14.51));
#6236=CARTESIAN_POINT('',(208.833794,-112.450298,11.51));
#6237=CARTESIAN_POINT('Origin',(208.814285,-112.352219,11.51));
#6238=CARTESIAN_POINT('',(208.833794,-112.25414,11.51));
#6239=CARTESIAN_POINT('Origin',(208.814285,-112.352219,11.51));
#6240=CARTESIAN_POINT('',(208.833794,-112.25414,14.51));
#6241=CARTESIAN_POINT('Origin',(208.814285,-112.352219,14.51));
#6242=CARTESIAN_POINT('',(208.833794,-112.25414,11.51));
#6243=CARTESIAN_POINT('Origin',(208.465,-112.252219,11.51));
#6244=CARTESIAN_POINT('',(208.465,-112.252219,11.51));
#6245=CARTESIAN_POINT('',(208.833794,-112.25414,11.51));
#6246=CARTESIAN_POINT('',(208.465,-112.252219,14.51));
#6247=CARTESIAN_POINT('',(208.833794,-112.25414,14.51));
#6248=CARTESIAN_POINT('',(208.465,-112.252219,11.51));
#6249=CARTESIAN_POINT('Origin',(208.465,-100.015,11.51));
#6250=CARTESIAN_POINT('',(208.465,-100.015,11.51));
#6251=CARTESIAN_POINT('',(208.465,-112.252219,11.51));
#6252=CARTESIAN_POINT('',(208.465,-100.015,14.51));
#6253=CARTESIAN_POINT('',(208.465,-112.252219,14.51));
#6254=CARTESIAN_POINT('',(208.465,-100.015,11.51));
#6255=CARTESIAN_POINT('Origin',(208.40500067984,-100.0149993201,11.51));
#6256=CARTESIAN_POINT('',(208.405,-99.9549999999412,11.51));
#6257=CARTESIAN_POINT('Origin',(208.40500067984,-100.0149993201,11.51));
#6258=CARTESIAN_POINT('',(208.405,-99.9549999999412,14.51));
#6259=CARTESIAN_POINT('Origin',(208.40500067984,-100.0149993201,14.51));
#6260=CARTESIAN_POINT('',(208.405,-99.9549999999412,11.51));
#6261=CARTESIAN_POINT('Origin',(194.435,-99.9549999999412,11.51));
#6262=CARTESIAN_POINT('',(208.405,-99.9549999999412,11.51));
#6263=CARTESIAN_POINT('',(208.405,-99.9549999999412,14.51));
#6264=CARTESIAN_POINT('Origin',(157.5,-38.,11.51));
#6265=CARTESIAN_POINT('',(158.95,-38.,14.51));
#6266=CARTESIAN_POINT('Origin',(157.5,-38.,14.51));
#6267=CARTESIAN_POINT('',(158.95,-38.,11.51));
#6268=CARTESIAN_POINT('',(158.95,-38.,11.51));
#6269=CARTESIAN_POINT('Origin',(157.5,-38.,11.51));
#6270=CARTESIAN_POINT('Origin',(247.5,-38.,11.51));
#6271=CARTESIAN_POINT('',(248.95,-38.,14.51));
#6272=CARTESIAN_POINT('Origin',(247.5,-38.,14.51));
#6273=CARTESIAN_POINT('',(248.95,-38.,11.51));
#6274=CARTESIAN_POINT('',(248.95,-38.,11.51));
#6275=CARTESIAN_POINT('Origin',(247.5,-38.,11.51));
#6276=CARTESIAN_POINT('Origin',(213.43499932015,-100.0149993201,11.51));
#6277=CARTESIAN_POINT('',(213.374999999991,-100.015,11.51));
#6278=CARTESIAN_POINT('',(213.435,-99.9549999999412,11.51));
#6279=CARTESIAN_POINT('Origin',(213.43499932015,-100.0149993201,11.51));
#6280=CARTESIAN_POINT('',(213.435,-99.9549999999412,14.51));
#6281=CARTESIAN_POINT('',(213.435,-99.9549999999412,11.51));
#6282=CARTESIAN_POINT('',(213.374999999991,-100.015,14.51));
#6283=CARTESIAN_POINT('Origin',(213.43499932015,-100.0149993201,14.51));
#6284=CARTESIAN_POINT('',(213.374999999991,-100.015,11.51));
#6285=CARTESIAN_POINT('Origin',(213.375,-113.985,11.51));
#6286=CARTESIAN_POINT('',(213.375,-113.985,11.51));
#6287=CARTESIAN_POINT('',(213.374999999991,-100.015,11.51));
#6288=CARTESIAN_POINT('',(213.375,-113.985,14.51));
#6289=CARTESIAN_POINT('',(213.374999999991,-100.015,14.51));
#6290=CARTESIAN_POINT('',(213.375,-113.985,11.51));
#6291=CARTESIAN_POINT('Origin',(213.43499932015,-113.9850006798,11.51));
#6292=CARTESIAN_POINT('',(213.435,-114.044999999959,11.51));
#6293=CARTESIAN_POINT('Origin',(213.43499932015,-113.9850006798,11.51));
#6294=CARTESIAN_POINT('',(213.435,-114.044999999959,14.51));
#6295=CARTESIAN_POINT('Origin',(213.43499932015,-113.9850006798,14.51));
#6296=CARTESIAN_POINT('',(213.435,-114.044999999959,11.51));
#6297=CARTESIAN_POINT('Origin',(227.405,-114.045,11.51));
#6298=CARTESIAN_POINT('',(227.405,-114.045,11.51));
#6299=CARTESIAN_POINT('',(213.435,-114.044999999959,11.51));
#6300=CARTESIAN_POINT('',(227.405,-114.045,14.51));
#6301=CARTESIAN_POINT('',(213.435,-114.044999999959,14.51));
#6302=CARTESIAN_POINT('',(227.405,-114.045,11.51));
#6303=CARTESIAN_POINT('Origin',(227.40500067984,-113.9850006798,11.51));
#6304=CARTESIAN_POINT('',(227.464999999999,-113.985,11.51));
#6305=CARTESIAN_POINT('Origin',(227.40500067984,-113.9850006798,11.51));
#6306=CARTESIAN_POINT('',(227.464999999999,-113.985,14.51));
#6307=CARTESIAN_POINT('Origin',(227.40500067984,-113.9850006798,14.51));
#6308=CARTESIAN_POINT('',(227.464999999999,-113.985,11.51));
#6309=CARTESIAN_POINT('Origin',(227.465,-113.450648,11.51));
#6310=CARTESIAN_POINT('',(227.465,-113.450648,11.51));
#6311=CARTESIAN_POINT('',(227.464999999999,-113.985,11.51));
#6312=CARTESIAN_POINT('',(227.465,-113.450648,14.51));
#6313=CARTESIAN_POINT('',(227.464999999999,-113.985,14.51));
#6314=CARTESIAN_POINT('',(227.465,-113.450648,11.51));
#6315=CARTESIAN_POINT('Origin',(227.480952,-113.452219,11.51));
#6316=CARTESIAN_POINT('',(227.480952,-113.452219,11.51));
#6317=CARTESIAN_POINT('',(227.465,-113.450648,11.51));
#6318=CARTESIAN_POINT('',(227.480952,-113.452219,14.51));
#6319=CARTESIAN_POINT('',(227.465,-113.450648,14.51));
#6320=CARTESIAN_POINT('',(227.480952,-113.452219,11.51));
#6321=CARTESIAN_POINT('Origin',(227.694257,-113.448922,11.51));
#6322=CARTESIAN_POINT('',(227.694257,-113.448922,11.51));
#6323=CARTESIAN_POINT('',(227.480952,-113.452219,11.51));
#6324=CARTESIAN_POINT('',(227.694257,-113.448922,14.51));
#6325=CARTESIAN_POINT('',(227.480952,-113.452219,14.51));
#6326=CARTESIAN_POINT('',(227.694257,-113.448922,11.51));
#6327=CARTESIAN_POINT('Origin',(227.819782,-113.388758,11.51));
#6328=CARTESIAN_POINT('',(227.819782,-113.388758,11.51));
#6329=CARTESIAN_POINT('',(227.694257,-113.448922,11.51));
#6330=CARTESIAN_POINT('',(227.819782,-113.388758,14.51));
#6331=CARTESIAN_POINT('',(227.694257,-113.448922,14.51));
#6332=CARTESIAN_POINT('',(227.819782,-113.388758,11.51));
#6333=CARTESIAN_POINT('Origin',(227.884996,-113.32769,11.51));
#6334=CARTESIAN_POINT('',(227.884996,-113.32769,11.51));
#6335=CARTESIAN_POINT('',(227.819782,-113.388758,11.51));
#6336=CARTESIAN_POINT('',(227.884996,-113.32769,14.51));
#6337=CARTESIAN_POINT('',(227.819782,-113.388758,14.51));
#6338=CARTESIAN_POINT('',(227.884996,-113.32769,11.51));
#6339=CARTESIAN_POINT('Origin',(227.903728,-113.301701,11.51));
#6340=CARTESIAN_POINT('',(227.903728,-113.301701,11.51));
#6341=CARTESIAN_POINT('',(227.884996,-113.32769,11.51));
#6342=CARTESIAN_POINT('',(227.903728,-113.301701,14.51));
#6343=CARTESIAN_POINT('',(227.884996,-113.32769,14.51));
#6344=CARTESIAN_POINT('',(227.903728,-113.301701,11.51));
#6345=CARTESIAN_POINT('Origin',(227.959983,-113.181251,11.51));
#6346=CARTESIAN_POINT('',(227.959983,-113.181251,11.51));
#6347=CARTESIAN_POINT('',(227.903728,-113.301701,11.51));
#6348=CARTESIAN_POINT('',(227.959983,-113.181251,14.51));
#6349=CARTESIAN_POINT('',(227.903728,-113.301701,14.51));
#6350=CARTESIAN_POINT('',(227.959983,-113.181251,11.51));
#6351=CARTESIAN_POINT('Origin',(227.961904,-112.923647,11.51));
#6352=CARTESIAN_POINT('',(227.961904,-112.923647,11.51));
#6353=CARTESIAN_POINT('',(227.959983,-113.181251,11.51));
#6354=CARTESIAN_POINT('',(227.961904,-112.923647,14.51));
#6355=CARTESIAN_POINT('',(227.959983,-113.181251,14.51));
#6356=CARTESIAN_POINT('',(227.961904,-112.923647,11.51));
#6357=CARTESIAN_POINT('Origin',(227.958607,-112.900817,11.51));
#6358=CARTESIAN_POINT('',(227.958607,-112.900817,11.51));
#6359=CARTESIAN_POINT('',(227.961904,-112.923647,11.51));
#6360=CARTESIAN_POINT('',(227.958607,-112.900817,14.51));
#6361=CARTESIAN_POINT('',(227.961904,-112.923647,14.51));
#6362=CARTESIAN_POINT('',(227.958607,-112.900817,11.51));
#6363=CARTESIAN_POINT('Origin',(227.898442,-112.775291,11.51));
#6364=CARTESIAN_POINT('',(227.898442,-112.775291,11.51));
#6365=CARTESIAN_POINT('',(227.958607,-112.900817,11.51));
#6366=CARTESIAN_POINT('',(227.898442,-112.775291,14.51));
#6367=CARTESIAN_POINT('',(227.958607,-112.900817,14.51));
#6368=CARTESIAN_POINT('',(227.898442,-112.775291,11.51));
#6369=CARTESIAN_POINT('Origin',(227.837377,-112.710079,11.51));
#6370=CARTESIAN_POINT('',(227.837377,-112.710079,11.51));
#6371=CARTESIAN_POINT('',(227.898442,-112.775291,11.51));
#6372=CARTESIAN_POINT('',(227.837377,-112.710079,14.51));
#6373=CARTESIAN_POINT('',(227.898442,-112.775291,14.51));
#6374=CARTESIAN_POINT('',(227.837377,-112.710079,11.51));
#6375=CARTESIAN_POINT('Origin',(227.811387,-112.691347,11.51));
#6376=CARTESIAN_POINT('',(227.811387,-112.691347,11.51));
#6377=CARTESIAN_POINT('',(227.837377,-112.710079,11.51));
#6378=CARTESIAN_POINT('',(227.811387,-112.691347,14.51));
#6379=CARTESIAN_POINT('',(227.837377,-112.710079,14.51));
#6380=CARTESIAN_POINT('',(227.811387,-112.691347,11.51));
#6381=CARTESIAN_POINT('Origin',(227.690937,-112.635092,11.51));
#6382=CARTESIAN_POINT('',(227.690937,-112.635092,11.51));
#6383=CARTESIAN_POINT('',(227.811387,-112.691347,11.51));
#6384=CARTESIAN_POINT('',(227.690937,-112.635092,14.51));
#6385=CARTESIAN_POINT('',(227.811387,-112.691347,14.51));
#6386=CARTESIAN_POINT('',(227.690937,-112.635092,11.51));
#6387=CARTESIAN_POINT('Origin',(227.465,-112.634741,11.51));
#6388=CARTESIAN_POINT('',(227.465,-112.634741,11.51));
#6389=CARTESIAN_POINT('',(227.690937,-112.635092,11.51));
#6390=CARTESIAN_POINT('',(227.465,-112.634741,14.51));
#6391=CARTESIAN_POINT('',(227.690937,-112.635092,14.51));
#6392=CARTESIAN_POINT('',(227.465,-112.634741,11.51));
#6393=CARTESIAN_POINT('Origin',(227.465,-112.580233,11.51));
#6394=CARTESIAN_POINT('',(227.465,-112.580233,11.51));
#6395=CARTESIAN_POINT('',(227.465,-112.634741,11.51));
#6396=CARTESIAN_POINT('',(227.465,-112.580233,14.51));
#6397=CARTESIAN_POINT('',(227.465,-112.634741,14.51));
#6398=CARTESIAN_POINT('',(227.465,-112.580233,11.51));
#6399=CARTESIAN_POINT('Origin',(227.511044,-112.511167,11.51));
#6400=CARTESIAN_POINT('',(227.511044,-112.511167,11.51));
#6401=CARTESIAN_POINT('',(227.465,-112.580233,11.51));
#6402=CARTESIAN_POINT('',(227.511044,-112.511167,14.51));
#6403=CARTESIAN_POINT('',(227.465,-112.580233,14.51));
#6404=CARTESIAN_POINT('',(227.511044,-112.511167,11.51));
#6405=CARTESIAN_POINT('Origin',(227.540187,-112.482023,11.51));
#6406=CARTESIAN_POINT('',(227.540187,-112.482023,11.51));
#6407=CARTESIAN_POINT('',(227.511044,-112.511167,11.51));
#6408=CARTESIAN_POINT('',(227.540187,-112.482023,14.51));
#6409=CARTESIAN_POINT('',(227.511044,-112.511167,14.51));
#6410=CARTESIAN_POINT('',(227.540187,-112.482023,11.51));
#6411=CARTESIAN_POINT('Origin',(227.599797,-112.452219,11.51));
#6412=CARTESIAN_POINT('',(227.599797,-112.452219,11.51));
#6413=CARTESIAN_POINT('',(227.540187,-112.482023,11.51));
#6414=CARTESIAN_POINT('',(227.599797,-112.452219,14.51));
#6415=CARTESIAN_POINT('',(227.540187,-112.482023,14.51));
#6416=CARTESIAN_POINT('',(227.599797,-112.452219,11.51));
#6417=CARTESIAN_POINT('Origin',(227.786175,-112.450298,11.51));
#6418=CARTESIAN_POINT('',(227.786175,-112.450298,11.51));
#6419=CARTESIAN_POINT('',(227.599797,-112.452219,11.51));
#6420=CARTESIAN_POINT('',(227.786175,-112.450298,14.51));
#6421=CARTESIAN_POINT('',(227.599797,-112.452219,14.51));
#6422=CARTESIAN_POINT('',(227.786175,-112.450298,11.51));
#6423=CARTESIAN_POINT('Origin',(227.766666,-112.352219,11.51));
#6424=CARTESIAN_POINT('',(227.786175,-112.25414,11.51));
#6425=CARTESIAN_POINT('Origin',(227.766666,-112.352219,11.51));
#6426=CARTESIAN_POINT('',(227.786175,-112.25414,14.51));
#6427=CARTESIAN_POINT('Origin',(227.766666,-112.352219,14.51));
#6428=CARTESIAN_POINT('',(227.786175,-112.25414,11.51));
#6429=CARTESIAN_POINT('Origin',(227.556681,-112.25414,11.51));
#6430=CARTESIAN_POINT('',(227.556681,-112.25414,11.51));
#6431=CARTESIAN_POINT('',(227.786175,-112.25414,11.51));
#6432=CARTESIAN_POINT('',(227.556681,-112.25414,14.51));
#6433=CARTESIAN_POINT('',(227.786175,-112.25414,14.51));
#6434=CARTESIAN_POINT('',(227.556681,-112.25414,11.51));
#6435=CARTESIAN_POINT('Origin',(227.465,-112.29601,11.51));
#6436=CARTESIAN_POINT('',(227.465,-112.29601,11.51));
#6437=CARTESIAN_POINT('',(227.556681,-112.25414,11.51));
#6438=CARTESIAN_POINT('',(227.465,-112.29601,14.51));
#6439=CARTESIAN_POINT('',(227.556681,-112.25414,14.51));
#6440=CARTESIAN_POINT('',(227.465,-112.29601,11.51));
#6441=CARTESIAN_POINT('Origin',(227.465,-100.015,11.51));
#6442=CARTESIAN_POINT('',(227.465,-100.015,11.51));
#6443=CARTESIAN_POINT('',(227.465,-112.29601,11.51));
#6444=CARTESIAN_POINT('',(227.465,-100.015,14.51));
#6445=CARTESIAN_POINT('',(227.465,-112.29601,14.51));
#6446=CARTESIAN_POINT('',(227.465,-100.015,11.51));
#6447=CARTESIAN_POINT('Origin',(227.40500067984,-100.0149993201,11.51));
#6448=CARTESIAN_POINT('',(227.405,-99.9549999999412,11.51));
#6449=CARTESIAN_POINT('Origin',(227.40500067984,-100.0149993201,11.51));
#6450=CARTESIAN_POINT('',(227.405,-99.9549999999412,14.51));
#6451=CARTESIAN_POINT('Origin',(227.40500067984,-100.0149993201,14.51));
#6452=CARTESIAN_POINT('',(227.405,-99.9549999999412,11.51));
#6453=CARTESIAN_POINT('Origin',(213.435,-99.9549999999412,11.51));
#6454=CARTESIAN_POINT('',(227.405,-99.9549999999412,11.51));
#6455=CARTESIAN_POINT('',(227.405,-99.9549999999412,14.51));
#6456=CARTESIAN_POINT('Origin',(175.39499932015,-100.0149993201,11.51));
#6457=CARTESIAN_POINT('',(175.334999999991,-100.015,11.51));
#6458=CARTESIAN_POINT('',(175.395,-99.9549999999413,11.51));
#6459=CARTESIAN_POINT('Origin',(175.39499932015,-100.0149993201,11.51));
#6460=CARTESIAN_POINT('',(175.395,-99.9549999999413,14.51));
#6461=CARTESIAN_POINT('',(175.395,-99.9549999999413,11.51));
#6462=CARTESIAN_POINT('',(175.334999999991,-100.015,14.51));
#6463=CARTESIAN_POINT('Origin',(175.39499932015,-100.0149993201,14.51));
#6464=CARTESIAN_POINT('',(175.334999999991,-100.015,11.51));
#6465=CARTESIAN_POINT('Origin',(175.335,-113.985,11.51));
#6466=CARTESIAN_POINT('',(175.335,-113.985,11.51));
#6467=CARTESIAN_POINT('',(175.334999999991,-100.015,11.51));
#6468=CARTESIAN_POINT('',(175.335,-113.985,14.51));
#6469=CARTESIAN_POINT('',(175.334999999991,-100.015,14.51));
#6470=CARTESIAN_POINT('',(175.335,-113.985,11.51));
#6471=CARTESIAN_POINT('Origin',(175.39499932015,-113.9850006798,11.51));
#6472=CARTESIAN_POINT('',(175.395,-114.044999999959,11.51));
#6473=CARTESIAN_POINT('Origin',(175.39499932015,-113.9850006798,11.51));
#6474=CARTESIAN_POINT('',(175.395,-114.044999999959,14.51));
#6475=CARTESIAN_POINT('Origin',(175.39499932015,-113.9850006798,14.51));
#6476=CARTESIAN_POINT('',(175.395,-114.044999999959,11.51));
#6477=CARTESIAN_POINT('Origin',(189.365,-114.045,11.51));
#6478=CARTESIAN_POINT('',(189.365,-114.045,11.51));
#6479=CARTESIAN_POINT('',(175.395,-114.044999999959,11.51));
#6480=CARTESIAN_POINT('',(189.365,-114.045,14.51));
#6481=CARTESIAN_POINT('',(175.395,-114.044999999959,14.51));
#6482=CARTESIAN_POINT('',(189.365,-114.045,11.51));
#6483=CARTESIAN_POINT('Origin',(189.36500067984,-113.9850006798,11.51));
#6484=CARTESIAN_POINT('',(189.424999999999,-113.985,11.51));
#6485=CARTESIAN_POINT('Origin',(189.36500067984,-113.9850006798,11.51));
#6486=CARTESIAN_POINT('',(189.424999999999,-113.985,14.51));
#6487=CARTESIAN_POINT('Origin',(189.36500067984,-113.9850006798,14.51));
#6488=CARTESIAN_POINT('',(189.424999999999,-113.985,11.51));
#6489=CARTESIAN_POINT('Origin',(189.425,-113.118885,11.51));
#6490=CARTESIAN_POINT('',(189.425,-113.118885,11.51));
#6491=CARTESIAN_POINT('',(189.424999999999,-113.985,11.51));
#6492=CARTESIAN_POINT('',(189.425,-113.118885,14.51));
#6493=CARTESIAN_POINT('',(189.424999999999,-113.985,14.51));
#6494=CARTESIAN_POINT('',(189.425,-113.118885,11.51));
#6495=CARTESIAN_POINT('Origin',(189.666666,-113.118885,11.51));
#6496=CARTESIAN_POINT('',(189.666666,-113.118885,11.51));
#6497=CARTESIAN_POINT('',(189.425,-113.118885,11.51));
#6498=CARTESIAN_POINT('',(189.666666,-113.118885,14.51));
#6499=CARTESIAN_POINT('',(189.425,-113.118885,14.51));
#6500=CARTESIAN_POINT('',(189.666666,-113.118885,11.51));
#6501=CARTESIAN_POINT('Origin',(189.668587,-113.371728,11.51));
#6502=CARTESIAN_POINT('',(189.668587,-113.371728,11.51));
#6503=CARTESIAN_POINT('',(189.666666,-113.118885,11.51));
#6504=CARTESIAN_POINT('',(189.668587,-113.371728,14.51));
#6505=CARTESIAN_POINT('',(189.666666,-113.118885,14.51));
#6506=CARTESIAN_POINT('',(189.668587,-113.371728,11.51));
#6507=CARTESIAN_POINT('Origin',(189.766666,-113.352219,11.51));
#6508=CARTESIAN_POINT('',(189.864745,-113.371728,11.51));
#6509=CARTESIAN_POINT('Origin',(189.766666,-113.352219,11.51));
#6510=CARTESIAN_POINT('',(189.864745,-113.371728,14.51));
#6511=CARTESIAN_POINT('Origin',(189.766666,-113.352219,14.51));
#6512=CARTESIAN_POINT('',(189.864745,-113.371728,11.51));
#6513=CARTESIAN_POINT('Origin',(189.866666,-113.118885,11.51));
#6514=CARTESIAN_POINT('',(189.866666,-113.118885,11.51));
#6515=CARTESIAN_POINT('',(189.864745,-113.371728,11.51));
#6516=CARTESIAN_POINT('',(189.866666,-113.118885,14.51));
#6517=CARTESIAN_POINT('',(189.864745,-113.371728,14.51));
#6518=CARTESIAN_POINT('',(189.866666,-113.118885,11.51));
#6519=CARTESIAN_POINT('Origin',(189.929032,-113.116964,11.51));
#6520=CARTESIAN_POINT('',(189.929032,-113.116964,11.51));
#6521=CARTESIAN_POINT('',(189.866666,-113.118885,11.51));
#6522=CARTESIAN_POINT('',(189.929032,-113.116964,14.51));
#6523=CARTESIAN_POINT('',(189.866666,-113.118885,14.51));
#6524=CARTESIAN_POINT('',(189.929032,-113.116964,11.51));
#6525=CARTESIAN_POINT('Origin',(189.909523,-113.018885,11.51));
#6526=CARTESIAN_POINT('',(189.929032,-112.920806,11.51));
#6527=CARTESIAN_POINT('Origin',(189.909523,-113.018885,11.51));
#6528=CARTESIAN_POINT('',(189.929032,-112.920806,14.51));
#6529=CARTESIAN_POINT('Origin',(189.909523,-113.018885,14.51));
#6530=CARTESIAN_POINT('',(189.929032,-112.920806,11.51));
#6531=CARTESIAN_POINT('Origin',(189.866666,-112.918885,11.51));
#6532=CARTESIAN_POINT('',(189.866666,-112.918885,11.51));
#6533=CARTESIAN_POINT('',(189.929032,-112.920806,11.51));
#6534=CARTESIAN_POINT('',(189.866666,-112.918885,14.51));
#6535=CARTESIAN_POINT('',(189.929032,-112.920806,14.51));
#6536=CARTESIAN_POINT('',(189.866666,-112.918885,11.51));
#6537=CARTESIAN_POINT('Origin',(189.864745,-112.666043,11.51));
#6538=CARTESIAN_POINT('',(189.864745,-112.666043,11.51));
#6539=CARTESIAN_POINT('',(189.866666,-112.918885,11.51));
#6540=CARTESIAN_POINT('',(189.864745,-112.666043,14.51));
#6541=CARTESIAN_POINT('',(189.866666,-112.918885,14.51));
#6542=CARTESIAN_POINT('',(189.864745,-112.666043,11.51));
#6543=CARTESIAN_POINT('Origin',(189.766666,-112.685552,11.51));
#6544=CARTESIAN_POINT('',(189.668587,-112.666043,11.51));
#6545=CARTESIAN_POINT('Origin',(189.766666,-112.685552,11.51));
#6546=CARTESIAN_POINT('',(189.668587,-112.666043,14.51));
#6547=CARTESIAN_POINT('Origin',(189.766666,-112.685552,14.51));
#6548=CARTESIAN_POINT('',(189.668587,-112.666043,11.51));
#6549=CARTESIAN_POINT('Origin',(189.666666,-112.918885,11.51));
#6550=CARTESIAN_POINT('',(189.666666,-112.918885,11.51));
#6551=CARTESIAN_POINT('',(189.668587,-112.666043,11.51));
#6552=CARTESIAN_POINT('',(189.666666,-112.918885,14.51));
#6553=CARTESIAN_POINT('',(189.668587,-112.666043,14.51));
#6554=CARTESIAN_POINT('',(189.666666,-112.918885,11.51));
#6555=CARTESIAN_POINT('Origin',(189.429218,-112.918885,11.51));
#6556=CARTESIAN_POINT('',(189.429218,-112.918885,11.51));
#6557=CARTESIAN_POINT('',(189.666666,-112.918885,11.51));
#6558=CARTESIAN_POINT('',(189.429218,-112.918885,14.51));
#6559=CARTESIAN_POINT('',(189.666666,-112.918885,14.51));
#6560=CARTESIAN_POINT('',(189.429218,-112.918885,11.51));
#6561=CARTESIAN_POINT('Origin',(189.627786,-112.317108,11.51));
#6562=CARTESIAN_POINT('',(189.627786,-112.317108,11.51));
#6563=CARTESIAN_POINT('',(189.429218,-112.918885,11.51));
#6564=CARTESIAN_POINT('',(189.627786,-112.317108,14.51));
#6565=CARTESIAN_POINT('',(189.429218,-112.918885,14.51));
#6566=CARTESIAN_POINT('',(189.627786,-112.317108,11.51));
#6567=CARTESIAN_POINT('Origin',(189.5285706801,-112.3046003602,11.51));
#6568=CARTESIAN_POINT('',(189.441693999986,-112.255076999992,11.51));
#6569=CARTESIAN_POINT('Origin',(189.5285706801,-112.3046003602,11.51));
#6570=CARTESIAN_POINT('',(189.441693999986,-112.255076999992,14.51));
#6571=CARTESIAN_POINT('Origin',(189.5285706801,-112.3046003602,14.51));
#6572=CARTESIAN_POINT('',(189.441693999986,-112.255076999992,11.51));
#6573=CARTESIAN_POINT('Origin',(189.425,-112.299086,11.51));
#6574=CARTESIAN_POINT('',(189.425,-112.299086,11.51));
#6575=CARTESIAN_POINT('',(189.441693999986,-112.255076999992,11.51));
#6576=CARTESIAN_POINT('',(189.425,-112.299086,14.51));
#6577=CARTESIAN_POINT('',(189.441693999986,-112.255076999992,14.51));
#6578=CARTESIAN_POINT('',(189.425,-112.299086,11.51));
#6579=CARTESIAN_POINT('Origin',(189.425,-100.015,11.51));
#6580=CARTESIAN_POINT('',(189.425,-100.015,11.51));
#6581=CARTESIAN_POINT('',(189.425,-112.299086,11.51));
#6582=CARTESIAN_POINT('',(189.425,-100.015,14.51));
#6583=CARTESIAN_POINT('',(189.425,-112.299086,14.51));
#6584=CARTESIAN_POINT('',(189.425,-100.015,11.51));
#6585=CARTESIAN_POINT('Origin',(189.36500067984,-100.0149993201,11.51));
#6586=CARTESIAN_POINT('',(189.365,-99.9549999999412,11.51));
#6587=CARTESIAN_POINT('Origin',(189.36500067984,-100.0149993201,11.51));
#6588=CARTESIAN_POINT('',(189.365,-99.9549999999412,14.51));
#6589=CARTESIAN_POINT('Origin',(189.36500067984,-100.0149993201,14.51));
#6590=CARTESIAN_POINT('',(189.365,-99.9549999999412,11.51));
#6591=CARTESIAN_POINT('Origin',(175.395,-99.9549999999413,11.51));
#6592=CARTESIAN_POINT('',(189.365,-99.9549999999412,11.51));
#6593=CARTESIAN_POINT('',(189.365,-99.9549999999412,14.51));
#6594=CARTESIAN_POINT('Origin',(157.5,-148.,11.51));
#6595=CARTESIAN_POINT('',(158.95,-148.,14.51));
#6596=CARTESIAN_POINT('Origin',(157.5,-148.,14.51));
#6597=CARTESIAN_POINT('',(158.95,-148.,11.51));
#6598=CARTESIAN_POINT('',(158.95,-148.,11.51));
#6599=CARTESIAN_POINT('Origin',(157.5,-148.,11.51));
#6600=CARTESIAN_POINT('Origin',(247.5,-148.,11.51));
#6601=CARTESIAN_POINT('',(248.95,-148.,14.51));
#6602=CARTESIAN_POINT('Origin',(247.5,-148.,14.51));
#6603=CARTESIAN_POINT('',(248.95,-148.,11.51));
#6604=CARTESIAN_POINT('',(248.95,-148.,11.51));
#6605=CARTESIAN_POINT('Origin',(247.5,-148.,11.51));
#6606=CARTESIAN_POINT('Origin',(175.43499932015,-81.01499932015,11.51));
#6607=CARTESIAN_POINT('',(175.374999999991,-81.015,11.51));
#6608=CARTESIAN_POINT('',(175.435,-80.9549999999912,11.51));
#6609=CARTESIAN_POINT('Origin',(175.43499932015,-81.01499932015,11.51));
#6610=CARTESIAN_POINT('',(175.435,-80.9549999999912,14.51));
#6611=CARTESIAN_POINT('',(175.435,-80.9549999999912,11.51));
#6612=CARTESIAN_POINT('',(175.374999999991,-81.015,14.51));
#6613=CARTESIAN_POINT('Origin',(175.43499932015,-81.01499932015,14.51));
#6614=CARTESIAN_POINT('',(175.374999999991,-81.015,11.51));
#6615=CARTESIAN_POINT('Origin',(175.375,-94.985,11.51));
#6616=CARTESIAN_POINT('',(175.375,-94.985,11.51));
#6617=CARTESIAN_POINT('',(175.374999999991,-81.015,11.51));
#6618=CARTESIAN_POINT('',(175.375,-94.985,14.51));
#6619=CARTESIAN_POINT('',(175.374999999991,-81.015,14.51));
#6620=CARTESIAN_POINT('',(175.375,-94.985,11.51));
#6621=CARTESIAN_POINT('Origin',(175.43499932015,-94.98500067984,11.51));
#6622=CARTESIAN_POINT('',(175.435,-95.0449999999988,11.51));
#6623=CARTESIAN_POINT('Origin',(175.43499932015,-94.98500067984,11.51));
#6624=CARTESIAN_POINT('',(175.435,-95.0449999999988,14.51));
#6625=CARTESIAN_POINT('Origin',(175.43499932015,-94.98500067984,14.51));
#6626=CARTESIAN_POINT('',(175.435,-95.0449999999988,11.51));
#6627=CARTESIAN_POINT('Origin',(189.405,-95.045,11.51));
#6628=CARTESIAN_POINT('',(189.405,-95.045,11.51));
#6629=CARTESIAN_POINT('',(175.435,-95.0449999999988,11.51));
#6630=CARTESIAN_POINT('',(189.405,-95.045,14.51));
#6631=CARTESIAN_POINT('',(175.435,-95.0449999999988,14.51));
#6632=CARTESIAN_POINT('',(189.405,-95.045,11.51));
#6633=CARTESIAN_POINT('Origin',(189.40500067984,-94.98500067984,11.51));
#6634=CARTESIAN_POINT('',(189.464999999999,-94.985,11.51));
#6635=CARTESIAN_POINT('Origin',(189.40500067984,-94.98500067984,11.51));
#6636=CARTESIAN_POINT('',(189.464999999999,-94.985,14.51));
#6637=CARTESIAN_POINT('Origin',(189.40500067984,-94.98500067984,14.51));
#6638=CARTESIAN_POINT('',(189.464999999999,-94.985,11.51));
#6639=CARTESIAN_POINT('Origin',(189.465,-94.452219,11.51));
#6640=CARTESIAN_POINT('',(189.465,-94.452219,11.51));
#6641=CARTESIAN_POINT('',(189.464999999999,-94.985,11.51));
#6642=CARTESIAN_POINT('',(189.465,-94.452219,14.51));
#6643=CARTESIAN_POINT('',(189.464999999999,-94.985,14.51));
#6644=CARTESIAN_POINT('',(189.465,-94.452219,11.51));
#6645=CARTESIAN_POINT('Origin',(189.881413,-94.450298,11.51));
#6646=CARTESIAN_POINT('',(189.881413,-94.450298,11.51));
#6647=CARTESIAN_POINT('',(189.465,-94.452219,11.51));
#6648=CARTESIAN_POINT('',(189.881413,-94.450298,14.51));
#6649=CARTESIAN_POINT('',(189.465,-94.452219,14.51));
#6650=CARTESIAN_POINT('',(189.881413,-94.450298,11.51));
#6651=CARTESIAN_POINT('Origin',(189.861904,-94.352219,11.51));
#6652=CARTESIAN_POINT('',(189.881413,-94.25414,11.51));
#6653=CARTESIAN_POINT('Origin',(189.861904,-94.352219,11.51));
#6654=CARTESIAN_POINT('',(189.881413,-94.25414,14.51));
#6655=CARTESIAN_POINT('Origin',(189.861904,-94.352219,14.51));
#6656=CARTESIAN_POINT('',(189.881413,-94.25414,11.51));
#6657=CARTESIAN_POINT('Origin',(189.67619,-94.252219,11.51));
#6658=CARTESIAN_POINT('',(189.67619,-94.252219,11.51));
#6659=CARTESIAN_POINT('',(189.881413,-94.25414,11.51));
#6660=CARTESIAN_POINT('',(189.67619,-94.252219,14.51));
#6661=CARTESIAN_POINT('',(189.881413,-94.25414,14.51));
#6662=CARTESIAN_POINT('',(189.67619,-94.252219,11.51));
#6663=CARTESIAN_POINT('Origin',(189.67619,-93.352219,11.51));
#6664=CARTESIAN_POINT('',(189.67619,-93.352219,11.51));
#6665=CARTESIAN_POINT('',(189.67619,-94.252219,11.51));
#6666=CARTESIAN_POINT('',(189.67619,-93.352219,14.51));
#6667=CARTESIAN_POINT('',(189.67619,-94.252219,14.51));
#6668=CARTESIAN_POINT('',(189.67619,-93.352219,11.51));
#6669=CARTESIAN_POINT('Origin',(189.57619027271,-93.35221761868,11.51));
#6670=CARTESIAN_POINT('',(189.505404999997,-93.2815819999975,11.51));
#6671=CARTESIAN_POINT('Origin',(189.57619027271,-93.35221761868,11.51));
#6672=CARTESIAN_POINT('',(189.505404999997,-93.2815819999975,14.51));
#6673=CARTESIAN_POINT('Origin',(189.57619027271,-93.35221761868,14.51));
#6674=CARTESIAN_POINT('',(189.505404999997,-93.2815819999975,11.51));
#6675=CARTESIAN_POINT('Origin',(189.465,-93.338726,11.51));
#6676=CARTESIAN_POINT('',(189.465,-93.338726,11.51));
#6677=CARTESIAN_POINT('',(189.505404999997,-93.2815819999975,11.51));
#6678=CARTESIAN_POINT('',(189.465,-93.338726,14.51));
#6679=CARTESIAN_POINT('',(189.505404999997,-93.2815819999975,14.51));
#6680=CARTESIAN_POINT('',(189.465,-93.338726,11.51));
#6681=CARTESIAN_POINT('Origin',(189.465,-81.015,11.51));
#6682=CARTESIAN_POINT('',(189.465,-81.015,11.51));
#6683=CARTESIAN_POINT('',(189.465,-93.338726,11.51));
#6684=CARTESIAN_POINT('',(189.465,-81.015,14.51));
#6685=CARTESIAN_POINT('',(189.465,-93.338726,14.51));
#6686=CARTESIAN_POINT('',(189.465,-81.015,11.51));
#6687=CARTESIAN_POINT('Origin',(189.40500067984,-81.01499932015,11.51));
#6688=CARTESIAN_POINT('',(189.405,-80.9549999999913,11.51));
#6689=CARTESIAN_POINT('Origin',(189.40500067984,-81.01499932015,11.51));
#6690=CARTESIAN_POINT('',(189.405,-80.9549999999913,14.51));
#6691=CARTESIAN_POINT('Origin',(189.40500067984,-81.01499932015,14.51));
#6692=CARTESIAN_POINT('',(189.405,-80.9549999999913,11.51));
#6693=CARTESIAN_POINT('Origin',(175.435,-80.9549999999912,11.51));
#6694=CARTESIAN_POINT('',(189.405,-80.9549999999913,11.51));
#6695=CARTESIAN_POINT('',(189.405,-80.9549999999913,14.51));
#6696=CARTESIAN_POINT('Origin',(213.43499932015,-81.01499932015,11.51));
#6697=CARTESIAN_POINT('',(213.374999999991,-81.015,11.51));
#6698=CARTESIAN_POINT('',(213.435,-80.9549999999912,11.51));
#6699=CARTESIAN_POINT('Origin',(213.43499932015,-81.01499932015,11.51));
#6700=CARTESIAN_POINT('',(213.435,-80.9549999999912,14.51));
#6701=CARTESIAN_POINT('',(213.435,-80.9549999999912,11.51));
#6702=CARTESIAN_POINT('',(213.374999999991,-81.015,14.51));
#6703=CARTESIAN_POINT('Origin',(213.43499932015,-81.01499932015,14.51));
#6704=CARTESIAN_POINT('',(213.374999999991,-81.015,11.51));
#6705=CARTESIAN_POINT('Origin',(213.375,-94.985,11.51));
#6706=CARTESIAN_POINT('',(213.375,-94.985,11.51));
#6707=CARTESIAN_POINT('',(213.374999999991,-81.015,11.51));
#6708=CARTESIAN_POINT('',(213.375,-94.985,14.51));
#6709=CARTESIAN_POINT('',(213.374999999991,-81.015,14.51));
#6710=CARTESIAN_POINT('',(213.375,-94.985,11.51));
#6711=CARTESIAN_POINT('Origin',(213.43499932015,-94.98500067984,11.51));
#6712=CARTESIAN_POINT('',(213.435,-95.0449999999988,11.51));
#6713=CARTESIAN_POINT('Origin',(213.43499932015,-94.98500067984,11.51));
#6714=CARTESIAN_POINT('',(213.435,-95.0449999999988,14.51));
#6715=CARTESIAN_POINT('Origin',(213.43499932015,-94.98500067984,14.51));
#6716=CARTESIAN_POINT('',(213.435,-95.0449999999988,11.51));
#6717=CARTESIAN_POINT('Origin',(227.405,-95.045,11.51));
#6718=CARTESIAN_POINT('',(227.405,-95.045,11.51));
#6719=CARTESIAN_POINT('',(213.435,-95.0449999999988,11.51));
#6720=CARTESIAN_POINT('',(227.405,-95.045,14.51));
#6721=CARTESIAN_POINT('',(213.435,-95.0449999999988,14.51));
#6722=CARTESIAN_POINT('',(227.405,-95.045,11.51));
#6723=CARTESIAN_POINT('Origin',(227.40500067984,-94.98500067984,11.51));
#6724=CARTESIAN_POINT('',(227.464999999999,-94.985,11.51));
#6725=CARTESIAN_POINT('Origin',(227.40500067984,-94.98500067984,11.51));
#6726=CARTESIAN_POINT('',(227.464999999999,-94.985,14.51));
#6727=CARTESIAN_POINT('Origin',(227.40500067984,-94.98500067984,14.51));
#6728=CARTESIAN_POINT('',(227.464999999999,-94.985,11.51));
#6729=CARTESIAN_POINT('Origin',(227.465,-94.305061,11.51));
#6730=CARTESIAN_POINT('',(227.465,-94.305061,11.51));
#6731=CARTESIAN_POINT('',(227.464999999999,-94.985,11.51));
#6732=CARTESIAN_POINT('',(227.465,-94.305061,14.51));
#6733=CARTESIAN_POINT('',(227.464999999999,-94.985,14.51));
#6734=CARTESIAN_POINT('',(227.465,-94.305061,11.51));
#6735=CARTESIAN_POINT('Origin',(227.694257,-94.301764,11.51));
#6736=CARTESIAN_POINT('',(227.694257,-94.301764,11.51));
#6737=CARTESIAN_POINT('',(227.465,-94.305061,11.51));
#6738=CARTESIAN_POINT('',(227.694257,-94.301764,14.51));
#6739=CARTESIAN_POINT('',(227.465,-94.305061,14.51));
#6740=CARTESIAN_POINT('',(227.694257,-94.301764,11.51));
#6741=CARTESIAN_POINT('Origin',(227.819782,-94.2416,11.51));
#6742=CARTESIAN_POINT('',(227.819782,-94.2416,11.51));
#6743=CARTESIAN_POINT('',(227.694257,-94.301764,11.51));
#6744=CARTESIAN_POINT('',(227.819782,-94.2416,14.51));
#6745=CARTESIAN_POINT('',(227.694257,-94.301764,14.51));
#6746=CARTESIAN_POINT('',(227.819782,-94.2416,11.51));
#6747=CARTESIAN_POINT('Origin',(227.884996,-94.180532,11.51));
#6748=CARTESIAN_POINT('',(227.884996,-94.180532,11.51));
#6749=CARTESIAN_POINT('',(227.819782,-94.2416,11.51));
#6750=CARTESIAN_POINT('',(227.884996,-94.180532,14.51));
#6751=CARTESIAN_POINT('',(227.819782,-94.2416,14.51));
#6752=CARTESIAN_POINT('',(227.884996,-94.180532,11.51));
#6753=CARTESIAN_POINT('Origin',(227.903728,-94.154543,11.51));
#6754=CARTESIAN_POINT('',(227.903728,-94.154543,11.51));
#6755=CARTESIAN_POINT('',(227.884996,-94.180532,11.51));
#6756=CARTESIAN_POINT('',(227.903728,-94.154543,14.51));
#6757=CARTESIAN_POINT('',(227.884996,-94.180532,14.51));
#6758=CARTESIAN_POINT('',(227.903728,-94.154543,11.51));
#6759=CARTESIAN_POINT('Origin',(227.959983,-94.034093,11.51));
#6760=CARTESIAN_POINT('',(227.959983,-94.034093,11.51));
#6761=CARTESIAN_POINT('',(227.903728,-94.154543,11.51));
#6762=CARTESIAN_POINT('',(227.959983,-94.034093,14.51));
#6763=CARTESIAN_POINT('',(227.903728,-94.154543,14.51));
#6764=CARTESIAN_POINT('',(227.959983,-94.034093,11.51));
#6765=CARTESIAN_POINT('Origin',(227.961904,-93.776489,11.51));
#6766=CARTESIAN_POINT('',(227.961904,-93.776489,11.51));
#6767=CARTESIAN_POINT('',(227.959983,-94.034093,11.51));
#6768=CARTESIAN_POINT('',(227.961904,-93.776489,14.51));
#6769=CARTESIAN_POINT('',(227.959983,-94.034093,14.51));
#6770=CARTESIAN_POINT('',(227.961904,-93.776489,11.51));
#6771=CARTESIAN_POINT('Origin',(227.958607,-93.753659,11.51));
#6772=CARTESIAN_POINT('',(227.958607,-93.753659,11.51));
#6773=CARTESIAN_POINT('',(227.961904,-93.776489,11.51));
#6774=CARTESIAN_POINT('',(227.958607,-93.753659,14.51));
#6775=CARTESIAN_POINT('',(227.961904,-93.776489,14.51));
#6776=CARTESIAN_POINT('',(227.958607,-93.753659,11.51));
#6777=CARTESIAN_POINT('Origin',(227.898442,-93.628133,11.51));
#6778=CARTESIAN_POINT('',(227.898442,-93.628133,11.51));
#6779=CARTESIAN_POINT('',(227.958607,-93.753659,11.51));
#6780=CARTESIAN_POINT('',(227.898442,-93.628133,14.51));
#6781=CARTESIAN_POINT('',(227.958607,-93.753659,14.51));
#6782=CARTESIAN_POINT('',(227.898442,-93.628133,11.51));
#6783=CARTESIAN_POINT('Origin',(227.829706,-93.556626,11.51));
#6784=CARTESIAN_POINT('',(227.829706,-93.556626,11.51));
#6785=CARTESIAN_POINT('',(227.898442,-93.628133,11.51));
#6786=CARTESIAN_POINT('',(227.829706,-93.556626,14.51));
#6787=CARTESIAN_POINT('',(227.898442,-93.628133,14.51));
#6788=CARTESIAN_POINT('',(227.829706,-93.556626,11.51));
#6789=CARTESIAN_POINT('Origin',(227.732539,-93.504765,11.51));
#6790=CARTESIAN_POINT('',(227.732539,-93.504765,11.51));
#6791=CARTESIAN_POINT('',(227.829706,-93.556626,11.51));
#6792=CARTESIAN_POINT('',(227.732539,-93.504765,14.51));
#6793=CARTESIAN_POINT('',(227.829706,-93.556626,14.51));
#6794=CARTESIAN_POINT('',(227.732539,-93.504765,11.51));
#6795=CARTESIAN_POINT('Origin',(227.943191,-93.262477,11.51));
#6796=CARTESIAN_POINT('',(227.943191,-93.262477,11.51));
#6797=CARTESIAN_POINT('',(227.732539,-93.504765,11.51));
#6798=CARTESIAN_POINT('',(227.943191,-93.262477,14.51));
#6799=CARTESIAN_POINT('',(227.732539,-93.504765,14.51));
#6800=CARTESIAN_POINT('',(227.943191,-93.262477,11.51));
#6801=CARTESIAN_POINT('Origin',(227.86218363398,-93.20464147412,11.51));
#6802=CARTESIAN_POINT('',(227.881413,-93.1069820000012,11.51));
#6803=CARTESIAN_POINT('Origin',(227.86218363398,-93.20464147412,11.51));
#6804=CARTESIAN_POINT('',(227.881413,-93.1069820000012,14.51));
#6805=CARTESIAN_POINT('Origin',(227.86218363398,-93.20464147412,14.51));
#6806=CARTESIAN_POINT('',(227.881413,-93.1069820000012,11.51));
#6807=CARTESIAN_POINT('Origin',(227.465,-93.105061,11.51));
#6808=CARTESIAN_POINT('',(227.465,-93.105061,11.51));
#6809=CARTESIAN_POINT('',(227.881413,-93.1069820000012,11.51));
#6810=CARTESIAN_POINT('',(227.465,-93.105061,14.51));
#6811=CARTESIAN_POINT('',(227.881413,-93.1069820000012,14.51));
#6812=CARTESIAN_POINT('',(227.465,-93.105061,11.51));
#6813=CARTESIAN_POINT('Origin',(227.465,-81.015,11.51));
#6814=CARTESIAN_POINT('',(227.465,-81.015,11.51));
#6815=CARTESIAN_POINT('',(227.465,-93.105061,11.51));
#6816=CARTESIAN_POINT('',(227.465,-81.015,14.51));
#6817=CARTESIAN_POINT('',(227.465,-93.105061,14.51));
#6818=CARTESIAN_POINT('',(227.465,-81.015,11.51));
#6819=CARTESIAN_POINT('Origin',(227.40500067984,-81.01499932015,11.51));
#6820=CARTESIAN_POINT('',(227.405,-80.9549999999913,11.51));
#6821=CARTESIAN_POINT('Origin',(227.40500067984,-81.01499932015,11.51));
#6822=CARTESIAN_POINT('',(227.405,-80.9549999999913,14.51));
#6823=CARTESIAN_POINT('Origin',(227.40500067984,-81.01499932015,14.51));
#6824=CARTESIAN_POINT('',(227.405,-80.9549999999913,11.51));
#6825=CARTESIAN_POINT('Origin',(213.435,-80.9549999999912,11.51));
#6826=CARTESIAN_POINT('',(227.405,-80.9549999999913,11.51));
#6827=CARTESIAN_POINT('',(227.405,-80.9549999999913,14.51));
#6828=CARTESIAN_POINT('Origin',(194.43499932015,-119.0149993201,11.51));
#6829=CARTESIAN_POINT('',(194.374999999991,-119.015,11.51));
#6830=CARTESIAN_POINT('',(194.435,-118.954999999941,11.51));
#6831=CARTESIAN_POINT('Origin',(194.43499932015,-119.0149993201,11.51));
#6832=CARTESIAN_POINT('',(194.435,-118.954999999941,14.51));
#6833=CARTESIAN_POINT('',(194.435,-118.954999999941,11.51));
#6834=CARTESIAN_POINT('',(194.374999999991,-119.015,14.51));
#6835=CARTESIAN_POINT('Origin',(194.43499932015,-119.0149993201,14.51));
#6836=CARTESIAN_POINT('',(194.374999999991,-119.015,11.51));
#6837=CARTESIAN_POINT('Origin',(194.375,-132.985,11.51));
#6838=CARTESIAN_POINT('',(194.375,-132.985,11.51));
#6839=CARTESIAN_POINT('',(194.374999999991,-119.015,11.51));
#6840=CARTESIAN_POINT('',(194.375,-132.985,14.51));
#6841=CARTESIAN_POINT('',(194.374999999991,-119.015,14.51));
#6842=CARTESIAN_POINT('',(194.375,-132.985,11.51));
#6843=CARTESIAN_POINT('Origin',(194.43499932015,-132.9850006798,11.51));
#6844=CARTESIAN_POINT('',(194.435,-133.044999999959,11.51));
#6845=CARTESIAN_POINT('Origin',(194.43499932015,-132.9850006798,11.51));
#6846=CARTESIAN_POINT('',(194.435,-133.044999999959,14.51));
#6847=CARTESIAN_POINT('Origin',(194.43499932015,-132.9850006798,14.51));
#6848=CARTESIAN_POINT('',(194.435,-133.044999999959,11.51));
#6849=CARTESIAN_POINT('Origin',(208.405,-133.045,11.51));
#6850=CARTESIAN_POINT('',(208.405,-133.045,11.51));
#6851=CARTESIAN_POINT('',(194.435,-133.044999999959,11.51));
#6852=CARTESIAN_POINT('',(208.405,-133.045,14.51));
#6853=CARTESIAN_POINT('',(194.435,-133.044999999959,14.51));
#6854=CARTESIAN_POINT('',(208.405,-133.045,11.51));
#6855=CARTESIAN_POINT('Origin',(208.40500067984,-132.9850006798,11.51));
#6856=CARTESIAN_POINT('',(208.464999999999,-132.985,11.51));
#6857=CARTESIAN_POINT('Origin',(208.40500067984,-132.9850006798,11.51));
#6858=CARTESIAN_POINT('',(208.464999999999,-132.985,14.51));
#6859=CARTESIAN_POINT('Origin',(208.40500067984,-132.9850006798,14.51));
#6860=CARTESIAN_POINT('',(208.464999999999,-132.985,11.51));
#6861=CARTESIAN_POINT('Origin',(208.465,-132.450648,11.51));
#6862=CARTESIAN_POINT('',(208.465,-132.450648,11.51));
#6863=CARTESIAN_POINT('',(208.464999999999,-132.985,11.51));
#6864=CARTESIAN_POINT('',(208.465,-132.450648,14.51));
#6865=CARTESIAN_POINT('',(208.464999999999,-132.985,14.51));
#6866=CARTESIAN_POINT('',(208.465,-132.450648,11.51));
#6867=CARTESIAN_POINT('Origin',(208.480952,-132.452219,11.51));
#6868=CARTESIAN_POINT('',(208.480952,-132.452219,11.51));
#6869=CARTESIAN_POINT('',(208.465,-132.450648,11.51));
#6870=CARTESIAN_POINT('',(208.480952,-132.452219,14.51));
#6871=CARTESIAN_POINT('',(208.465,-132.450648,14.51));
#6872=CARTESIAN_POINT('',(208.480952,-132.452219,11.51));
#6873=CARTESIAN_POINT('Origin',(208.694257,-132.448922,11.51));
#6874=CARTESIAN_POINT('',(208.694257,-132.448922,11.51));
#6875=CARTESIAN_POINT('',(208.480952,-132.452219,11.51));
#6876=CARTESIAN_POINT('',(208.694257,-132.448922,14.51));
#6877=CARTESIAN_POINT('',(208.480952,-132.452219,14.51));
#6878=CARTESIAN_POINT('',(208.694257,-132.448922,11.51));
#6879=CARTESIAN_POINT('Origin',(208.819782,-132.388758,11.51));
#6880=CARTESIAN_POINT('',(208.819782,-132.388758,11.51));
#6881=CARTESIAN_POINT('',(208.694257,-132.448922,11.51));
#6882=CARTESIAN_POINT('',(208.819782,-132.388758,14.51));
#6883=CARTESIAN_POINT('',(208.694257,-132.448922,14.51));
#6884=CARTESIAN_POINT('',(208.819782,-132.388758,11.51));
#6885=CARTESIAN_POINT('Origin',(208.884996,-132.32769,11.51));
#6886=CARTESIAN_POINT('',(208.884996,-132.32769,11.51));
#6887=CARTESIAN_POINT('',(208.819782,-132.388758,11.51));
#6888=CARTESIAN_POINT('',(208.884996,-132.32769,14.51));
#6889=CARTESIAN_POINT('',(208.819782,-132.388758,14.51));
#6890=CARTESIAN_POINT('',(208.884996,-132.32769,11.51));
#6891=CARTESIAN_POINT('Origin',(208.55584708669,-132.0667239663,11.51));
#6892=CARTESIAN_POINT('',(208.903728000005,-131.831306999997,11.51));
#6893=CARTESIAN_POINT('Origin',(208.55584708669,-132.0667239663,11.51));
#6894=CARTESIAN_POINT('',(208.903728000005,-131.831306999997,14.51));
#6895=CARTESIAN_POINT('Origin',(208.55584708669,-132.0667239663,14.51));
#6896=CARTESIAN_POINT('',(208.903728000005,-131.831306999997,11.51));
#6897=CARTESIAN_POINT('Origin',(208.860468,-131.78079,11.51));
#6898=CARTESIAN_POINT('',(208.860468,-131.78079,11.51));
#6899=CARTESIAN_POINT('',(208.903728000005,-131.831306999997,11.51));
#6900=CARTESIAN_POINT('',(208.860468,-131.78079,14.51));
#6901=CARTESIAN_POINT('',(208.903728000005,-131.831306999997,14.51));
#6902=CARTESIAN_POINT('',(208.860468,-131.78079,11.51));
#6903=CARTESIAN_POINT('Origin',(208.903728,-131.730273,11.51));
#6904=CARTESIAN_POINT('',(208.903728,-131.730273,11.51));
#6905=CARTESIAN_POINT('',(208.860468,-131.78079,11.51));
#6906=CARTESIAN_POINT('',(208.903728,-131.730273,14.51));
#6907=CARTESIAN_POINT('',(208.860468,-131.78079,14.51));
#6908=CARTESIAN_POINT('',(208.903728,-131.730273,11.51));
#6909=CARTESIAN_POINT('Origin',(208.959983,-131.609823,11.51));
#6910=CARTESIAN_POINT('',(208.959983,-131.609823,11.51));
#6911=CARTESIAN_POINT('',(208.903728,-131.730273,11.51));
#6912=CARTESIAN_POINT('',(208.959983,-131.609823,14.51));
#6913=CARTESIAN_POINT('',(208.903728,-131.730273,14.51));
#6914=CARTESIAN_POINT('',(208.959983,-131.609823,11.51));
#6915=CARTESIAN_POINT('Origin',(208.958607,-131.519865,11.51));
#6916=CARTESIAN_POINT('',(208.958607,-131.519865,11.51));
#6917=CARTESIAN_POINT('',(208.959983,-131.609823,11.51));
#6918=CARTESIAN_POINT('',(208.958607,-131.519865,14.51));
#6919=CARTESIAN_POINT('',(208.959983,-131.609823,14.51));
#6920=CARTESIAN_POINT('',(208.958607,-131.519865,11.51));
#6921=CARTESIAN_POINT('Origin',(208.898442,-131.394339,11.51));
#6922=CARTESIAN_POINT('',(208.898442,-131.394339,11.51));
#6923=CARTESIAN_POINT('',(208.958607,-131.519865,11.51));
#6924=CARTESIAN_POINT('',(208.898442,-131.394339,14.51));
#6925=CARTESIAN_POINT('',(208.958607,-131.519865,14.51));
#6926=CARTESIAN_POINT('',(208.898442,-131.394339,11.51));
#6927=CARTESIAN_POINT('Origin',(208.837377,-131.329127,11.51));
#6928=CARTESIAN_POINT('',(208.837377,-131.329127,11.51));
#6929=CARTESIAN_POINT('',(208.898442,-131.394339,11.51));
#6930=CARTESIAN_POINT('',(208.837377,-131.329127,14.51));
#6931=CARTESIAN_POINT('',(208.898442,-131.394339,14.51));
#6932=CARTESIAN_POINT('',(208.837377,-131.329127,11.51));
#6933=CARTESIAN_POINT('Origin',(208.811387,-131.310395,11.51));
#6934=CARTESIAN_POINT('',(208.811387,-131.310395,11.51));
#6935=CARTESIAN_POINT('',(208.837377,-131.329127,11.51));
#6936=CARTESIAN_POINT('',(208.811387,-131.310395,14.51));
#6937=CARTESIAN_POINT('',(208.837377,-131.329127,14.51));
#6938=CARTESIAN_POINT('',(208.811387,-131.310395,11.51));
#6939=CARTESIAN_POINT('Origin',(208.690937,-131.25414,11.51));
#6940=CARTESIAN_POINT('',(208.690937,-131.25414,11.51));
#6941=CARTESIAN_POINT('',(208.811387,-131.310395,11.51));
#6942=CARTESIAN_POINT('',(208.690937,-131.25414,14.51));
#6943=CARTESIAN_POINT('',(208.811387,-131.310395,14.51));
#6944=CARTESIAN_POINT('',(208.690937,-131.25414,11.51));
#6945=CARTESIAN_POINT('Origin',(208.465,-131.253789,11.51));
#6946=CARTESIAN_POINT('',(208.465,-131.253789,11.51));
#6947=CARTESIAN_POINT('',(208.690937,-131.25414,11.51));
#6948=CARTESIAN_POINT('',(208.465,-131.253789,14.51));
#6949=CARTESIAN_POINT('',(208.690937,-131.25414,14.51));
#6950=CARTESIAN_POINT('',(208.465,-131.253789,11.51));
#6951=CARTESIAN_POINT('Origin',(208.465,-119.015,11.51));
#6952=CARTESIAN_POINT('',(208.465,-119.015,11.51));
#6953=CARTESIAN_POINT('',(208.465,-131.253789,11.51));
#6954=CARTESIAN_POINT('',(208.465,-119.015,14.51));
#6955=CARTESIAN_POINT('',(208.465,-131.253789,14.51));
#6956=CARTESIAN_POINT('',(208.465,-119.015,11.51));
#6957=CARTESIAN_POINT('Origin',(208.40500067984,-119.0149993201,11.51));
#6958=CARTESIAN_POINT('',(208.405,-118.954999999941,11.51));
#6959=CARTESIAN_POINT('Origin',(208.40500067984,-119.0149993201,11.51));
#6960=CARTESIAN_POINT('',(208.405,-118.954999999941,14.51));
#6961=CARTESIAN_POINT('Origin',(208.40500067984,-119.0149993201,14.51));
#6962=CARTESIAN_POINT('',(208.405,-118.954999999941,11.51));
#6963=CARTESIAN_POINT('Origin',(194.435,-118.954999999941,11.51));
#6964=CARTESIAN_POINT('',(208.405,-118.954999999941,11.51));
#6965=CARTESIAN_POINT('',(208.405,-118.954999999941,14.51));
#6966=CARTESIAN_POINT('Origin',(213.43499932015,-118.9749993201,11.51));
#6967=CARTESIAN_POINT('',(213.374999999991,-118.975,11.51));
#6968=CARTESIAN_POINT('',(213.435,-118.914999999941,11.51));
#6969=CARTESIAN_POINT('Origin',(213.43499932015,-118.9749993201,11.51));
#6970=CARTESIAN_POINT('',(213.435,-118.914999999941,14.51));
#6971=CARTESIAN_POINT('',(213.435,-118.914999999941,11.51));
#6972=CARTESIAN_POINT('',(213.374999999991,-118.975,14.51));
#6973=CARTESIAN_POINT('Origin',(213.43499932015,-118.9749993201,14.51));
#6974=CARTESIAN_POINT('',(213.374999999991,-118.975,11.51));
#6975=CARTESIAN_POINT('Origin',(213.375,-132.945,11.51));
#6976=CARTESIAN_POINT('',(213.375,-132.945,11.51));
#6977=CARTESIAN_POINT('',(213.374999999991,-118.975,11.51));
#6978=CARTESIAN_POINT('',(213.375,-132.945,14.51));
#6979=CARTESIAN_POINT('',(213.374999999991,-118.975,14.51));
#6980=CARTESIAN_POINT('',(213.375,-132.945,11.51));
#6981=CARTESIAN_POINT('Origin',(213.43499932015,-132.9450006798,11.51));
#6982=CARTESIAN_POINT('',(213.435,-133.004999999959,11.51));
#6983=CARTESIAN_POINT('Origin',(213.43499932015,-132.9450006798,11.51));
#6984=CARTESIAN_POINT('',(213.435,-133.004999999959,14.51));
#6985=CARTESIAN_POINT('Origin',(213.43499932015,-132.9450006798,14.51));
#6986=CARTESIAN_POINT('',(213.435,-133.004999999959,11.51));
#6987=CARTESIAN_POINT('Origin',(227.405,-133.005,11.51));
#6988=CARTESIAN_POINT('',(227.405,-133.005,11.51));
#6989=CARTESIAN_POINT('',(213.435,-133.004999999959,11.51));
#6990=CARTESIAN_POINT('',(227.405,-133.005,14.51));
#6991=CARTESIAN_POINT('',(213.435,-133.004999999959,14.51));
#6992=CARTESIAN_POINT('',(227.405,-133.005,11.51));
#6993=CARTESIAN_POINT('Origin',(227.40500067984,-132.9450006798,11.51));
#6994=CARTESIAN_POINT('',(227.464999999999,-132.945,11.51));
#6995=CARTESIAN_POINT('Origin',(227.40500067984,-132.9450006798,11.51));
#6996=CARTESIAN_POINT('',(227.464999999999,-132.945,14.51));
#6997=CARTESIAN_POINT('Origin',(227.40500067984,-132.9450006798,14.51));
#6998=CARTESIAN_POINT('',(227.464999999999,-132.945,11.51));
#6999=CARTESIAN_POINT('Origin',(227.465,-132.452219,11.51));
#7000=CARTESIAN_POINT('',(227.465,-132.452219,11.51));
#7001=CARTESIAN_POINT('',(227.464999999999,-132.945,11.51));
#7002=CARTESIAN_POINT('',(227.465,-132.452219,14.51));
#7003=CARTESIAN_POINT('',(227.464999999999,-132.945,14.51));
#7004=CARTESIAN_POINT('',(227.465,-132.452219,11.51));
#7005=CARTESIAN_POINT('Origin',(227.599019,-132.448922,11.51));
#7006=CARTESIAN_POINT('',(227.599019,-132.448922,11.51));
#7007=CARTESIAN_POINT('',(227.465,-132.452219,11.51));
#7008=CARTESIAN_POINT('',(227.599019,-132.448922,14.51));
#7009=CARTESIAN_POINT('',(227.465,-132.452219,14.51));
#7010=CARTESIAN_POINT('',(227.599019,-132.448922,11.51));
#7011=CARTESIAN_POINT('Origin',(227.724544,-132.388758,11.51));
#7012=CARTESIAN_POINT('',(227.724544,-132.388758,11.51));
#7013=CARTESIAN_POINT('',(227.599019,-132.448922,11.51));
#7014=CARTESIAN_POINT('',(227.724544,-132.388758,14.51));
#7015=CARTESIAN_POINT('',(227.599019,-132.448922,14.51));
#7016=CARTESIAN_POINT('',(227.724544,-132.388758,11.51));
#7017=CARTESIAN_POINT('Origin',(227.32399989678,-131.8930867124,11.51));
#7018=CARTESIAN_POINT('',(227.958917999988,-131.947900999999,11.51));
#7019=CARTESIAN_POINT('Origin',(227.32399989678,-131.8930867124,11.51));
#7020=CARTESIAN_POINT('',(227.958917999988,-131.947900999999,14.51));
#7021=CARTESIAN_POINT('Origin',(227.32399989678,-131.8930867124,14.51));
#7022=CARTESIAN_POINT('',(227.958917999988,-131.947900999999,11.51));
#7023=CARTESIAN_POINT('Origin',(227.961904,-131.542695,11.51));
#7024=CARTESIAN_POINT('',(227.961904,-131.542695,11.51));
#7025=CARTESIAN_POINT('',(227.958917999988,-131.947900999999,11.51));
#7026=CARTESIAN_POINT('',(227.961904,-131.542695,14.51));
#7027=CARTESIAN_POINT('',(227.958917999988,-131.947900999999,14.51));
#7028=CARTESIAN_POINT('',(227.961904,-131.542695,11.51));
#7029=CARTESIAN_POINT('Origin',(227.958607,-131.519865,11.51));
#7030=CARTESIAN_POINT('',(227.958607,-131.519865,11.51));
#7031=CARTESIAN_POINT('',(227.961904,-131.542695,11.51));
#7032=CARTESIAN_POINT('',(227.958607,-131.519865,14.51));
#7033=CARTESIAN_POINT('',(227.961904,-131.542695,14.51));
#7034=CARTESIAN_POINT('',(227.958607,-131.519865,11.51));
#7035=CARTESIAN_POINT('Origin',(227.898442,-131.394339,11.51));
#7036=CARTESIAN_POINT('',(227.898442,-131.394339,11.51));
#7037=CARTESIAN_POINT('',(227.958607,-131.519865,11.51));
#7038=CARTESIAN_POINT('',(227.898442,-131.394339,14.51));
#7039=CARTESIAN_POINT('',(227.958607,-131.519865,14.51));
#7040=CARTESIAN_POINT('',(227.898442,-131.394339,11.51));
#7041=CARTESIAN_POINT('Origin',(227.837377,-131.329127,11.51));
#7042=CARTESIAN_POINT('',(227.837377,-131.329127,11.51));
#7043=CARTESIAN_POINT('',(227.898442,-131.394339,11.51));
#7044=CARTESIAN_POINT('',(227.837377,-131.329127,14.51));
#7045=CARTESIAN_POINT('',(227.898442,-131.394339,14.51));
#7046=CARTESIAN_POINT('',(227.837377,-131.329127,11.51));
#7047=CARTESIAN_POINT('Origin',(227.811387,-131.310395,11.51));
#7048=CARTESIAN_POINT('',(227.811387,-131.310395,11.51));
#7049=CARTESIAN_POINT('',(227.837377,-131.329127,11.51));
#7050=CARTESIAN_POINT('',(227.811387,-131.310395,14.51));
#7051=CARTESIAN_POINT('',(227.837377,-131.329127,14.51));
#7052=CARTESIAN_POINT('',(227.811387,-131.310395,11.51));
#7053=CARTESIAN_POINT('Origin',(227.690937,-131.25414,11.51));
#7054=CARTESIAN_POINT('',(227.690937,-131.25414,11.51));
#7055=CARTESIAN_POINT('',(227.811387,-131.310395,11.51));
#7056=CARTESIAN_POINT('',(227.690937,-131.25414,14.51));
#7057=CARTESIAN_POINT('',(227.811387,-131.310395,14.51));
#7058=CARTESIAN_POINT('',(227.690937,-131.25414,11.51));
#7059=CARTESIAN_POINT('Origin',(227.465,-131.253789,11.51));
#7060=CARTESIAN_POINT('',(227.465,-131.253789,11.51));
#7061=CARTESIAN_POINT('',(227.690937,-131.25414,11.51));
#7062=CARTESIAN_POINT('',(227.465,-131.253789,14.51));
#7063=CARTESIAN_POINT('',(227.690937,-131.25414,14.51));
#7064=CARTESIAN_POINT('',(227.465,-131.253789,11.51));
#7065=CARTESIAN_POINT('Origin',(227.465,-118.975,11.51));
#7066=CARTESIAN_POINT('',(227.465,-118.975,11.51));
#7067=CARTESIAN_POINT('',(227.465,-131.253789,11.51));
#7068=CARTESIAN_POINT('',(227.465,-118.975,14.51));
#7069=CARTESIAN_POINT('',(227.465,-131.253789,14.51));
#7070=CARTESIAN_POINT('',(227.465,-118.975,11.51));
#7071=CARTESIAN_POINT('Origin',(227.40500067984,-118.9749993201,11.51));
#7072=CARTESIAN_POINT('',(227.405,-118.914999999941,11.51));
#7073=CARTESIAN_POINT('Origin',(227.40500067984,-118.9749993201,11.51));
#7074=CARTESIAN_POINT('',(227.405,-118.914999999941,14.51));
#7075=CARTESIAN_POINT('Origin',(227.40500067984,-118.9749993201,14.51));
#7076=CARTESIAN_POINT('',(227.405,-118.914999999941,11.51));
#7077=CARTESIAN_POINT('Origin',(213.435,-118.914999999941,11.51));
#7078=CARTESIAN_POINT('',(227.405,-118.914999999941,11.51));
#7079=CARTESIAN_POINT('',(227.405,-118.914999999941,14.51));
#7080=CARTESIAN_POINT('Origin',(221.5,-71.1,11.51));
#7081=CARTESIAN_POINT('',(224.559999,-71.1,14.51));
#7082=CARTESIAN_POINT('Origin',(221.5,-71.1,14.51));
#7083=CARTESIAN_POINT('',(224.559999,-71.1,11.51));
#7084=CARTESIAN_POINT('',(224.559999,-71.1,11.51));
#7085=CARTESIAN_POINT('Origin',(221.5,-71.1,11.51));
#7086=CARTESIAN_POINT('Origin',(152.5,-153.,11.51));
#7087=CARTESIAN_POINT('',(152.5,-153.,11.51));
#7088=CARTESIAN_POINT('',(252.5,-153.,11.51));
#7089=CARTESIAN_POINT('',(152.5,-153.,11.51));
#7090=CARTESIAN_POINT('',(252.5,-153.,14.51));
#7091=CARTESIAN_POINT('',(252.5,-153.,11.51));
#7092=CARTESIAN_POINT('',(152.5,-153.,14.51));
#7093=CARTESIAN_POINT('',(152.5,-153.,14.51));
#7094=CARTESIAN_POINT('',(152.5,-153.,11.51));
#7095=CARTESIAN_POINT('Origin',(152.5,-33.,11.51));
#7096=CARTESIAN_POINT('',(152.5,-33.,11.51));
#7097=CARTESIAN_POINT('',(152.5,-33.,11.51));
#7098=CARTESIAN_POINT('',(152.5,-33.,14.51));
#7099=CARTESIAN_POINT('',(152.5,-33.,14.51));
#7100=CARTESIAN_POINT('',(152.5,-33.,11.51));
#7101=CARTESIAN_POINT('Origin',(252.5,-33.,11.51));
#7102=CARTESIAN_POINT('',(252.5,-33.,11.51));
#7103=CARTESIAN_POINT('',(252.5,-33.,11.51));
#7104=CARTESIAN_POINT('',(252.5,-33.,14.51));
#7105=CARTESIAN_POINT('',(252.5,-33.,14.51));
#7106=CARTESIAN_POINT('',(252.5,-33.,11.51));
#7107=CARTESIAN_POINT('Origin',(252.5,-153.,11.51));
#7108=CARTESIAN_POINT('',(252.5,-153.,11.51));
#7109=CARTESIAN_POINT('',(252.5,-153.,14.51));
#7110=CARTESIAN_POINT('Origin',(202.5,-93.,14.51));
#7111=CARTESIAN_POINT('Origin',(202.5,-93.,11.51));
#7112=CARTESIAN_POINT('',(0.,0.,0.));
#7113=CARTESIAN_POINT('',(0.,0.,0.));
#7114=UNCERTAINTY_MEASURE_WITH_UNIT(LENGTH_MEASURE(0.01),#7122,
'DISTANCE_ACCURACY_VALUE',
'Maximum model space distance between geometric entities at asserted c
onnectivities');
#7115=UNCERTAINTY_MEASURE_WITH_UNIT(LENGTH_MEASURE(0.01),#7122,
'DISTANCE_ACCURACY_VALUE',
'Maximum model space distance between geometric entities at asserted c
onnectivities');
#7116=UNCERTAINTY_MEASURE_WITH_UNIT(LENGTH_MEASURE(0.01),#7122,
'DISTANCE_ACCURACY_VALUE',
'Maximum model space distance between geometric entities at asserted c
onnectivities');
#7117=UNCERTAINTY_MEASURE_WITH_UNIT(LENGTH_MEASURE(0.01),#7122,
'DISTANCE_ACCURACY_VALUE',
'Maximum model space distance between geometric entities at asserted c
onnectivities');
#7118=(
GEOMETRIC_REPRESENTATION_CONTEXT(3)
GLOBAL_UNCERTAINTY_ASSIGNED_CONTEXT((#7114))
GLOBAL_UNIT_ASSIGNED_CONTEXT((#7122,#7124,#7125))
REPRESENTATION_CONTEXT('','3D')
);
#7119=(
GEOMETRIC_REPRESENTATION_CONTEXT(3)
GLOBAL_UNCERTAINTY_ASSIGNED_CONTEXT((#7115))
GLOBAL_UNIT_ASSIGNED_CONTEXT((#7122,#7124,#7125))
REPRESENTATION_CONTEXT('','3D')
);
#7120=(
GEOMETRIC_REPRESENTATION_CONTEXT(3)
GLOBAL_UNCERTAINTY_ASSIGNED_CONTEXT((#7116))
GLOBAL_UNIT_ASSIGNED_CONTEXT((#7122,#7124,#7125))
REPRESENTATION_CONTEXT('','3D')
);
#7121=(
GEOMETRIC_REPRESENTATION_CONTEXT(3)
GLOBAL_UNCERTAINTY_ASSIGNED_CONTEXT((#7117))
GLOBAL_UNIT_ASSIGNED_CONTEXT((#7122,#7124,#7125))
REPRESENTATION_CONTEXT('','3D')
);
#7122=(
LENGTH_UNIT()
NAMED_UNIT(*)
SI_UNIT(.MILLI.,.METRE.)
);
#7123=(
LENGTH_UNIT()
NAMED_UNIT(*)
SI_UNIT($,.METRE.)
);
#7124=(
NAMED_UNIT(*)
PLANE_ANGLE_UNIT()
SI_UNIT($,.RADIAN.)
);
#7125=(
NAMED_UNIT(*)
SI_UNIT($,.STERADIAN.)
SOLID_ANGLE_UNIT()
);
#7126=SHAPE_DEFINITION_REPRESENTATION(#7129,#7134);
#7127=SHAPE_DEFINITION_REPRESENTATION(#7130,#7135);
#7128=SHAPE_DEFINITION_REPRESENTATION(#7131,#7136);
#7129=PRODUCT_DEFINITION_SHAPE('',$,#7138);
#7130=PRODUCT_DEFINITION_SHAPE('',$,#7139);
#7131=PRODUCT_DEFINITION_SHAPE('',$,#7140);
#7132=PRODUCT_DEFINITION_SHAPE($,$,#17);
#7133=PRODUCT_DEFINITION_SHAPE($,$,#18);
#7134=SHAPE_REPRESENTATION('',(#4354,#4686),#7118);
#7135=SHAPE_REPRESENTATION('',(#4355,#4685),#7119);
#7136=SHAPE_REPRESENTATION('',(#4356),#7120);
#7137=PRODUCT_DEFINITION_CONTEXT('part definition',#7148,'design');
#7138=PRODUCT_DEFINITION('MacroPad-PCB 1','MacroPad-PCB',#7141,#7137);
#7139=PRODUCT_DEFINITION('2026-07-22-08-59-05-243','bottom_case',#7142,
#7137);
#7140=PRODUCT_DEFINITION('2026-07-22-11-09-49-385','top_case',#7143,#7137);
#7141=PRODUCT_DEFINITION_FORMATION('',$,#7150);
#7142=PRODUCT_DEFINITION_FORMATION('',$,#7151);
#7143=PRODUCT_DEFINITION_FORMATION('',$,#7152);
#7144=PRODUCT_RELATED_PRODUCT_CATEGORY('MacroPad-PCB','MacroPad-PCB',(#7150));
#7145=PRODUCT_RELATED_PRODUCT_CATEGORY('bottom_case','bottom_case',(#7151));
#7146=PRODUCT_RELATED_PRODUCT_CATEGORY('top_case','top_case',(#7152));
#7147=APPLICATION_PROTOCOL_DEFINITION('international standard',
'automotive_design',2009,#7148);
#7148=APPLICATION_CONTEXT(
'Core Data for Automotive Mechanical Design Process');
#7149=PRODUCT_CONTEXT('part definition',#7148,'mechanical');
#7150=PRODUCT('MacroPad-PCB 1','MacroPad-PCB',
'KiCad electronic assembly',(#7149));
#7151=PRODUCT('2026-07-22-08-59-05-243','bottom_case',$,(#7149));
#7152=PRODUCT('2026-07-22-11-09-49-385','top_case',$,(#7149));
#7153=PRESENTATION_STYLE_ASSIGNMENT((#7154));
#7154=SURFACE_STYLE_USAGE(.BOTH.,#7155);
#7155=SURFACE_SIDE_STYLE('',(#7156));
#7156=SURFACE_STYLE_FILL_AREA(#7157);
#7157=FILL_AREA_STYLE('Steel - Satin',(#7158));
#7158=FILL_AREA_STYLE_COLOUR('Steel - Satin',#7159);
#7159=COLOUR_RGB('Steel - Satin',0.627450980392157,0.627450980392157,0.627450980392157);
ENDSEC;
END-ISO-10303-21;
